[
    {
        "query_id": "106_0",
        "wiki_title": "James Albert Duffy",
        "entity_id": "Q6128472"
    },
    {
        "query_id": "106_1",
        "wiki_title": "Kenneth Steiner",
        "entity_id": "Q391203"
    },
    {
        "query_id": "106_2",
        "wiki_title": "Kelvin Felix",
        "entity_id": "Q1738407"
    },
    {
        "query_id": "106_3",
        "wiki_title": "Petwo lwa",
        "entity_id": "Q7179433"
    },
    {
        "query_id": "106_4",
        "wiki_title": "Thomas Williams (Christadelphian)",
        "entity_id": "Q7795183"
    },
    {
        "query_id": "106_5",
        "wiki_title": "Paul the Apostle",
        "entity_id": "Q9200"
    },
    {
        "query_id": "106_6",
        "wiki_title": "William Jerome McCormack",
        "entity_id": "Q2579518"
    },
    {
        "query_id": "106_7",
        "wiki_title": "Silla",
        "entity_id": "Q28456"
    },
    {
        "query_id": "106_8",
        "wiki_title": "Francesco Bonifacio",
        "entity_id": "Q524388"
    },
    {
        "query_id": "106_9",
        "wiki_title": "Landgraviate of Hesse-Kassel",
        "entity_id": "Q168651"
    },
    {
        "query_id": "106_10",
        "wiki_title": "Edward Henry Howard",
        "entity_id": "Q1292523"
    },
    {
        "query_id": "106_11",
        "wiki_title": "Bill Clinton",
        "entity_id": "Q1124"
    },
    {
        "query_id": "106_12",
        "wiki_title": "Qutaylah bint Abd al-Uzza",
        "entity_id": "Q7273004"
    },
    {
        "query_id": "106_13",
        "wiki_title": "Muslims",
        "entity_id": "Q47740"
    },
    {
        "query_id": "106_14",
        "wiki_title": "Saint Stephen",
        "entity_id": "Q161775"
    },
    {
        "query_id": "106_15",
        "wiki_title": "Dinesh D'Souza",
        "entity_id": "Q1226328"
    },
    {
        "query_id": "106_16",
        "wiki_title": "Queen Victoria",
        "entity_id": "Q9439"
    },
    {
        "query_id": "106_17",
        "wiki_title": "Rumi",
        "entity_id": "Q43347"
    },
    {
        "query_id": "106_18",
        "wiki_title": "George Carey",
        "entity_id": "Q335458"
    },
    {
        "query_id": "106_19",
        "wiki_title": "Saint Patrick",
        "entity_id": "Q165479"
    },
    {
        "query_id": "106_20",
        "wiki_title": "Pierre-Antoine Paulo",
        "entity_id": "Q551082"
    },
    {
        "query_id": "106_21",
        "wiki_title": "Cao Wei",
        "entity_id": "Q320930"
    },
    {
        "query_id": "106_22",
        "wiki_title": "Boston College",
        "entity_id": "Q49118"
    },
    {
        "query_id": "106_23",
        "wiki_title": "Assumption of Mary",
        "entity_id": "Q162691"
    },
    {
        "query_id": "106_24",
        "wiki_title": "Carlos Duarte Costa",
        "entity_id": "Q710613"
    },
    {
        "query_id": "106_25",
        "wiki_title": "Southwestern Christian University",
        "entity_id": "Q7571400"
    },
    {
        "query_id": "106_26",
        "wiki_title": "'Abd al-Rahman ibn 'Awf",
        "entity_id": "Q1647771"
    },
    {
        "query_id": "106_27",
        "wiki_title": "Alderson Broaddus University",
        "entity_id": "Q4713754"
    },
    {
        "query_id": "106_28",
        "wiki_title": "Jewish cemetery",
        "entity_id": "Q846659"
    },
    {
        "query_id": "106_29",
        "wiki_title": "Walter Carey",
        "entity_id": "Q7964508"
    },
    {
        "query_id": "106_30",
        "wiki_title": "Alexander (son of Ivan Shishman)",
        "entity_id": "Q4718156"
    },
    {
        "query_id": "106_31",
        "wiki_title": "Bertrand Russell",
        "entity_id": "Q33760"
    },
    {
        "query_id": "106_32",
        "wiki_title": "Seventh-day Adventist Church",
        "entity_id": "Q104319"
    },
    {
        "query_id": "106_33",
        "wiki_title": "David Mills (author)",
        "entity_id": "Q5237581"
    },
    {
        "query_id": "106_34",
        "wiki_title": "James the Great",
        "entity_id": "Q43999"
    },
    {
        "query_id": "106_35",
        "wiki_title": "Francisco Pizarro",
        "entity_id": "Q44741"
    },
    {
        "query_id": "106_36",
        "wiki_title": "Sabine Baring-Gould",
        "entity_id": "Q1242472"
    },
    {
        "query_id": "106_37",
        "wiki_title": "Joseph-Médard Émard",
        "entity_id": "Q3184377"
    },
    {
        "query_id": "106_38",
        "wiki_title": "St. John Fisher College",
        "entity_id": "Q7588902"
    },
    {
        "query_id": "106_39",
        "wiki_title": "Bhikkhu",
        "entity_id": "Q854997"
    },
    {
        "query_id": "106_40",
        "wiki_title": "James Madison",
        "entity_id": "Q11813"
    },
    {
        "query_id": "106_41",
        "wiki_title": "Clemente Isnard",
        "entity_id": "Q434777"
    },
    {
        "query_id": "106_42",
        "wiki_title": "David",
        "entity_id": "Q41370"
    },
    {
        "query_id": "106_43",
        "wiki_title": "Paul Grégoire",
        "entity_id": "Q1349654"
    },
    {
        "query_id": "106_44",
        "wiki_title": "Assumption of Mary",
        "entity_id": "Q162691"
    },
    {
        "query_id": "106_45",
        "wiki_title": "Church of Norway",
        "entity_id": "Q666860"
    },
    {
        "query_id": "106_46",
        "wiki_title": "Frank White (bishop)",
        "entity_id": "Q5490326"
    },
    {
        "query_id": "106_47",
        "wiki_title": "Giovanni Diodati",
        "entity_id": "Q692115"
    },
    {
        "query_id": "106_48",
        "wiki_title": "Franciszek Rogaczewski",
        "entity_id": "Q445645"
    },
    {
        "query_id": "106_49",
        "wiki_title": "Henry Moule",
        "entity_id": "Q487200"
    },
    {
        "query_id": "106_50",
        "wiki_title": "State (religious life)",
        "entity_id": "Q18204606"
    },
    {
        "query_id": "106_51",
        "wiki_title": "Arturo Tabera Araoz",
        "entity_id": "Q715554"
    },
    {
        "query_id": "106_52",
        "wiki_title": "L. Ron Hubbard",
        "entity_id": "Q216896"
    },
    {
        "query_id": "106_53",
        "wiki_title": "Saint Matthias",
        "entity_id": "Q44020"
    },
    {
        "query_id": "106_54",
        "wiki_title": "Claus von Stauffenberg",
        "entity_id": "Q21209"
    },
    {
        "query_id": "106_55",
        "wiki_title": "Paul Shan Kuo-hsi",
        "entity_id": "Q367219"
    },
    {
        "query_id": "106_56",
        "wiki_title": "Cornell College",
        "entity_id": "Q5171517"
    },
    {
        "query_id": "106_57",
        "wiki_title": "Waalo",
        "entity_id": "Q206279"
    },
    {
        "query_id": "106_58",
        "wiki_title": "Ordinance (Latter Day Saints)",
        "entity_id": "Q7100794"
    },
    {
        "query_id": "106_59",
        "wiki_title": "Maximilian Kaller",
        "entity_id": "Q1914001"
    },
    {
        "query_id": "106_60",
        "wiki_title": "Alfred Reid (bishop)",
        "entity_id": "Q4723333"
    },
    {
        "query_id": "106_61",
        "wiki_title": "Mahmoud Taleghani",
        "entity_id": "Q1255284"
    },
    {
        "query_id": "106_62",
        "wiki_title": "Kevin C. Rhoades",
        "entity_id": "Q1740099"
    },
    {
        "query_id": "106_63",
        "wiki_title": "Joseph Merrick (missionary)",
        "entity_id": "Q6285517"
    },
    {
        "query_id": "106_64",
        "wiki_title": "Catholic Church",
        "entity_id": "Q9592"
    },
    {
        "query_id": "106_65",
        "wiki_title": "Simon Ntamwana",
        "entity_id": "Q556345"
    },
    {
        "query_id": "106_66",
        "wiki_title": "Wim Eijk",
        "entity_id": "Q45176"
    },
    {
        "query_id": "106_67",
        "wiki_title": "Sukarno",
        "entity_id": "Q76127"
    },
    {
        "query_id": "106_68",
        "wiki_title": "Kenneth Kennedy (bishop)",
        "entity_id": "Q6390314"
    },
    {
        "query_id": "106_69",
        "wiki_title": "Ajitanatha",
        "entity_id": "Q3351786"
    },
    {
        "query_id": "106_70",
        "wiki_title": "Muhammad Ali",
        "entity_id": "Q36107"
    },
    {
        "query_id": "106_71",
        "wiki_title": "Chekannur Maulavi",
        "entity_id": "Q5089739"
    },
    {
        "query_id": "106_72",
        "wiki_title": "Empire of Japan",
        "entity_id": "Q188712"
    },
    {
        "query_id": "106_73",
        "wiki_title": "Philip Neri",
        "entity_id": "Q217791"
    },
    {
        "query_id": "106_74",
        "wiki_title": "Manuel Aurelio Cruz",
        "entity_id": "Q251916"
    },
    {
        "query_id": "106_75",
        "wiki_title": "Belmont Abbey College",
        "entity_id": "Q4884322"
    },
    {
        "query_id": "106_76",
        "wiki_title": "Villa Maria College",
        "entity_id": "Q7930417"
    },
    {
        "query_id": "106_77",
        "wiki_title": "Ohio Northern University",
        "entity_id": "Q1683585"
    },
    {
        "query_id": "106_78",
        "wiki_title": "Valparaiso University",
        "entity_id": "Q186047"
    },
    {
        "query_id": "106_79",
        "wiki_title": "Gustavo García-Siller",
        "entity_id": "Q1556776"
    },
    {
        "query_id": "106_80",
        "wiki_title": "Father Jean Bernard",
        "entity_id": "Q543452"
    },
    {
        "query_id": "106_81",
        "wiki_title": "Kingdom of England",
        "entity_id": "Q179876"
    },
    {
        "query_id": "106_82",
        "wiki_title": "Baker University",
        "entity_id": "Q4849228"
    },
    {
        "query_id": "106_83",
        "wiki_title": "Gerald Frederick Kicanas",
        "entity_id": "Q1509874"
    },
    {
        "query_id": "106_84",
        "wiki_title": "Edmund A. Walsh",
        "entity_id": "Q1285929"
    },
    {
        "query_id": "106_85",
        "wiki_title": "Swedes",
        "entity_id": "Q165192"
    },
    {
        "query_id": "106_86",
        "wiki_title": "Lenni Brenner",
        "entity_id": "Q1818051"
    },
    {
        "query_id": "106_87",
        "wiki_title": "Saint Peter",
        "entity_id": "Q33923"
    },
    {
        "query_id": "106_88",
        "wiki_title": "Güshi Khan",
        "entity_id": "Q1333775"
    },
    {
        "query_id": "106_89",
        "wiki_title": "St. John's Church, Riga",
        "entity_id": "Q2568547"
    },
    {
        "query_id": "106_90",
        "wiki_title": "Kingdom of Hanover",
        "entity_id": "Q164079"
    },
    {
        "query_id": "106_91",
        "wiki_title": "Robert J. Fox",
        "entity_id": "Q7345878"
    },
    {
        "query_id": "106_92",
        "wiki_title": "Paul the Apostle",
        "entity_id": "Q9200"
    },
    {
        "query_id": "106_93",
        "wiki_title": "Lwa",
        "entity_id": "Q752920"
    },
    {
        "query_id": "106_94",
        "wiki_title": "Bede",
        "entity_id": "Q154938"
    },
    {
        "query_id": "106_95",
        "wiki_title": "Guadalupe Missionaries",
        "entity_id": "Q5613239"
    },
    {
        "query_id": "106_96",
        "wiki_title": "B. R. Ambedkar",
        "entity_id": "Q231690"
    },
    {
        "query_id": "106_97",
        "wiki_title": "Andrew the Apostle",
        "entity_id": "Q43399"
    },
    {
        "query_id": "106_98",
        "wiki_title": "John Richardson (bishop of Bedford)",
        "entity_id": "Q6254817"
    },
    {
        "query_id": "106_99",
        "wiki_title": "Muhammad",
        "entity_id": "Q9458"
    },
    {
        "query_id": "106_100",
        "wiki_title": "T. S. Eliot",
        "entity_id": "Q37767"
    },
    {
        "query_id": "106_101",
        "wiki_title": "Shenandoah University",
        "entity_id": "Q1799245"
    },
    {
        "query_id": "106_102",
        "wiki_title": "Saint David",
        "entity_id": "Q331697"
    },
    {
        "query_id": "106_103",
        "wiki_title": "Frederick William IV of Prussia",
        "entity_id": "Q57180"
    },
    {
        "query_id": "106_104",
        "wiki_title": "Johann Sebastian Bach",
        "entity_id": "Q1339"
    },
    {
        "query_id": "106_105",
        "wiki_title": "Iman (model)",
        "entity_id": "Q256531"
    },
    {
        "query_id": "106_106",
        "wiki_title": "Andrew Dũng-Lạc",
        "entity_id": "Q496924"
    },
    {
        "query_id": "106_107",
        "wiki_title": "Muhammad Qutb",
        "entity_id": "Q2614690"
    },
    {
        "query_id": "106_108",
        "wiki_title": "Pope Marcellus II",
        "entity_id": "Q101776"
    },
    {
        "query_id": "106_109",
        "wiki_title": "John Neville Figgis",
        "entity_id": "Q7004688"
    },
    {
        "query_id": "106_110",
        "wiki_title": "Pope Gregory I",
        "entity_id": "Q42827"
    },
    {
        "query_id": "106_111",
        "wiki_title": "Cecil Warren",
        "entity_id": "Q5056347"
    },
    {
        "query_id": "106_112",
        "wiki_title": "Rino Fisichella",
        "entity_id": "Q552237"
    },
    {
        "query_id": "106_113",
        "wiki_title": "Oliver O'Grady",
        "entity_id": "Q354590"
    },
    {
        "query_id": "106_114",
        "wiki_title": "United Theological Seminary of the Twin Cities",
        "entity_id": "Q7893604"
    },
    {
        "query_id": "106_115",
        "wiki_title": "Thomas Cooray",
        "entity_id": "Q592643"
    },
    {
        "query_id": "106_116",
        "wiki_title": "Gabriel Sharma",
        "entity_id": "Q5515850"
    },
    {
        "query_id": "106_117",
        "wiki_title": "Juan Soldevilla y Romero",
        "entity_id": "Q717800"
    },
    {
        "query_id": "106_118",
        "wiki_title": "Adam Exner",
        "entity_id": "Q349900"
    },
    {
        "query_id": "106_119",
        "wiki_title": "Saint",
        "entity_id": "Q43115"
    },
    {
        "query_id": "106_120",
        "wiki_title": "Rama",
        "entity_id": "Q160213"
    },
    {
        "query_id": "106_121",
        "wiki_title": "Thomas Aquinas College",
        "entity_id": "Q7787106"
    },
    {
        "query_id": "106_122",
        "wiki_title": "William Ames",
        "entity_id": "Q1374720"
    },
    {
        "query_id": "106_123",
        "wiki_title": "Hafez",
        "entity_id": "Q6240"
    },
    {
        "query_id": "106_124",
        "wiki_title": "Carlo Curis",
        "entity_id": "Q465797"
    },
    {
        "query_id": "106_125",
        "wiki_title": "Refuge in Buddhism",
        "entity_id": "Q228220"
    },
    {
        "query_id": "106_126",
        "wiki_title": "Romanian Greek Catholic Church",
        "entity_id": "Q856349"
    },
    {
        "query_id": "106_127",
        "wiki_title": "Ashland University",
        "entity_id": "Q986122"
    },
    {
        "query_id": "106_128",
        "wiki_title": "Felix Gmür",
        "entity_id": "Q115977"
    },
    {
        "query_id": "106_129",
        "wiki_title": "Gianfranco Ravasi",
        "entity_id": "Q531594"
    },
    {
        "query_id": "106_130",
        "wiki_title": "Armenians",
        "entity_id": "Q79797"
    },
    {
        "query_id": "106_131",
        "wiki_title": "John Gwynn (priest)",
        "entity_id": "Q6236672"
    },
    {
        "query_id": "106_132",
        "wiki_title": "Saint Patrick",
        "entity_id": "Q165479"
    },
    {
        "query_id": "106_133",
        "wiki_title": "Joseph MacRory",
        "entity_id": "Q1707550"
    },
    {
        "query_id": "106_134",
        "wiki_title": "LeMoyne–Owen College",
        "entity_id": "Q6506386"
    },
    {
        "query_id": "106_135",
        "wiki_title": "Bilal ibn Rabah",
        "entity_id": "Q493136"
    },
    {
        "query_id": "106_136",
        "wiki_title": "Loyalist (American Revolution)",
        "entity_id": "Q935481"
    },
    {
        "query_id": "106_137",
        "wiki_title": "Abdulla al-Hadj",
        "entity_id": "Q2594691"
    },
    {
        "query_id": "106_138",
        "wiki_title": "Timothy Manning",
        "entity_id": "Q1934339"
    },
    {
        "query_id": "106_139",
        "wiki_title": "James VI and I",
        "entity_id": "Q79972"
    },
    {
        "query_id": "106_140",
        "wiki_title": "Arabs",
        "entity_id": "Q35323"
    },
    {
        "query_id": "106_141",
        "wiki_title": "Paschal Triduum",
        "entity_id": "Q665944"
    },
    {
        "query_id": "106_142",
        "wiki_title": "Arabs",
        "entity_id": "Q35323"
    },
    {
        "query_id": "106_143",
        "wiki_title": "Thomas Jefferson",
        "entity_id": "Q11812"
    },
    {
        "query_id": "106_144",
        "wiki_title": "Faithful (baptized Catholic)",
        "entity_id": "Q5431283"
    },
    {
        "query_id": "106_145",
        "wiki_title": "Joseph Schubert (bishop)",
        "entity_id": "Q821766"
    },
    {
        "query_id": "106_146",
        "wiki_title": "Caesar Baronius",
        "entity_id": "Q317900"
    },
    {
        "query_id": "106_147",
        "wiki_title": "Brigham Young University",
        "entity_id": "Q332498"
    },
    {
        "query_id": "106_148",
        "wiki_title": "Bellino Giusto Ghirard",
        "entity_id": "Q815990"
    },
    {
        "query_id": "106_149",
        "wiki_title": "Heinrich Fasching",
        "entity_id": "Q89160"
    },
    {
        "query_id": "106_150",
        "wiki_title": "Mahavira",
        "entity_id": "Q9422"
    },
    {
        "query_id": "106_151",
        "wiki_title": "Angelo Maria Rivato",
        "entity_id": "Q536175"
    },
    {
        "query_id": "106_152",
        "wiki_title": "Sisters of the Cross and Passion",
        "entity_id": "Q7531388"
    },
    {
        "query_id": "106_153",
        "wiki_title": "Stefan the First-Crowned",
        "entity_id": "Q24445"
    },
    {
        "query_id": "106_154",
        "wiki_title": "Homoousion",
        "entity_id": "Q988243"
    },
    {
        "query_id": "106_155",
        "wiki_title": "Marian University (Indiana)",
        "entity_id": "Q6761994"
    },
    {
        "query_id": "106_156",
        "wiki_title": "Kumail Nanjiani",
        "entity_id": "Q6443390"
    },
    {
        "query_id": "106_157",
        "wiki_title": "Magi",
        "entity_id": "Q876933"
    },
    {
        "query_id": "106_158",
        "wiki_title": "Ruth Hurmence Green",
        "entity_id": "Q7383047"
    },
    {
        "query_id": "106_159",
        "wiki_title": "Mihnea Turcitul",
        "entity_id": "Q942690"
    },
    {
        "query_id": "106_160",
        "wiki_title": "Samuel Johnson",
        "entity_id": "Q183266"
    },
    {
        "query_id": "106_161",
        "wiki_title": "Jesus in Islam",
        "entity_id": "Q51664"
    },
    {
        "query_id": "106_162",
        "wiki_title": "Ivan Illich",
        "entity_id": "Q84186"
    },
    {
        "query_id": "106_163",
        "wiki_title": "Walter James Fitzgerald",
        "entity_id": "Q7965257"
    },
    {
        "query_id": "106_164",
        "wiki_title": "Anne, Queen of Great Britain",
        "entity_id": "Q119702"
    },
    {
        "query_id": "106_165",
        "wiki_title": "Lord's Prayer",
        "entity_id": "Q23393"
    },
    {
        "query_id": "106_166",
        "wiki_title": "Covenant Theological Seminary",
        "entity_id": "Q4118781"
    },
    {
        "query_id": "106_167",
        "wiki_title": "Angelo Thomas Acerra",
        "entity_id": "Q2039448"
    },
    {
        "query_id": "106_168",
        "wiki_title": "Hebrew Theological College",
        "entity_id": "Q16842091"
    },
    {
        "query_id": "106_169",
        "wiki_title": "Ottawa University",
        "entity_id": "Q7109265"
    },
    {
        "query_id": "106_170",
        "wiki_title": "Baba Shah Jamal",
        "entity_id": "Q7461286"
    },
    {
        "query_id": "106_171",
        "wiki_title": "Grand Duchy of Finland",
        "entity_id": "Q62633"
    },
    {
        "query_id": "106_172",
        "wiki_title": "Trevor Mwamba",
        "entity_id": "Q7839342"
    },
    {
        "query_id": "106_173",
        "wiki_title": "Saint Lea",
        "entity_id": "Q273987"
    },
    {
        "query_id": "106_174",
        "wiki_title": "Austrian Empire",
        "entity_id": "Q131964"
    },
    {
        "query_id": "106_175",
        "wiki_title": "Frank Joseph Dewane",
        "entity_id": "Q1443512"
    },
    {
        "query_id": "106_176",
        "wiki_title": "Joseph Bambera",
        "entity_id": "Q1706752"
    },
    {
        "query_id": "106_177",
        "wiki_title": "Institute of the Incarnate Word",
        "entity_id": "Q1058751"
    },
    {
        "query_id": "106_178",
        "wiki_title": "Richard Field (theologian)",
        "entity_id": "Q7325668"
    },
    {
        "query_id": "106_179",
        "wiki_title": "José Cardoso Sobrinho",
        "entity_id": "Q1709077"
    },
    {
        "query_id": "106_180",
        "wiki_title": "John Jukes",
        "entity_id": "Q1563298"
    },
    {
        "query_id": "106_181",
        "wiki_title": "Spring Arbor University",
        "entity_id": "Q7580375"
    },
    {
        "query_id": "106_182",
        "wiki_title": "William III of England",
        "entity_id": "Q129987"
    },
    {
        "query_id": "106_183",
        "wiki_title": "Chad Varah",
        "entity_id": "Q725542"
    },
    {
        "query_id": "106_184",
        "wiki_title": "Pope Alexander VII",
        "entity_id": "Q127254"
    },
    {
        "query_id": "106_185",
        "wiki_title": "Eastern Mennonite University",
        "entity_id": "Q1278210"
    },
    {
        "query_id": "106_186",
        "wiki_title": "Loon (rapper)",
        "entity_id": "Q706911"
    },
    {
        "query_id": "106_187",
        "wiki_title": "Muhammad Qasim Nanautavi",
        "entity_id": "Q3696225"
    },
    {
        "query_id": "106_188",
        "wiki_title": "Martin Holley",
        "entity_id": "Q187965"
    },
    {
        "query_id": "106_189",
        "wiki_title": "Pir (Sufism)",
        "entity_id": "Q268385"
    },
    {
        "query_id": "106_190",
        "wiki_title": "Marilyn Monroe",
        "entity_id": "Q4616"
    },
    {
        "query_id": "106_191",
        "wiki_title": "Pope Honorius III",
        "entity_id": "Q160182"
    },
    {
        "query_id": "106_192",
        "wiki_title": "Synagogue",
        "entity_id": "Q34627"
    },
    {
        "query_id": "106_193",
        "wiki_title": "Sur Empire",
        "entity_id": "Q373650"
    },
    {
        "query_id": "106_194",
        "wiki_title": "François Gayot",
        "entity_id": "Q971602"
    },
    {
        "query_id": "106_195",
        "wiki_title": "Andover Newton Theological School",
        "entity_id": "Q4754626"
    },
    {
        "query_id": "106_196",
        "wiki_title": "Wahshi ibn Harb",
        "entity_id": "Q2738852"
    },
    {
        "query_id": "106_197",
        "wiki_title": "Spain",
        "entity_id": "Q29"
    },
    {
        "query_id": "106_198",
        "wiki_title": "Ali Ibn Ibrahim Qomi",
        "entity_id": "Q5217718"
    },
    {
        "query_id": "106_199",
        "wiki_title": "Humbert of Silva Candida",
        "entity_id": "Q68335"
    },
    {
        "query_id": "106_200",
        "wiki_title": "Father Damien",
        "entity_id": "Q232785"
    },
    {
        "query_id": "106_201",
        "wiki_title": "Jean-Claude Courveille",
        "entity_id": "Q3164921"
    },
    {
        "query_id": "106_202",
        "wiki_title": "George VI",
        "entity_id": "Q280856"
    },
    {
        "query_id": "106_203",
        "wiki_title": "Pope Alexander I",
        "entity_id": "Q80028"
    },
    {
        "query_id": "106_204",
        "wiki_title": "Ricardo Watty Urquidi",
        "entity_id": "Q1347358"
    },
    {
        "query_id": "106_205",
        "wiki_title": "Grand Duchy of Finland",
        "entity_id": "Q62633"
    },
    {
        "query_id": "106_206",
        "wiki_title": "Vladimir Putin",
        "entity_id": "Q7747"
    },
    {
        "query_id": "106_207",
        "wiki_title": "Antonio Hernández Gallegos",
        "entity_id": "Q1967851"
    },
    {
        "query_id": "106_208",
        "wiki_title": "Abraham Lincoln",
        "entity_id": "Q91"
    },
    {
        "query_id": "106_209",
        "wiki_title": "Tokugawa shogunate",
        "entity_id": "Q205662"
    },
    {
        "query_id": "106_210",
        "wiki_title": "William Preston (bishop)",
        "entity_id": "Q8017068"
    },
    {
        "query_id": "106_211",
        "wiki_title": "Gustav Adolf, Cardinal Prince of Hohenlohe-Schillingsfürst",
        "entity_id": "Q1348176"
    },
    {
        "query_id": "106_212",
        "wiki_title": "Catholic Theological Union",
        "entity_id": "Q5053247"
    },
    {
        "query_id": "106_213",
        "wiki_title": "Giacomo Biffi",
        "entity_id": "Q81156"
    },
    {
        "query_id": "106_214",
        "wiki_title": "Jacob",
        "entity_id": "Q289957"
    },
    {
        "query_id": "106_215",
        "wiki_title": "Colin James (bishop)",
        "entity_id": "Q336504"
    },
    {
        "query_id": "106_216",
        "wiki_title": "Texas College",
        "entity_id": "Q7707584"
    },
    {
        "query_id": "106_217",
        "wiki_title": "Union of Catholic Asian News",
        "entity_id": "Q7886524"
    },
    {
        "query_id": "106_218",
        "wiki_title": "James VI and I",
        "entity_id": "Q79972"
    },
    {
        "query_id": "106_219",
        "wiki_title": "First Bulgarian Empire",
        "entity_id": "Q203817"
    },
    {
        "query_id": "106_220",
        "wiki_title": "Elizabeth II",
        "entity_id": "Q9682"
    },
    {
        "query_id": "106_221",
        "wiki_title": "Giacinto Berloco",
        "entity_id": "Q950870"
    },
    {
        "query_id": "106_222",
        "wiki_title": "Maximilian I of Mexico",
        "entity_id": "Q84192"
    },
    {
        "query_id": "106_223",
        "wiki_title": "Joseph Cardijn",
        "entity_id": "Q469580"
    },
    {
        "query_id": "106_224",
        "wiki_title": "Judaizers",
        "entity_id": "Q1710868"
    },
    {
        "query_id": "106_225",
        "wiki_title": "John Motley Morehead",
        "entity_id": "Q883859"
    },
    {
        "query_id": "106_226",
        "wiki_title": "Evo Morales",
        "entity_id": "Q42410"
    },
    {
        "query_id": "106_227",
        "wiki_title": "Girolamo Maria Gotti",
        "entity_id": "Q1369805"
    },
    {
        "query_id": "106_228",
        "wiki_title": "Averett University",
        "entity_id": "Q4828300"
    },
    {
        "query_id": "106_229",
        "wiki_title": "Kingdom of Sussex",
        "entity_id": "Q676184"
    },
    {
        "query_id": "106_230",
        "wiki_title": "Cosmo Francesco Ruppi",
        "entity_id": "Q1136150"
    },
    {
        "query_id": "106_231",
        "wiki_title": "José Palmeira Lessa",
        "entity_id": "Q1709552"
    },
    {
        "query_id": "106_232",
        "wiki_title": "University of Evansville",
        "entity_id": "Q4026988"
    },
    {
        "query_id": "106_233",
        "wiki_title": "Bishop",
        "entity_id": "Q29182"
    },
    {
        "query_id": "106_234",
        "wiki_title": "St. Albert's Church, Riga",
        "entity_id": "Q7586756"
    },
    {
        "query_id": "106_235",
        "wiki_title": "Muscat and Oman",
        "entity_id": "Q157734"
    },
    {
        "query_id": "106_236",
        "wiki_title": "David Livingstone",
        "entity_id": "Q48373"
    },
    {
        "query_id": "106_237",
        "wiki_title": "University of Portland",
        "entity_id": "Q513658"
    },
    {
        "query_id": "106_238",
        "wiki_title": "California Lutheran University",
        "entity_id": "Q1026831"
    },
    {
        "query_id": "106_239",
        "wiki_title": "Muhammad Ali",
        "entity_id": "Q36107"
    },
    {
        "query_id": "106_240",
        "wiki_title": "Enchin",
        "entity_id": "Q1972505"
    },
    {
        "query_id": "106_241",
        "wiki_title": "Niccolò Marini",
        "entity_id": "Q1987293"
    },
    {
        "query_id": "106_242",
        "wiki_title": "James MacManaway (bishop)",
        "entity_id": "Q6138654"
    },
    {
        "query_id": "106_243",
        "wiki_title": "Sanyika Shakur",
        "entity_id": "Q6171002"
    },
    {
        "query_id": "106_244",
        "wiki_title": "Afghanistan",
        "entity_id": "Q889"
    },
    {
        "query_id": "106_245",
        "wiki_title": "Lutheran Theological Seminary at Philadelphia",
        "entity_id": "Q6705747"
    },
    {
        "query_id": "106_246",
        "wiki_title": "Bernard Yago",
        "entity_id": "Q822804"
    },
    {
        "query_id": "106_247",
        "wiki_title": "Paul Bruchési",
        "entity_id": "Q799817"
    },
    {
        "query_id": "106_248",
        "wiki_title": "Muhammad Ali",
        "entity_id": "Q36107"
    },
    {
        "query_id": "106_249",
        "wiki_title": "Santa Clara University",
        "entity_id": "Q992830"
    },
    {
        "query_id": "106_250",
        "wiki_title": "Bernard William Schmitt",
        "entity_id": "Q822759"
    },
    {
        "query_id": "106_251",
        "wiki_title": "William Peters (painter)",
        "entity_id": "Q8016821"
    },
    {
        "query_id": "106_252",
        "wiki_title": "Patrick Sheridan",
        "entity_id": "Q1406867"
    },
    {
        "query_id": "106_253",
        "wiki_title": "Mark Twain",
        "entity_id": "Q7245"
    },
    {
        "query_id": "106_254",
        "wiki_title": "Kingdom of Kent",
        "entity_id": "Q328818"
    },
    {
        "query_id": "106_255",
        "wiki_title": "Pope Francis",
        "entity_id": "Q450675"
    },
    {
        "query_id": "106_256",
        "wiki_title": "Lwa",
        "entity_id": "Q752920"
    },
    {
        "query_id": "106_257",
        "wiki_title": "Southwestern University",
        "entity_id": "Q3551493"
    },
    {
        "query_id": "106_258",
        "wiki_title": "Carl Linnaeus",
        "entity_id": "Q1043"
    },
    {
        "query_id": "106_259",
        "wiki_title": "Titus Brandsma",
        "entity_id": "Q454645"
    },
    {
        "query_id": "106_260",
        "wiki_title": "James I of Aragon",
        "entity_id": "Q212052"
    },
    {
        "query_id": "106_261",
        "wiki_title": "Assumption College for Sisters",
        "entity_id": "Q4810350"
    },
    {
        "query_id": "106_262",
        "wiki_title": "Matthew the Apostle",
        "entity_id": "Q43600"
    },
    {
        "query_id": "106_263",
        "wiki_title": "Pope John Paul I",
        "entity_id": "Q37278"
    },
    {
        "query_id": "106_264",
        "wiki_title": "Choir monk",
        "entity_id": "Q5104072"
    },
    {
        "query_id": "106_265",
        "wiki_title": "Bourbon Restoration in France",
        "entity_id": "Q207162"
    },
    {
        "query_id": "106_266",
        "wiki_title": "Frank Pavone",
        "entity_id": "Q5488928"
    },
    {
        "query_id": "106_267",
        "wiki_title": "University of San Diego",
        "entity_id": "Q262663"
    },
    {
        "query_id": "106_268",
        "wiki_title": "Ali",
        "entity_id": "Q39619"
    },
    {
        "query_id": "106_269",
        "wiki_title": "Leonard R. Brand",
        "entity_id": "Q6525648"
    },
    {
        "query_id": "106_270",
        "wiki_title": "American University",
        "entity_id": "Q168000"
    },
    {
        "query_id": "106_271",
        "wiki_title": "Paolo Sardi",
        "entity_id": "Q920493"
    },
    {
        "query_id": "106_272",
        "wiki_title": "Hafsid dynasty",
        "entity_id": "Q752662"
    },
    {
        "query_id": "106_273",
        "wiki_title": "Kenneth Leech",
        "entity_id": "Q6390369"
    },
    {
        "query_id": "106_274",
        "wiki_title": "Disabilities (Catholics)",
        "entity_id": "Q19587193"
    },
    {
        "query_id": "106_275",
        "wiki_title": "George Washington",
        "entity_id": "Q23"
    },
    {
        "query_id": "106_276",
        "wiki_title": "Juan Benlloch i Vivó",
        "entity_id": "Q526235"
    },
    {
        "query_id": "106_277",
        "wiki_title": "Rama",
        "entity_id": "Q160213"
    },
    {
        "query_id": "106_278",
        "wiki_title": "James Uno",
        "entity_id": "Q6144525"
    },
    {
        "query_id": "106_279",
        "wiki_title": "Living Lutheran",
        "entity_id": "Q7749202"
    },
    {
        "query_id": "106_280",
        "wiki_title": "Mount St. Mary's University",
        "entity_id": "Q6923804"
    },
    {
        "query_id": "106_281",
        "wiki_title": "John White (Christian author)",
        "entity_id": "Q11133250"
    },
    {
        "query_id": "106_282",
        "wiki_title": "Pedro Lisímaco de Jesús Vílchez Vílchez",
        "entity_id": "Q2066604"
    },
    {
        "query_id": "106_283",
        "wiki_title": "Spring Hill College",
        "entity_id": "Q5591503"
    },
    {
        "query_id": "106_284",
        "wiki_title": "Birmingham–Southern College",
        "entity_id": "Q4916871"
    },
    {
        "query_id": "106_285",
        "wiki_title": "Abu-l-Hasan Ali ibn Ruburtayr",
        "entity_id": "Q15476255"
    },
    {
        "query_id": "106_286",
        "wiki_title": "Mark Lindley",
        "entity_id": "Q984289"
    },
    {
        "query_id": "106_287",
        "wiki_title": "Robert Milman",
        "entity_id": "Q7347696"
    },
    {
        "query_id": "106_288",
        "wiki_title": "Vitellozzo Vitelli",
        "entity_id": "Q2714004"
    },
    {
        "query_id": "106_289",
        "wiki_title": "Virgin (title)",
        "entity_id": "Q1713434"
    },
    {
        "query_id": "106_290",
        "wiki_title": "Albert Braun",
        "entity_id": "Q4709793"
    },
    {
        "query_id": "106_291",
        "wiki_title": "Santa Maria Antica, Verona",
        "entity_id": "Q3673253"
    },
    {
        "query_id": "106_292",
        "wiki_title": "Regis University",
        "entity_id": "Q649299"
    },
    {
        "query_id": "106_293",
        "wiki_title": "Trocaire College",
        "entity_id": "Q7844818"
    },
    {
        "query_id": "106_294",
        "wiki_title": "Xavier University of Louisiana",
        "entity_id": "Q390087"
    },
    {
        "query_id": "106_295",
        "wiki_title": "Jewish Theological Seminary of America",
        "entity_id": "Q1688743"
    },
    {
        "query_id": "106_296",
        "wiki_title": "Muhammad Said Ramadan al-Bouti",
        "entity_id": "Q402245"
    },
    {
        "query_id": "106_297",
        "wiki_title": "Kenneth Bevan",
        "entity_id": "Q135571"
    },
    {
        "query_id": "106_298",
        "wiki_title": "Assumption of Mary",
        "entity_id": "Q162691"
    },
    {
        "query_id": "106_299",
        "wiki_title": "Tabor College (Kansas)",
        "entity_id": "Q7673530"
    },
    {
        "query_id": "106_300",
        "wiki_title": "Aung San Suu Kyi",
        "entity_id": "Q36740"
    },
    {
        "query_id": "106_301",
        "wiki_title": "Princess Milica of Serbia",
        "entity_id": "Q439595"
    },
    {
        "query_id": "106_302",
        "wiki_title": "Pope Innocent I",
        "entity_id": "Q134694"
    },
    {
        "query_id": "106_303",
        "wiki_title": "Benjamin Marc Ramaroson",
        "entity_id": "Q328166"
    },
    {
        "query_id": "106_304",
        "wiki_title": "St George's Cathedral, London",
        "entity_id": "Q1026917"
    },
    {
        "query_id": "106_305",
        "wiki_title": "Nikola Eterović",
        "entity_id": "Q1990608"
    },
    {
        "query_id": "106_306",
        "wiki_title": "Graham Dow",
        "entity_id": "Q1541911"
    },
    {
        "query_id": "106_307",
        "wiki_title": "Blaise Pascal",
        "entity_id": "Q1290"
    },
    {
        "query_id": "106_308",
        "wiki_title": "Gautama Buddha",
        "entity_id": "Q9441"
    },
    {
        "query_id": "106_309",
        "wiki_title": "Jesus",
        "entity_id": "Q302"
    },
    {
        "query_id": "106_310",
        "wiki_title": "Tang dynasty",
        "entity_id": "Q9683"
    },
    {
        "query_id": "106_311",
        "wiki_title": "Linfield University",
        "entity_id": "Q6553672"
    },
    {
        "query_id": "106_312",
        "wiki_title": "Randall University",
        "entity_id": "Q14708443"
    },
    {
        "query_id": "106_313",
        "wiki_title": "Byzantine Empire",
        "entity_id": "Q12544"
    },
    {
        "query_id": "106_314",
        "wiki_title": "Muhammad",
        "entity_id": "Q9458"
    },
    {
        "query_id": "106_315",
        "wiki_title": "Northland Scholars Academy",
        "entity_id": "Q15402042"
    },
    {
        "query_id": "106_316",
        "wiki_title": "Pope Martin I",
        "entity_id": "Q172390"
    },
    {
        "query_id": "106_317",
        "wiki_title": "John J. Myers",
        "entity_id": "Q1638264"
    },
    {
        "query_id": "106_318",
        "wiki_title": "Ecclesiastical statistics",
        "entity_id": "Q5332261"
    },
    {
        "query_id": "106_319",
        "wiki_title": "Roman Republic",
        "entity_id": "Q17167"
    },
    {
        "query_id": "106_320",
        "wiki_title": "Ioan Duma",
        "entity_id": "Q6061780"
    },
    {
        "query_id": "106_321",
        "wiki_title": "Appalachian Bible College",
        "entity_id": "Q4780834"
    },
    {
        "query_id": "106_322",
        "wiki_title": "Arnaldo Ribeiro",
        "entity_id": "Q690601"
    },
    {
        "query_id": "106_323",
        "wiki_title": "Liberty University",
        "entity_id": "Q1468607"
    },
    {
        "query_id": "106_324",
        "wiki_title": "Georgetown University",
        "entity_id": "Q333886"
    },
    {
        "query_id": "106_325",
        "wiki_title": "Jacques-François Dujarié",
        "entity_id": "Q3158803"
    },
    {
        "query_id": "106_326",
        "wiki_title": "Peter I, Grand Duke of Oldenburg",
        "entity_id": "Q61274"
    },
    {
        "query_id": "106_327",
        "wiki_title": "Ignacy Tokarczuk",
        "entity_id": "Q435254"
    },
    {
        "query_id": "106_328",
        "wiki_title": "Padre Pio",
        "entity_id": "Q193754"
    },
    {
        "query_id": "106_329",
        "wiki_title": "University of St. Thomas (Minnesota)",
        "entity_id": "Q1164229"
    },
    {
        "query_id": "106_330",
        "wiki_title": "Marjorie Cameron",
        "entity_id": "Q6766231"
    },
    {
        "query_id": "106_331",
        "wiki_title": "Diarmuid Martin",
        "entity_id": "Q370544"
    },
    {
        "query_id": "106_332",
        "wiki_title": "John Calvin",
        "entity_id": "Q37577"
    },
    {
        "query_id": "106_333",
        "wiki_title": "Kingdom of Jerusalem",
        "entity_id": "Q55502"
    },
    {
        "query_id": "106_334",
        "wiki_title": "Wheeling University",
        "entity_id": "Q2566683"
    },
    {
        "query_id": "106_335",
        "wiki_title": "John Orr (bishop)",
        "entity_id": "Q6251323"
    },
    {
        "query_id": "106_336",
        "wiki_title": "Benedict D. Coscia",
        "entity_id": "Q817074"
    },
    {
        "query_id": "106_337",
        "wiki_title": "Muqatil ibn Sulayman",
        "entity_id": "Q14095767"
    }
]