[
    {
        "query_id": "218_0",
        "wiki_title": "Mário Belarmino",
        "entity_id": "Q2894219"
    },
    {
        "query_id": "218_1",
        "wiki_title": "Antoine Richard",
        "entity_id": "Q586950"
    },
    {
        "query_id": "218_2",
        "wiki_title": "Sigrid D. Peyerimhoff",
        "entity_id": "Q56179"
    },
    {
        "query_id": "218_3",
        "wiki_title": "Charles Hammock",
        "entity_id": "Q5078736"
    },
    {
        "query_id": "218_4",
        "wiki_title": "Izhar Elias",
        "entity_id": "Q4531189"
    },
    {
        "query_id": "218_5",
        "wiki_title": "Karim Abdel Aziz",
        "entity_id": "Q6370538"
    },
    {
        "query_id": "218_6",
        "wiki_title": "Petru Stoianov",
        "entity_id": "Q2080858"
    },
    {
        "query_id": "218_7",
        "wiki_title": "Rafael Reyes (artist)",
        "entity_id": "Q17037507"
    },
    {
        "query_id": "218_8",
        "wiki_title": "Raju Kaji Shakya",
        "entity_id": "Q18218000"
    },
    {
        "query_id": "218_9",
        "wiki_title": "Lance Hooper",
        "entity_id": "Q6483424"
    },
    {
        "query_id": "218_10",
        "wiki_title": "Jerrold Katz",
        "entity_id": "Q1687784"
    },
    {
        "query_id": "218_11",
        "wiki_title": "Roger McCardell",
        "entity_id": "Q7358620"
    },
    {
        "query_id": "218_12",
        "wiki_title": "Alastair Heathcote",
        "entity_id": "Q1755022"
    },
    {
        "query_id": "218_13",
        "wiki_title": "Antonio Calcagni",
        "entity_id": "Q3619339"
    },
    {
        "query_id": "218_14",
        "wiki_title": "William Marshall Craig",
        "entity_id": "Q8015163"
    },
    {
        "query_id": "218_15",
        "wiki_title": "Philipp Crone",
        "entity_id": "Q122863"
    },
    {
        "query_id": "218_16",
        "wiki_title": "I. P. Paul",
        "entity_id": "Q5967880"
    },
    {
        "query_id": "218_17",
        "wiki_title": "Danie Mellor",
        "entity_id": "Q5216292"
    },
    {
        "query_id": "218_18",
        "wiki_title": "Constantine of Kostenets",
        "entity_id": "Q1782745"
    },
    {
        "query_id": "218_19",
        "wiki_title": "Endre Bálint",
        "entity_id": "Q852788"
    },
    {
        "query_id": "218_20",
        "wiki_title": "Aleksandr Nekrasov",
        "entity_id": "Q4316559"
    },
    {
        "query_id": "218_21",
        "wiki_title": "Charles Joseph Bonaparte",
        "entity_id": "Q919015"
    },
    {
        "query_id": "218_22",
        "wiki_title": "Shahrzad Sepanlou",
        "entity_id": "Q7462311"
    },
    {
        "query_id": "218_23",
        "wiki_title": "Louis François Antoine Arbogast",
        "entity_id": "Q2572301"
    },
    {
        "query_id": "218_24",
        "wiki_title": "Maria Wetterstrand",
        "entity_id": "Q444747"
    },
    {
        "query_id": "218_25",
        "wiki_title": "Austin Cuvillier",
        "entity_id": "Q4823047"
    },
    {
        "query_id": "218_26",
        "wiki_title": "Eduard Bargheer",
        "entity_id": "Q1287966"
    },
    {
        "query_id": "218_27",
        "wiki_title": "Neophyte of Bulgaria",
        "entity_id": "Q5276303"
    },
    {
        "query_id": "218_28",
        "wiki_title": "Andrian Mardiansyah",
        "entity_id": "Q4759282"
    },
    {
        "query_id": "218_29",
        "wiki_title": "Bert Myers",
        "entity_id": "Q4895238"
    },
    {
        "query_id": "218_30",
        "wiki_title": "Scott Fraser (orienteer)",
        "entity_id": "Q12051104"
    },
    {
        "query_id": "218_31",
        "wiki_title": "Dakota Collins",
        "entity_id": "Q16728147"
    },
    {
        "query_id": "218_32",
        "wiki_title": "Giuseppe Castelli (footballer)",
        "entity_id": "Q1608286"
    },
    {
        "query_id": "218_33",
        "wiki_title": "Johann Christian Brand",
        "entity_id": "Q685519"
    },
    {
        "query_id": "218_34",
        "wiki_title": "Jacob Duck",
        "entity_id": "Q1284751"
    },
    {
        "query_id": "218_35",
        "wiki_title": "Darley Waddilove",
        "entity_id": "Q5223878"
    },
    {
        "query_id": "218_36",
        "wiki_title": "Harold Reetz",
        "entity_id": "Q5662134"
    },
    {
        "query_id": "218_37",
        "wiki_title": "Parnelli Jones",
        "entity_id": "Q445817"
    },
    {
        "query_id": "218_38",
        "wiki_title": "Fernand Cornez",
        "entity_id": "Q1160810"
    },
    {
        "query_id": "218_39",
        "wiki_title": "Volodymyr Kravets (diplomat)",
        "entity_id": "Q4237280"
    },
    {
        "query_id": "218_40",
        "wiki_title": "Jack Culcay",
        "entity_id": "Q122867"
    },
    {
        "query_id": "218_41",
        "wiki_title": "Yinka Ayenuwa",
        "entity_id": "Q18249318"
    },
    {
        "query_id": "218_42",
        "wiki_title": "Chris Brown",
        "entity_id": "Q155700"
    },
    {
        "query_id": "218_43",
        "wiki_title": "Phil Williams (footballer, born 1958)",
        "entity_id": "Q7182553"
    },
    {
        "query_id": "218_44",
        "wiki_title": "Samantha James",
        "entity_id": "Q7408680"
    },
    {
        "query_id": "218_45",
        "wiki_title": "James M. Bingham",
        "entity_id": "Q6138362"
    },
    {
        "query_id": "218_46",
        "wiki_title": "Jack Kachkar",
        "entity_id": "Q3157223"
    },
    {
        "query_id": "218_47",
        "wiki_title": "Gustavo Grondona",
        "entity_id": "Q5621419"
    },
    {
        "query_id": "218_48",
        "wiki_title": "Bob Geddins",
        "entity_id": "Q887939"
    },
    {
        "query_id": "218_49",
        "wiki_title": "Ferenc Paragi",
        "entity_id": "Q346197"
    },
    {
        "query_id": "218_50",
        "wiki_title": "Bastien Lecouffe-Deharme",
        "entity_id": "Q4868292"
    },
    {
        "query_id": "218_51",
        "wiki_title": "Brent Maddock",
        "entity_id": "Q1031927"
    },
    {
        "query_id": "218_52",
        "wiki_title": "Betty Francisco",
        "entity_id": "Q4802805"
    },
    {
        "query_id": "218_53",
        "wiki_title": "Hans-Jörg Voigt",
        "entity_id": "Q1577598"
    },
    {
        "query_id": "218_54",
        "wiki_title": "Charlie Davis (basketball)",
        "entity_id": "Q3666658"
    },
    {
        "query_id": "218_55",
        "wiki_title": "V. S. Srinivasa Sastri",
        "entity_id": "Q7906230"
    },
    {
        "query_id": "218_56",
        "wiki_title": "Yuriy Vernydub",
        "entity_id": "Q1992161"
    },
    {
        "query_id": "218_57",
        "wiki_title": "Markus Ragger",
        "entity_id": "Q688382"
    },
    {
        "query_id": "218_58",
        "wiki_title": "Marnus Labuschagne",
        "entity_id": "Q18637614"
    },
    {
        "query_id": "218_59",
        "wiki_title": "Leslie Douglas Jackson",
        "entity_id": "Q6530767"
    },
    {
        "query_id": "218_60",
        "wiki_title": "Ricardo Maliandi",
        "entity_id": "Q5642792"
    },
    {
        "query_id": "218_61",
        "wiki_title": "Alfred Jefferis Turner",
        "entity_id": "Q963559"
    },
    {
        "query_id": "218_62",
        "wiki_title": "Ernest Willows",
        "entity_id": "Q11129881"
    },
    {
        "query_id": "218_63",
        "wiki_title": "Afonso II of Portugal",
        "entity_id": "Q296463"
    },
    {
        "query_id": "218_64",
        "wiki_title": "Derek Lamb",
        "entity_id": "Q1200053"
    },
    {
        "query_id": "218_65",
        "wiki_title": "Andranik Migranyan",
        "entity_id": "Q4292748"
    },
    {
        "query_id": "218_66",
        "wiki_title": "Runa Akiyama",
        "entity_id": "Q4059602"
    },
    {
        "query_id": "218_67",
        "wiki_title": "Annika Billstam",
        "entity_id": "Q440688"
    },
    {
        "query_id": "218_68",
        "wiki_title": "Suad Nasr",
        "entity_id": "Q3546367"
    },
    {
        "query_id": "218_69",
        "wiki_title": "Jason Bourque",
        "entity_id": "Q16466867"
    },
    {
        "query_id": "218_70",
        "wiki_title": "Kurt Baschwitz",
        "entity_id": "Q97977"
    },
    {
        "query_id": "218_71",
        "wiki_title": "Camillo Benso, Count of Cavour",
        "entity_id": "Q166092"
    },
    {
        "query_id": "218_72",
        "wiki_title": "Beniamino Di Giacomo",
        "entity_id": "Q3638188"
    },
    {
        "query_id": "218_73",
        "wiki_title": "Tim Alexander (footballer)",
        "entity_id": "Q7803073"
    },
    {
        "query_id": "218_74",
        "wiki_title": "Louis Léopold Robert",
        "entity_id": "Q664602"
    },
    {
        "query_id": "218_75",
        "wiki_title": "Eric Defoort",
        "entity_id": "Q1351218"
    },
    {
        "query_id": "218_76",
        "wiki_title": "Reinaldo Dalcin",
        "entity_id": "Q17001549"
    },
    {
        "query_id": "218_77",
        "wiki_title": "Wang Yaping",
        "entity_id": "Q705626"
    },
    {
        "query_id": "218_78",
        "wiki_title": "Bob Cremins",
        "entity_id": "Q4932164"
    },
    {
        "query_id": "218_79",
        "wiki_title": "Léon Lévy Brunswick",
        "entity_id": "Q3270631"
    },
    {
        "query_id": "218_80",
        "wiki_title": "David Oppenheim (poker player)",
        "entity_id": "Q5238236"
    },
    {
        "query_id": "218_81",
        "wiki_title": "Juan Luis Guerra",
        "entity_id": "Q158753"
    },
    {
        "query_id": "218_82",
        "wiki_title": "Luis Reece",
        "entity_id": "Q6701040"
    },
    {
        "query_id": "218_83",
        "wiki_title": "Jaswant Singh of Marwar",
        "entity_id": "Q5117540"
    },
    {
        "query_id": "218_84",
        "wiki_title": "Eduardo Gudiño Kieffer",
        "entity_id": "Q1290973"
    },
    {
        "query_id": "218_85",
        "wiki_title": "Greg Windsperger",
        "entity_id": "Q16151551"
    },
    {
        "query_id": "218_86",
        "wiki_title": "Nelson Vargas",
        "entity_id": "Q6990769"
    },
    {
        "query_id": "218_87",
        "wiki_title": "Matt Moralee",
        "entity_id": "Q6789088"
    },
    {
        "query_id": "218_88",
        "wiki_title": "Petar Stambolić",
        "entity_id": "Q115471"
    },
    {
        "query_id": "218_89",
        "wiki_title": "Josephus Nicolaus Laurenti",
        "entity_id": "Q45120"
    },
    {
        "query_id": "218_90",
        "wiki_title": "Mike Gregory (darts player)",
        "entity_id": "Q2150538"
    },
    {
        "query_id": "218_91",
        "wiki_title": "Jorge Betancourt",
        "entity_id": "Q1703774"
    },
    {
        "query_id": "218_92",
        "wiki_title": "Neil Robinson (footballer, born 1957)",
        "entity_id": "Q6989225"
    },
    {
        "query_id": "218_93",
        "wiki_title": "Paul Humphries",
        "entity_id": "Q6584039"
    },
    {
        "query_id": "218_94",
        "wiki_title": "Barbara Engel",
        "entity_id": "Q14524660"
    },
    {
        "query_id": "218_95",
        "wiki_title": "Quorey Payne",
        "entity_id": "Q17484241"
    },
    {
        "query_id": "218_96",
        "wiki_title": "Lloyd Ultan (composer)",
        "entity_id": "Q6662783"
    },
    {
        "query_id": "218_97",
        "wiki_title": "Joseph Bova",
        "entity_id": "Q475193"
    },
    {
        "query_id": "218_98",
        "wiki_title": "Oi Va Voi",
        "entity_id": "Q1747594"
    },
    {
        "query_id": "218_99",
        "wiki_title": "Elena Romagnolo",
        "entity_id": "Q1136947"
    },
    {
        "query_id": "218_100",
        "wiki_title": "Dominique, comte de Cassini",
        "entity_id": "Q499236"
    },
    {
        "query_id": "218_101",
        "wiki_title": "Joris Delle",
        "entity_id": "Q1704002"
    },
    {
        "query_id": "218_102",
        "wiki_title": "Stone (singer)",
        "entity_id": "Q3499706"
    },
    {
        "query_id": "218_103",
        "wiki_title": "Ivan Khomukha",
        "entity_id": "Q16236256"
    },
    {
        "query_id": "218_104",
        "wiki_title": "Margaret, Countess of Pembroke",
        "entity_id": "Q1796668"
    },
    {
        "query_id": "218_105",
        "wiki_title": "Ferdinand Elle",
        "entity_id": "Q3068556"
    },
    {
        "query_id": "218_106",
        "wiki_title": "Maarten van Severen",
        "entity_id": "Q1409014"
    },
    {
        "query_id": "218_107",
        "wiki_title": "Refet Bele",
        "entity_id": "Q1422996"
    },
    {
        "query_id": "218_108",
        "wiki_title": "Zijah Sokolović",
        "entity_id": "Q3435238"
    },
    {
        "query_id": "218_109",
        "wiki_title": "Rahi Masoom Raza",
        "entity_id": "Q3631305"
    },
    {
        "query_id": "218_110",
        "wiki_title": "Bob Warlick",
        "entity_id": "Q3641352"
    },
    {
        "query_id": "218_111",
        "wiki_title": "Dick Leonard",
        "entity_id": "Q7327335"
    },
    {
        "query_id": "218_112",
        "wiki_title": "Lucia de Berk",
        "entity_id": "Q41805"
    },
    {
        "query_id": "218_113",
        "wiki_title": "Clarence Beck",
        "entity_id": "Q5126395"
    },
    {
        "query_id": "218_114",
        "wiki_title": "Aloïs Boudry",
        "entity_id": "Q3060744"
    },
    {
        "query_id": "218_115",
        "wiki_title": "Tony Shields",
        "entity_id": "Q7823401"
    },
    {
        "query_id": "218_116",
        "wiki_title": "Hendrik Gerritsz Pot",
        "entity_id": "Q2257386"
    },
    {
        "query_id": "218_117",
        "wiki_title": "Amoene van Haersolte",
        "entity_id": "Q2067624"
    },
    {
        "query_id": "218_118",
        "wiki_title": "Jim Baker (footballer)",
        "entity_id": "Q5564436"
    },
    {
        "query_id": "218_119",
        "wiki_title": "Pete Larson (American football)",
        "entity_id": "Q7172087"
    },
    {
        "query_id": "218_120",
        "wiki_title": "Valdemar III of Denmark",
        "entity_id": "Q381082"
    },
    {
        "query_id": "218_121",
        "wiki_title": "Pete Stewart (racing driver)",
        "entity_id": "Q7172277"
    },
    {
        "query_id": "218_122",
        "wiki_title": "Dave Alston",
        "entity_id": "Q5228223"
    },
    {
        "query_id": "218_123",
        "wiki_title": "Piotr Balcerzak",
        "entity_id": "Q7196922"
    },
    {
        "query_id": "218_124",
        "wiki_title": "Mariano Chao",
        "entity_id": "Q16213903"
    },
    {
        "query_id": "218_125",
        "wiki_title": "Koudai Tsukakoshi",
        "entity_id": "Q974840"
    },
    {
        "query_id": "218_126",
        "wiki_title": "John Edgerton",
        "entity_id": "Q18716138"
    },
    {
        "query_id": "218_127",
        "wiki_title": "Jerry Best (bassist)",
        "entity_id": "Q16997698"
    },
    {
        "query_id": "218_128",
        "wiki_title": "Jim (Medal of Honor recipient)",
        "entity_id": "Q6193276"
    },
    {
        "query_id": "218_129",
        "wiki_title": "Barbu Ștefănescu Delavrancea",
        "entity_id": "Q766314"
    },
    {
        "query_id": "218_130",
        "wiki_title": "Michael Woolston Ash",
        "entity_id": "Q6835447"
    },
    {
        "query_id": "218_131",
        "wiki_title": "Gustavo A. Madero",
        "entity_id": "Q2732074"
    },
    {
        "query_id": "218_132",
        "wiki_title": "James Brown (footballer, born 1907)",
        "entity_id": "Q3806473"
    },
    {
        "query_id": "218_133",
        "wiki_title": "Andrea di Alessandro",
        "entity_id": "Q4755336"
    },
    {
        "query_id": "218_134",
        "wiki_title": "Alison Cockburn",
        "entity_id": "Q4727053"
    },
    {
        "query_id": "218_135",
        "wiki_title": "Karl Wilhelm Rosenmund",
        "entity_id": "Q68938"
    },
    {
        "query_id": "218_136",
        "wiki_title": "Francisco Maldonado",
        "entity_id": "Q2742352"
    },
    {
        "query_id": "218_137",
        "wiki_title": "Gilbert Bodart",
        "entity_id": "Q2716019"
    },
    {
        "query_id": "218_138",
        "wiki_title": "Roy A. Roberts",
        "entity_id": "Q7372503"
    },
    {
        "query_id": "218_139",
        "wiki_title": "Edu Nandlal",
        "entity_id": "Q2486560"
    },
    {
        "query_id": "218_140",
        "wiki_title": "Gregorio Selser",
        "entity_id": "Q5606753"
    },
    {
        "query_id": "218_141",
        "wiki_title": "Donald De Lue",
        "entity_id": "Q5294237"
    },
    {
        "query_id": "218_142",
        "wiki_title": "Ramón Luis Valcárcel",
        "entity_id": "Q1021708"
    },
    {
        "query_id": "218_143",
        "wiki_title": "Anne Brusletto",
        "entity_id": "Q521183"
    },
    {
        "query_id": "218_144",
        "wiki_title": "Tameem Al-Kubati",
        "entity_id": "Q2753071"
    },
    {
        "query_id": "218_145",
        "wiki_title": "August Brand",
        "entity_id": "Q15975618"
    },
    {
        "query_id": "218_146",
        "wiki_title": "Ilya Nikiforov",
        "entity_id": "Q6001478"
    },
    {
        "query_id": "218_147",
        "wiki_title": "Arthur Thomson (footballer, born 1948)",
        "entity_id": "Q4800459"
    },
    {
        "query_id": "218_148",
        "wiki_title": "Miloš Žeravica",
        "entity_id": "Q3178533"
    },
    {
        "query_id": "218_149",
        "wiki_title": "Mohammad Esfahani",
        "entity_id": "Q6023837"
    },
    {
        "query_id": "218_150",
        "wiki_title": "Brandon Bays",
        "entity_id": "Q533467"
    },
    {
        "query_id": "218_151",
        "wiki_title": "Aina Kusuda",
        "entity_id": "Q11541252"
    },
    {
        "query_id": "218_152",
        "wiki_title": "Batman",
        "entity_id": "Q2695156"
    },
    {
        "query_id": "218_153",
        "wiki_title": "Lisa Miller (psychologist)",
        "entity_id": "Q4293505"
    },
    {
        "query_id": "218_154",
        "wiki_title": "Giovanni Speranza",
        "entity_id": "Q1526380"
    },
    {
        "query_id": "218_155",
        "wiki_title": "William Collins (painter)",
        "entity_id": "Q2623883"
    },
    {
        "query_id": "218_156",
        "wiki_title": "Veselin Vujović",
        "entity_id": "Q722588"
    },
    {
        "query_id": "218_157",
        "wiki_title": "Vitaly Arkhangelsky",
        "entity_id": "Q3561169"
    },
    {
        "query_id": "218_158",
        "wiki_title": "Anton Lui",
        "entity_id": "Q4775893"
    },
    {
        "query_id": "218_159",
        "wiki_title": "Paul Walker (footballer, born 1977)",
        "entity_id": "Q7154216"
    },
    {
        "query_id": "218_160",
        "wiki_title": "Doug McCombs",
        "entity_id": "Q5300716"
    },
    {
        "query_id": "218_161",
        "wiki_title": "Ed Sullivan",
        "entity_id": "Q83807"
    },
    {
        "query_id": "218_162",
        "wiki_title": "Margaret Coit",
        "entity_id": "Q6759286"
    },
    {
        "query_id": "218_163",
        "wiki_title": "Serhiy Zayets",
        "entity_id": "Q4184117"
    },
    {
        "query_id": "218_164",
        "wiki_title": "Belly (rapper)",
        "entity_id": "Q937045"
    },
    {
        "query_id": "218_165",
        "wiki_title": "William Anderson (artist)",
        "entity_id": "Q8004404"
    },
    {
        "query_id": "218_166",
        "wiki_title": "Thomas D. Schall",
        "entity_id": "Q1416490"
    },
    {
        "query_id": "218_167",
        "wiki_title": "Johann Heinrich Roos",
        "entity_id": "Q471147"
    },
    {
        "query_id": "218_168",
        "wiki_title": "Kristian Outinen",
        "entity_id": "Q6437970"
    },
    {
        "query_id": "218_169",
        "wiki_title": "Matthijs Dulken",
        "entity_id": "Q2186169"
    },
    {
        "query_id": "218_170",
        "wiki_title": "Fahd Ananta",
        "entity_id": "Q18205178"
    },
    {
        "query_id": "218_171",
        "wiki_title": "Dee (singer)",
        "entity_id": "Q5249869"
    },
    {
        "query_id": "218_172",
        "wiki_title": "Antigoni Goni",
        "entity_id": "Q458234"
    },
    {
        "query_id": "218_173",
        "wiki_title": "Sebastian Hofmann",
        "entity_id": "Q204163"
    },
    {
        "query_id": "218_174",
        "wiki_title": "Emil Marschalk von Ostheim",
        "entity_id": "Q101608"
    },
    {
        "query_id": "218_175",
        "wiki_title": "Şeref Has",
        "entity_id": "Q388957"
    },
    {
        "query_id": "218_176",
        "wiki_title": "Kalevi Kull",
        "entity_id": "Q2618902"
    },
    {
        "query_id": "218_177",
        "wiki_title": "Esau Tjiuoro",
        "entity_id": "Q1366696"
    },
    {
        "query_id": "218_178",
        "wiki_title": "Gerard Thomas",
        "entity_id": "Q2847474"
    },
    {
        "query_id": "218_179",
        "wiki_title": "Ricardo Sánchez (footballer)",
        "entity_id": "Q935978"
    },
    {
        "query_id": "218_180",
        "wiki_title": "Leena Peisa",
        "entity_id": "Q526120"
    },
    {
        "query_id": "218_181",
        "wiki_title": "Robert Kraft",
        "entity_id": "Q706686"
    },
    {
        "query_id": "218_182",
        "wiki_title": "Germaine Aussey",
        "entity_id": "Q3104168"
    },
    {
        "query_id": "218_183",
        "wiki_title": "Bruno Nöckler",
        "entity_id": "Q1469136"
    },
    {
        "query_id": "218_184",
        "wiki_title": "Gloria Porras Valles",
        "entity_id": "Q19519133"
    },
    {
        "query_id": "218_185",
        "wiki_title": "Harvey (announcer)",
        "entity_id": "Q16148844"
    },
    {
        "query_id": "218_186",
        "wiki_title": "Glover Morrill Allen",
        "entity_id": "Q1532266"
    },
    {
        "query_id": "218_187",
        "wiki_title": "Annie Oakley",
        "entity_id": "Q230935"
    },
    {
        "query_id": "218_188",
        "wiki_title": "Gabriella Di Laccio",
        "entity_id": "Q16728546"
    },
    {
        "query_id": "218_189",
        "wiki_title": "Moses the Black",
        "entity_id": "Q200977"
    },
    {
        "query_id": "218_190",
        "wiki_title": "Robert Creamer",
        "entity_id": "Q3434866"
    },
    {
        "query_id": "218_191",
        "wiki_title": "Claudio Costamagna",
        "entity_id": "Q15676279"
    },
    {
        "query_id": "218_192",
        "wiki_title": "Andries Bonger",
        "entity_id": "Q2155005"
    },
    {
        "query_id": "218_193",
        "wiki_title": "Lois Long",
        "entity_id": "Q23952"
    },
    {
        "query_id": "218_194",
        "wiki_title": "Edward Drinker Cope",
        "entity_id": "Q298933"
    },
    {
        "query_id": "218_195",
        "wiki_title": "Klaus-Degenhard Schmidt",
        "entity_id": "Q6419818"
    },
    {
        "query_id": "218_196",
        "wiki_title": "Robert B. Scarborough",
        "entity_id": "Q1486899"
    },
    {
        "query_id": "218_197",
        "wiki_title": "Manon (artist)",
        "entity_id": "Q1890996"
    },
    {
        "query_id": "218_198",
        "wiki_title": "Liz (musician)",
        "entity_id": "Q19667938"
    },
    {
        "query_id": "218_199",
        "wiki_title": "Joseph (Petrovykh)",
        "entity_id": "Q4202864"
    },
    {
        "query_id": "218_200",
        "wiki_title": "Dilson Torres",
        "entity_id": "Q5277066"
    },
    {
        "query_id": "218_201",
        "wiki_title": "Ray Strauss",
        "entity_id": "Q15993539"
    },
    {
        "query_id": "218_202",
        "wiki_title": "Charles Hyder",
        "entity_id": "Q4494747"
    },
    {
        "query_id": "218_203",
        "wiki_title": "Mark Holzemer",
        "entity_id": "Q6768097"
    },
    {
        "query_id": "218_204",
        "wiki_title": "Doug Gwosdz",
        "entity_id": "Q5300527"
    },
    {
        "query_id": "218_205",
        "wiki_title": "Hieronymus Francken I",
        "entity_id": "Q3785501"
    },
    {
        "query_id": "218_206",
        "wiki_title": "Robert Zawada",
        "entity_id": "Q6960101"
    },
    {
        "query_id": "218_207",
        "wiki_title": "Vera Dua",
        "entity_id": "Q275283"
    },
    {
        "query_id": "218_208",
        "wiki_title": "John A. Shaud",
        "entity_id": "Q14600834"
    },
    {
        "query_id": "218_209",
        "wiki_title": "Gianni Lonzi",
        "entity_id": "Q1362773"
    },
    {
        "query_id": "218_210",
        "wiki_title": "Maksim Fyodorov (footballer, born 1989)",
        "entity_id": "Q6740132"
    },
    {
        "query_id": "218_211",
        "wiki_title": "Paris (rapper)",
        "entity_id": "Q520621"
    },
    {
        "query_id": "218_212",
        "wiki_title": "Bruce Collie",
        "entity_id": "Q4977289"
    },
    {
        "query_id": "218_213",
        "wiki_title": "Joseph Urban",
        "entity_id": "Q85017"
    },
    {
        "query_id": "218_214",
        "wiki_title": "Peter Philpott",
        "entity_id": "Q7176385"
    },
    {
        "query_id": "218_215",
        "wiki_title": "Martyn Liadov",
        "entity_id": "Q4272527"
    },
    {
        "query_id": "218_216",
        "wiki_title": "Scott McCuaig",
        "entity_id": "Q7436806"
    },
    {
        "query_id": "218_217",
        "wiki_title": "K. M. Beenamol",
        "entity_id": "Q6323562"
    },
    {
        "query_id": "218_218",
        "wiki_title": "Paul Singer (politician)",
        "entity_id": "Q67212"
    },
    {
        "query_id": "218_219",
        "wiki_title": "Nikolai Kinski",
        "entity_id": "Q712449"
    },
    {
        "query_id": "218_220",
        "wiki_title": "Athir al-Din al-Abhari",
        "entity_id": "Q643786"
    },
    {
        "query_id": "218_221",
        "wiki_title": "Otto Renner",
        "entity_id": "Q70672"
    },
    {
        "query_id": "218_222",
        "wiki_title": "Louis-Arsène Lavallée",
        "entity_id": "Q3260355"
    },
    {
        "query_id": "218_223",
        "wiki_title": "Róbert Fazekas",
        "entity_id": "Q712336"
    },
    {
        "query_id": "218_224",
        "wiki_title": "Clemente Isnard",
        "entity_id": "Q434777"
    },
    {
        "query_id": "218_225",
        "wiki_title": "Dale Polley",
        "entity_id": "Q5210587"
    },
    {
        "query_id": "218_226",
        "wiki_title": "Gerd Arntz",
        "entity_id": "Q213917"
    },
    {
        "query_id": "218_227",
        "wiki_title": "Robert Crannell Minor",
        "entity_id": "Q14218110"
    },
    {
        "query_id": "218_228",
        "wiki_title": "Walter Gay",
        "entity_id": "Q380760"
    },
    {
        "query_id": "218_229",
        "wiki_title": "Izumi Iimura",
        "entity_id": "Q6102286"
    },
    {
        "query_id": "218_230",
        "wiki_title": "Pierre Charette",
        "entity_id": "Q7192138"
    },
    {
        "query_id": "218_231",
        "wiki_title": "Jean Arp",
        "entity_id": "Q153739"
    },
    {
        "query_id": "218_232",
        "wiki_title": "Edgar Manas",
        "entity_id": "Q5337363"
    },
    {
        "query_id": "218_233",
        "wiki_title": "Reinhard Jirgl",
        "entity_id": "Q71640"
    },
    {
        "query_id": "218_234",
        "wiki_title": "Paul Bril",
        "entity_id": "Q540753"
    },
    {
        "query_id": "218_235",
        "wiki_title": "Simon Callery",
        "entity_id": "Q7518402"
    },
    {
        "query_id": "218_236",
        "wiki_title": "Aleksandar Madžar (soccer)",
        "entity_id": "Q4714811"
    },
    {
        "query_id": "218_237",
        "wiki_title": "Roland Wieser",
        "entity_id": "Q566669"
    },
    {
        "query_id": "218_238",
        "wiki_title": "Tony Clark",
        "entity_id": "Q11321326"
    },
    {
        "query_id": "218_239",
        "wiki_title": "Victor Rabu",
        "entity_id": "Q6165702"
    },
    {
        "query_id": "218_240",
        "wiki_title": "Frederick George Bromberg",
        "entity_id": "Q1452881"
    },
    {
        "query_id": "218_241",
        "wiki_title": "Doc Parker",
        "entity_id": "Q5287105"
    },
    {
        "query_id": "218_242",
        "wiki_title": "Giovanni Stefano Marucelli",
        "entity_id": "Q3768187"
    },
    {
        "query_id": "218_243",
        "wiki_title": "Willem van Herp",
        "entity_id": "Q3063385"
    },
    {
        "query_id": "218_244",
        "wiki_title": "Matt Hamilton (racing driver)",
        "entity_id": "Q6788752"
    },
    {
        "query_id": "218_245",
        "wiki_title": "William Perry Hay",
        "entity_id": "Q2625020"
    },
    {
        "query_id": "218_246",
        "wiki_title": "Kirk O'Bee",
        "entity_id": "Q327612"
    },
    {
        "query_id": "218_247",
        "wiki_title": "Offer Nissim",
        "entity_id": "Q2539564"
    },
    {
        "query_id": "218_248",
        "wiki_title": "Jadranka Šešelj",
        "entity_id": "Q4523530"
    },
    {
        "query_id": "218_249",
        "wiki_title": "Joachim B. Olsen",
        "entity_id": "Q362151"
    },
    {
        "query_id": "218_250",
        "wiki_title": "Shawn Respert",
        "entity_id": "Q1639693"
    },
    {
        "query_id": "218_251",
        "wiki_title": "John Robinson (judge)",
        "entity_id": "Q6255288"
    },
    {
        "query_id": "218_252",
        "wiki_title": "Monster (musician)",
        "entity_id": "Q6902679"
    },
    {
        "query_id": "218_253",
        "wiki_title": "Anders K. Orvin",
        "entity_id": "Q3429769"
    },
    {
        "query_id": "218_254",
        "wiki_title": "Nelson Faria",
        "entity_id": "Q6990509"
    },
    {
        "query_id": "218_255",
        "wiki_title": "Willem van Nieulandt II",
        "entity_id": "Q663795"
    },
    {
        "query_id": "218_256",
        "wiki_title": "Hermann Vezin",
        "entity_id": "Q5741032"
    },
    {
        "query_id": "218_257",
        "wiki_title": "János Ferencsik",
        "entity_id": "Q967828"
    },
    {
        "query_id": "218_258",
        "wiki_title": "Florence Harsant",
        "entity_id": "Q5460699"
    },
    {
        "query_id": "218_259",
        "wiki_title": "Diana Estrada",
        "entity_id": "Q5271148"
    },
    {
        "query_id": "218_260",
        "wiki_title": "Khalid bin Barghash of Zanzibar",
        "entity_id": "Q470598"
    },
    {
        "query_id": "218_261",
        "wiki_title": "Terry Hunte",
        "entity_id": "Q7704547"
    },
    {
        "query_id": "218_262",
        "wiki_title": "Steve McDonald (cricketer)",
        "entity_id": "Q7613323"
    },
    {
        "query_id": "218_263",
        "wiki_title": "Izaskun Zubizarreta Gerendiain",
        "entity_id": "Q1676120"
    },
    {
        "query_id": "218_264",
        "wiki_title": "Harry W. Kvebæk",
        "entity_id": "Q5673125"
    },
    {
        "query_id": "218_265",
        "wiki_title": "Rose Bampton",
        "entity_id": "Q275403"
    },
    {
        "query_id": "218_266",
        "wiki_title": "Mélonin Noumonvi",
        "entity_id": "Q963461"
    },
    {
        "query_id": "218_267",
        "wiki_title": "John M. Wood",
        "entity_id": "Q1590217"
    },
    {
        "query_id": "218_268",
        "wiki_title": "Geert Brusselers",
        "entity_id": "Q2148723"
    },
    {
        "query_id": "218_269",
        "wiki_title": "Maurice El Mediouni",
        "entity_id": "Q2156989"
    },
    {
        "query_id": "218_270",
        "wiki_title": "Emily Hood Westacott",
        "entity_id": "Q433409"
    },
    {
        "query_id": "218_271",
        "wiki_title": "Grant Bramwell",
        "entity_id": "Q3072020"
    },
    {
        "query_id": "218_272",
        "wiki_title": "Valentin Avrorin",
        "entity_id": "Q4056073"
    },
    {
        "query_id": "218_273",
        "wiki_title": "Giulio Bisegni",
        "entity_id": "Q17183134"
    },
    {
        "query_id": "218_274",
        "wiki_title": "Alfred Frank Hardiman",
        "entity_id": "Q4722682"
    },
    {
        "query_id": "218_275",
        "wiki_title": "Baptiste Lecaplain",
        "entity_id": "Q2883665"
    },
    {
        "query_id": "218_276",
        "wiki_title": "Matthew J. Ryan",
        "entity_id": "Q6790723"
    },
    {
        "query_id": "218_277",
        "wiki_title": "Julius Erving",
        "entity_id": "Q209921"
    },
    {
        "query_id": "218_278",
        "wiki_title": "Billy McGinty (rugby league)",
        "entity_id": "Q4913000"
    },
    {
        "query_id": "218_279",
        "wiki_title": "Steven Pelé",
        "entity_id": "Q3499256"
    },
    {
        "query_id": "218_280",
        "wiki_title": "James Keddy",
        "entity_id": "Q6137134"
    },
    {
        "query_id": "218_281",
        "wiki_title": "Leong On-kei",
        "entity_id": "Q6526282"
    },
    {
        "query_id": "218_282",
        "wiki_title": "Erick Benzi",
        "entity_id": "Q610896"
    },
    {
        "query_id": "218_283",
        "wiki_title": "Ko Wen-je",
        "entity_id": "Q18113714"
    },
    {
        "query_id": "218_284",
        "wiki_title": "Sugar Ray Norcia",
        "entity_id": "Q1270555"
    },
    {
        "query_id": "218_285",
        "wiki_title": "Zsuzsanna Németh",
        "entity_id": "Q1220822"
    },
    {
        "query_id": "218_286",
        "wiki_title": "Joel Johnson (communications strategist)",
        "entity_id": "Q6213614"
    },
    {
        "query_id": "218_287",
        "wiki_title": "Dick Arndt",
        "entity_id": "Q5272629"
    },
    {
        "query_id": "218_288",
        "wiki_title": "Robley D. Evans",
        "entity_id": "Q1323551"
    },
    {
        "query_id": "218_289",
        "wiki_title": "Ingvild Bryn",
        "entity_id": "Q455056"
    },
    {
        "query_id": "218_290",
        "wiki_title": "John Anderson (racing driver)",
        "entity_id": "Q6218997"
    },
    {
        "query_id": "218_291",
        "wiki_title": "Sevil Atasoy",
        "entity_id": "Q7458042"
    },
    {
        "query_id": "218_292",
        "wiki_title": "Aleksandar Markovski",
        "entity_id": "Q4714817"
    },
    {
        "query_id": "218_293",
        "wiki_title": "Tsugumi Higasayama",
        "entity_id": "Q7850002"
    },
    {
        "query_id": "218_294",
        "wiki_title": "Bobby Baldock",
        "entity_id": "Q4935489"
    },
    {
        "query_id": "218_295",
        "wiki_title": "Hansi Niese",
        "entity_id": "Q85838"
    },
    {
        "query_id": "218_296",
        "wiki_title": "Raimonds Vilde",
        "entity_id": "Q4111137"
    },
    {
        "query_id": "218_297",
        "wiki_title": "Mick Flynn",
        "entity_id": "Q6838178"
    },
    {
        "query_id": "218_298",
        "wiki_title": "Wayne Cooper (basketball)",
        "entity_id": "Q680038"
    },
    {
        "query_id": "218_299",
        "wiki_title": "Nay Myo Thant",
        "entity_id": "Q6983016"
    },
    {
        "query_id": "218_300",
        "wiki_title": "Babyface (musician)",
        "entity_id": "Q344983"
    },
    {
        "query_id": "218_301",
        "wiki_title": "Zara Turner",
        "entity_id": "Q147668"
    },
    {
        "query_id": "218_302",
        "wiki_title": "Josephine Bell",
        "entity_id": "Q6288318"
    },
    {
        "query_id": "218_303",
        "wiki_title": "Aarno Maliniemi",
        "entity_id": "Q301586"
    },
    {
        "query_id": "218_304",
        "wiki_title": "Charles Plumer",
        "entity_id": "Q5081693"
    },
    {
        "query_id": "218_305",
        "wiki_title": "Maarten Biesheuvel",
        "entity_id": "Q2103360"
    },
    {
        "query_id": "218_306",
        "wiki_title": "David Ogrin",
        "entity_id": "Q5238207"
    },
    {
        "query_id": "218_307",
        "wiki_title": "Kevin Morton",
        "entity_id": "Q16200482"
    },
    {
        "query_id": "218_308",
        "wiki_title": "Moon Joo-won",
        "entity_id": "Q211541"
    },
    {
        "query_id": "218_309",
        "wiki_title": "Joseph P. Addabbo",
        "entity_id": "Q6286109"
    },
    {
        "query_id": "218_310",
        "wiki_title": "Amir Syamsuddin",
        "entity_id": "Q4016580"
    },
    {
        "query_id": "218_311",
        "wiki_title": "Leobardo Soto",
        "entity_id": "Q19364603"
    },
    {
        "query_id": "218_312",
        "wiki_title": "Hailey McCann",
        "entity_id": "Q1569246"
    },
    {
        "query_id": "218_313",
        "wiki_title": "Helene Liebmann",
        "entity_id": "Q92192"
    },
    {
        "query_id": "218_314",
        "wiki_title": "Tuomo Suomalainen",
        "entity_id": "Q500872"
    },
    {
        "query_id": "218_315",
        "wiki_title": "Donnchad mac Briain",
        "entity_id": "Q3036790"
    },
    {
        "query_id": "218_316",
        "wiki_title": "William Jack (botanist)",
        "entity_id": "Q15482"
    },
    {
        "query_id": "218_317",
        "wiki_title": "Oleg Govorun",
        "entity_id": "Q4140910"
    },
    {
        "query_id": "218_318",
        "wiki_title": "Masaru Inada",
        "entity_id": "Q1548412"
    },
    {
        "query_id": "218_319",
        "wiki_title": "Vladimir Korotkov (tennis)",
        "entity_id": "Q12488"
    },
    {
        "query_id": "218_320",
        "wiki_title": "Erasmo Carlos",
        "entity_id": "Q2085377"
    },
    {
        "query_id": "218_321",
        "wiki_title": "Ryūzaburō Ōtomo",
        "entity_id": "Q1209737"
    },
    {
        "query_id": "218_322",
        "wiki_title": "Yaroslav Rybakov",
        "entity_id": "Q15571"
    },
    {
        "query_id": "218_323",
        "wiki_title": "Pierre Petit (scholar)",
        "entity_id": "Q171292"
    },
    {
        "query_id": "218_324",
        "wiki_title": "Shrichand Kriplani",
        "entity_id": "Q7503926"
    },
    {
        "query_id": "218_325",
        "wiki_title": "Cristina Laslo",
        "entity_id": "Q17489708"
    },
    {
        "query_id": "218_326",
        "wiki_title": "Jürgen W. Falter",
        "entity_id": "Q100214"
    },
    {
        "query_id": "218_327",
        "wiki_title": "Billy Carlson",
        "entity_id": "Q4912324"
    },
    {
        "query_id": "218_328",
        "wiki_title": "Herman Hertzberger",
        "entity_id": "Q318319"
    },
    {
        "query_id": "218_329",
        "wiki_title": "Blair Bush",
        "entity_id": "Q4924056"
    },
    {
        "query_id": "218_330",
        "wiki_title": "Stan Andrews",
        "entity_id": "Q7597530"
    },
    {
        "query_id": "218_331",
        "wiki_title": "Alexandre-Marie Colin",
        "entity_id": "Q2833555"
    },
    {
        "query_id": "218_332",
        "wiki_title": "Spartaco Schergat",
        "entity_id": "Q3966046"
    },
    {
        "query_id": "218_333",
        "wiki_title": "Bogdan Andone",
        "entity_id": "Q265367"
    },
    {
        "query_id": "218_334",
        "wiki_title": "Trae tha Truth",
        "entity_id": "Q1378825"
    },
    {
        "query_id": "218_335",
        "wiki_title": "Louis H. Pollak",
        "entity_id": "Q6687322"
    },
    {
        "query_id": "218_336",
        "wiki_title": "Italo Viglianesi",
        "entity_id": "Q2631089"
    },
    {
        "query_id": "218_337",
        "wiki_title": "Nathaniel Boyden",
        "entity_id": "Q1966724"
    },
    {
        "query_id": "218_338",
        "wiki_title": "John of Garland",
        "entity_id": "Q1229700"
    },
    {
        "query_id": "218_339",
        "wiki_title": "Abraham Raimbach",
        "entity_id": "Q4669144"
    },
    {
        "query_id": "218_340",
        "wiki_title": "H. Hugh Bancroft",
        "entity_id": "Q1634221"
    },
    {
        "query_id": "218_341",
        "wiki_title": "Heinrich August Jäschke",
        "entity_id": "Q64653"
    },
    {
        "query_id": "218_342",
        "wiki_title": "Nina Dittrich",
        "entity_id": "Q1992757"
    },
    {
        "query_id": "218_343",
        "wiki_title": "Erika M. Anderson",
        "entity_id": "Q3731772"
    },
    {
        "query_id": "218_344",
        "wiki_title": "Georg Baumann",
        "entity_id": "Q5535649"
    },
    {
        "query_id": "218_345",
        "wiki_title": "Clarrie Millar",
        "entity_id": "Q5127765"
    },
    {
        "query_id": "218_346",
        "wiki_title": "Franklin Rosemont",
        "entity_id": "Q441809"
    },
    {
        "query_id": "218_347",
        "wiki_title": "Roman Shukhevych",
        "entity_id": "Q463766"
    },
    {
        "query_id": "218_348",
        "wiki_title": "Julia Jones (conductor)",
        "entity_id": "Q1619033"
    },
    {
        "query_id": "218_349",
        "wiki_title": "Ge You",
        "entity_id": "Q2658847"
    },
    {
        "query_id": "218_350",
        "wiki_title": "Gary Freear",
        "entity_id": "Q5525097"
    },
    {
        "query_id": "218_351",
        "wiki_title": "Thomas Seaton Scott",
        "entity_id": "Q7793850"
    },
    {
        "query_id": "218_352",
        "wiki_title": "Alfredo Ramos Martínez",
        "entity_id": "Q1685716"
    },
    {
        "query_id": "218_353",
        "wiki_title": "Andrew Carnie",
        "entity_id": "Q1037177"
    },
    {
        "query_id": "218_354",
        "wiki_title": "Julee Cruise",
        "entity_id": "Q272496"
    },
    {
        "query_id": "218_355",
        "wiki_title": "Jiang Mianheng",
        "entity_id": "Q4120678"
    },
    {
        "query_id": "218_356",
        "wiki_title": "Jaime de Angulo",
        "entity_id": "Q3160585"
    },
    {
        "query_id": "218_357",
        "wiki_title": "Pope John XIX",
        "entity_id": "Q227978"
    },
    {
        "query_id": "218_358",
        "wiki_title": "Irving Amen",
        "entity_id": "Q6074464"
    },
    {
        "query_id": "218_359",
        "wiki_title": "Paweł Blehm",
        "entity_id": "Q357520"
    },
    {
        "query_id": "218_360",
        "wiki_title": "Keri Lees",
        "entity_id": "Q16210580"
    },
    {
        "query_id": "218_361",
        "wiki_title": "Christos Mitsis",
        "entity_id": "Q5113568"
    },
    {
        "query_id": "218_362",
        "wiki_title": "Karl-Hans Riehm",
        "entity_id": "Q64848"
    },
    {
        "query_id": "218_363",
        "wiki_title": "Robin Williams (mathematician)",
        "entity_id": "Q7352629"
    },
    {
        "query_id": "218_364",
        "wiki_title": "Mike Shaver",
        "entity_id": "Q6848793"
    },
    {
        "query_id": "218_365",
        "wiki_title": "John Keating (Australian politician)",
        "entity_id": "Q11727915"
    },
    {
        "query_id": "218_366",
        "wiki_title": "Dawson Turner",
        "entity_id": "Q2628753"
    },
    {
        "query_id": "218_367",
        "wiki_title": "Chance the Rapper",
        "entity_id": "Q12470060"
    },
    {
        "query_id": "218_368",
        "wiki_title": "John O'Brien (hurler)",
        "entity_id": "Q6250775"
    },
    {
        "query_id": "218_369",
        "wiki_title": "Diotima of Mantinea",
        "entity_id": "Q1227107"
    },
    {
        "query_id": "218_370",
        "wiki_title": "Jurgis Karnavičius",
        "entity_id": "Q11259521"
    },
    {
        "query_id": "218_371",
        "wiki_title": "David Holmes Black",
        "entity_id": "Q5235110"
    },
    {
        "query_id": "218_372",
        "wiki_title": "Ralph Campney",
        "entity_id": "Q7287317"
    },
    {
        "query_id": "218_373",
        "wiki_title": "Leonard Shure",
        "entity_id": "Q4527906"
    },
    {
        "query_id": "218_374",
        "wiki_title": "Roger Gaudry",
        "entity_id": "Q3439009"
    },
    {
        "query_id": "218_375",
        "wiki_title": "Eduardo Hurtado",
        "entity_id": "Q1291023"
    },
    {
        "query_id": "218_376",
        "wiki_title": "Xue Fei (footballer)",
        "entity_id": "Q9339095"
    },
    {
        "query_id": "218_377",
        "wiki_title": "Jun Murai",
        "entity_id": "Q6311524"
    },
    {
        "query_id": "218_378",
        "wiki_title": "Indians (musician)",
        "entity_id": "Q6024033"
    },
    {
        "query_id": "218_379",
        "wiki_title": "Din Joe Crowley",
        "entity_id": "Q5277819"
    },
    {
        "query_id": "218_380",
        "wiki_title": "Olatubosun Oladapo",
        "entity_id": "Q7083131"
    },
    {
        "query_id": "218_381",
        "wiki_title": "Narcisse-Fortunat Belleau",
        "entity_id": "Q505938"
    },
    {
        "query_id": "218_382",
        "wiki_title": "Joachim Zachris Duncker",
        "entity_id": "Q973680"
    },
    {
        "query_id": "218_383",
        "wiki_title": "Paul Braniff (hurler)",
        "entity_id": "Q16200039"
    },
    {
        "query_id": "218_384",
        "wiki_title": "Aki Hata",
        "entity_id": "Q909015"
    },
    {
        "query_id": "218_385",
        "wiki_title": "Scott Patterson (Paralympian)",
        "entity_id": "Q7437016"
    },
    {
        "query_id": "218_386",
        "wiki_title": "George Tintle",
        "entity_id": "Q5545244"
    },
    {
        "query_id": "218_387",
        "wiki_title": "Jakob Kaiser",
        "entity_id": "Q64531"
    },
    {
        "query_id": "218_388",
        "wiki_title": "Emmanuel Biron",
        "entity_id": "Q3052600"
    },
    {
        "query_id": "218_389",
        "wiki_title": "Henry Bailey (American football)",
        "entity_id": "Q5717695"
    },
    {
        "query_id": "218_390",
        "wiki_title": "Yugo Yoshida",
        "entity_id": "Q16222552"
    },
    {
        "query_id": "218_391",
        "wiki_title": "Percy Scholes",
        "entity_id": "Q7167563"
    },
    {
        "query_id": "218_392",
        "wiki_title": "Nicholas French",
        "entity_id": "Q3339660"
    },
    {
        "query_id": "218_393",
        "wiki_title": "David Harris Willson",
        "entity_id": "Q5234754"
    },
    {
        "query_id": "218_394",
        "wiki_title": "Steve Kerr",
        "entity_id": "Q523630"
    },
    {
        "query_id": "218_395",
        "wiki_title": "Ed Parker Jr.",
        "entity_id": "Q5335255"
    },
    {
        "query_id": "218_396",
        "wiki_title": "Montxu Miranda",
        "entity_id": "Q6906671"
    },
    {
        "query_id": "218_397",
        "wiki_title": "Isaac",
        "entity_id": "Q671872"
    },
    {
        "query_id": "218_398",
        "wiki_title": "Cornelis Springer",
        "entity_id": "Q474066"
    },
    {
        "query_id": "218_399",
        "wiki_title": "Gerard Reve",
        "entity_id": "Q364153"
    },
    {
        "query_id": "218_400",
        "wiki_title": "Alois Rašín",
        "entity_id": "Q164908"
    },
    {
        "query_id": "218_401",
        "wiki_title": "Toni Tecuceanu",
        "entity_id": "Q3271328"
    },
    {
        "query_id": "218_402",
        "wiki_title": "Joseph Moncure March",
        "entity_id": "Q13427328"
    },
    {
        "query_id": "218_403",
        "wiki_title": "Aleksandra Shelton",
        "entity_id": "Q1649467"
    },
    {
        "query_id": "218_404",
        "wiki_title": "Tim Armstrong (executive)",
        "entity_id": "Q7803096"
    },
    {
        "query_id": "218_405",
        "wiki_title": "Juha Jokela",
        "entity_id": "Q6305021"
    },
    {
        "query_id": "218_406",
        "wiki_title": "Maja Gojković",
        "entity_id": "Q1280390"
    },
    {
        "query_id": "218_407",
        "wiki_title": "Giuseppe Bezzuoli",
        "entity_id": "Q525936"
    },
    {
        "query_id": "218_408",
        "wiki_title": "Richard S. Bull",
        "entity_id": "Q7328810"
    },
    {
        "query_id": "218_409",
        "wiki_title": "Maurice Reymond de Broutelles",
        "entity_id": "Q1308686"
    },
    {
        "query_id": "218_410",
        "wiki_title": "Rie Oh",
        "entity_id": "Q7333055"
    },
    {
        "query_id": "218_411",
        "wiki_title": "Juan Manuel Montero Vázquez",
        "entity_id": "Q1710569"
    },
    {
        "query_id": "218_412",
        "wiki_title": "Bruce Crowder",
        "entity_id": "Q4977322"
    },
    {
        "query_id": "218_413",
        "wiki_title": "Can Bartu",
        "entity_id": "Q1031846"
    },
    {
        "query_id": "218_414",
        "wiki_title": "Louis Lloyd Winter",
        "entity_id": "Q6687682"
    },
    {
        "query_id": "218_415",
        "wiki_title": "Evan Abraham",
        "entity_id": "Q5415309"
    },
    {
        "query_id": "218_416",
        "wiki_title": "Carlos Nieto (rugby union)",
        "entity_id": "Q2939422"
    },
    {
        "query_id": "218_417",
        "wiki_title": "Dave Marsh",
        "entity_id": "Q753476"
    },
    {
        "query_id": "218_418",
        "wiki_title": "Mary Sanders",
        "entity_id": "Q6780675"
    },
    {
        "query_id": "218_419",
        "wiki_title": "Ian Rutherford",
        "entity_id": "Q5982807"
    },
    {
        "query_id": "218_420",
        "wiki_title": "Andy Keeley",
        "entity_id": "Q4760879"
    },
    {
        "query_id": "218_421",
        "wiki_title": "Teri DeSario",
        "entity_id": "Q520459"
    },
    {
        "query_id": "218_422",
        "wiki_title": "Alexander Butlerov",
        "entity_id": "Q315160"
    },
    {
        "query_id": "218_423",
        "wiki_title": "Vladimir Yakovlev (journalist)",
        "entity_id": "Q4536879"
    },
    {
        "query_id": "218_424",
        "wiki_title": "Fernando García (composer)",
        "entity_id": "Q1406681"
    },
    {
        "query_id": "218_425",
        "wiki_title": "Michele Aboro",
        "entity_id": "Q6836680"
    },
    {
        "query_id": "218_426",
        "wiki_title": "Bianca Guaccero",
        "entity_id": "Q1093980"
    },
    {
        "query_id": "218_427",
        "wiki_title": "Viator of Lyons",
        "entity_id": "Q4011032"
    },
    {
        "query_id": "218_428",
        "wiki_title": "Alonso Cano",
        "entity_id": "Q378783"
    },
    {
        "query_id": "218_429",
        "wiki_title": "William Franklin Switzler",
        "entity_id": "Q18749220"
    },
    {
        "query_id": "218_430",
        "wiki_title": "Dennis Havig",
        "entity_id": "Q5258494"
    },
    {
        "query_id": "218_431",
        "wiki_title": "Alma Karlin",
        "entity_id": "Q79131"
    },
    {
        "query_id": "218_432",
        "wiki_title": "Petros Tabouris",
        "entity_id": "Q7179100"
    },
    {
        "query_id": "218_433",
        "wiki_title": "György Kárpáti (film director)",
        "entity_id": "Q1123606"
    },
    {
        "query_id": "218_434",
        "wiki_title": "Szymon Kataszek",
        "entity_id": "Q9352658"
    },
    {
        "query_id": "218_435",
        "wiki_title": "Franky Zapata",
        "entity_id": "Q16729086"
    },
    {
        "query_id": "218_436",
        "wiki_title": "Rolland Golden",
        "entity_id": "Q7360964"
    },
    {
        "query_id": "218_437",
        "wiki_title": "Barbara Harris (bishop)",
        "entity_id": "Q274590"
    },
    {
        "query_id": "218_438",
        "wiki_title": "Huo Liang",
        "entity_id": "Q934606"
    },
    {
        "query_id": "218_439",
        "wiki_title": "David Granger (bobsleigh)",
        "entity_id": "Q3437676"
    },
    {
        "query_id": "218_440",
        "wiki_title": "John Mant",
        "entity_id": "Q6246654"
    },
    {
        "query_id": "218_441",
        "wiki_title": "Marilyn Ferguson",
        "entity_id": "Q271791"
    },
    {
        "query_id": "218_442",
        "wiki_title": "Andrea Magi",
        "entity_id": "Q4755163"
    },
    {
        "query_id": "218_443",
        "wiki_title": "Gérard Fromanger",
        "entity_id": "Q2041451"
    },
    {
        "query_id": "218_444",
        "wiki_title": "Joe English (loyalist)",
        "entity_id": "Q6209704"
    },
    {
        "query_id": "218_445",
        "wiki_title": "Mukhtar Mukhtarov",
        "entity_id": "Q544836"
    },
    {
        "query_id": "218_446",
        "wiki_title": "Hank Autry",
        "entity_id": "Q5648280"
    },
    {
        "query_id": "218_447",
        "wiki_title": "Renato Bartilotti",
        "entity_id": "Q7312623"
    },
    {
        "query_id": "218_448",
        "wiki_title": "Mapy Cortés",
        "entity_id": "Q5407774"
    },
    {
        "query_id": "218_449",
        "wiki_title": "Michelle Renaud",
        "entity_id": "Q3311459"
    },
    {
        "query_id": "218_450",
        "wiki_title": "Olegarius",
        "entity_id": "Q1633681"
    },
    {
        "query_id": "218_451",
        "wiki_title": "Philibert Orry",
        "entity_id": "Q921205"
    },
    {
        "query_id": "218_452",
        "wiki_title": "Sam Storey",
        "entity_id": "Q7408211"
    },
    {
        "query_id": "218_453",
        "wiki_title": "Israel Horowitz (producer)",
        "entity_id": "Q6086995"
    },
    {
        "query_id": "218_454",
        "wiki_title": "Everett Glass",
        "entity_id": "Q3061465"
    },
    {
        "query_id": "218_455",
        "wiki_title": "Shagari Mohammed",
        "entity_id": "Q10487193"
    },
    {
        "query_id": "218_456",
        "wiki_title": "C. N. Annadurai",
        "entity_id": "Q138765"
    },
    {
        "query_id": "218_457",
        "wiki_title": "Frederick Mackenzie (Quebec politician)",
        "entity_id": "Q3087132"
    },
    {
        "query_id": "218_458",
        "wiki_title": "Brian Kerwin",
        "entity_id": "Q662186"
    },
    {
        "query_id": "218_459",
        "wiki_title": "Ken Irvin",
        "entity_id": "Q6387854"
    },
    {
        "query_id": "218_460",
        "wiki_title": "Gyula Czimra",
        "entity_id": "Q5625568"
    },
    {
        "query_id": "218_461",
        "wiki_title": "JB Magsaysay",
        "entity_id": "Q6107802"
    },
    {
        "query_id": "218_462",
        "wiki_title": "Serjik Teymourian",
        "entity_id": "Q7454947"
    },
    {
        "query_id": "218_463",
        "wiki_title": "Dick Calmus",
        "entity_id": "Q5272738"
    },
    {
        "query_id": "218_464",
        "wiki_title": "Erik Pedersen",
        "entity_id": "Q1778810"
    },
    {
        "query_id": "218_465",
        "wiki_title": "Pete Donohue",
        "entity_id": "Q7171936"
    },
    {
        "query_id": "218_466",
        "wiki_title": "Louis Renault (jurist)",
        "entity_id": "Q230814"
    },
    {
        "query_id": "218_467",
        "wiki_title": "Tjokorda Ngurah Wim Sukawati",
        "entity_id": "Q15993516"
    },
    {
        "query_id": "218_468",
        "wiki_title": "Luis Fernando Tena",
        "entity_id": "Q628484"
    },
    {
        "query_id": "218_469",
        "wiki_title": "Damian Pettigrew",
        "entity_id": "Q1133492"
    },
    {
        "query_id": "218_470",
        "wiki_title": "Wayne G. Hammond",
        "entity_id": "Q95087"
    },
    {
        "query_id": "218_471",
        "wiki_title": "Walter W. Arndt",
        "entity_id": "Q7966350"
    },
    {
        "query_id": "218_472",
        "wiki_title": "Christian Vaquero",
        "entity_id": "Q5110238"
    },
    {
        "query_id": "218_473",
        "wiki_title": "Jörg Bergmeister",
        "entity_id": "Q62795"
    },
    {
        "query_id": "218_474",
        "wiki_title": "David Watson (general)",
        "entity_id": "Q5240877"
    },
    {
        "query_id": "218_475",
        "wiki_title": "Giancarlo Santi",
        "entity_id": "Q3762962"
    },
    {
        "query_id": "218_476",
        "wiki_title": "Catherine Tishem",
        "entity_id": "Q5052948"
    },
    {
        "query_id": "218_477",
        "wiki_title": "Travis Thomas",
        "entity_id": "Q7836383"
    },
    {
        "query_id": "218_478",
        "wiki_title": "Karim Ojjeh",
        "entity_id": "Q6023992"
    },
    {
        "query_id": "218_479",
        "wiki_title": "Rahmatullo Fuzailov",
        "entity_id": "Q1994390"
    },
    {
        "query_id": "218_480",
        "wiki_title": "Jiří Vyčichlo",
        "entity_id": "Q12025599"
    },
    {
        "query_id": "218_481",
        "wiki_title": "Youri Messen-Jaschin",
        "entity_id": "Q1340460"
    },
    {
        "query_id": "218_482",
        "wiki_title": "Jesús Antonio Hernández",
        "entity_id": "Q16226850"
    },
    {
        "query_id": "218_483",
        "wiki_title": "Dr. John",
        "entity_id": "Q511074"
    },
    {
        "query_id": "218_484",
        "wiki_title": "Wayne Horvitz",
        "entity_id": "Q2553084"
    },
    {
        "query_id": "218_485",
        "wiki_title": "Lindsay Pagano",
        "entity_id": "Q6552770"
    },
    {
        "query_id": "218_486",
        "wiki_title": "Jan van de Cappelle",
        "entity_id": "Q759804"
    },
    {
        "query_id": "218_487",
        "wiki_title": "Édouard Vaillant",
        "entity_id": "Q274464"
    },
    {
        "query_id": "218_488",
        "wiki_title": "Gerhard Ludwig",
        "entity_id": "Q118469"
    },
    {
        "query_id": "218_489",
        "wiki_title": "James A. Peters",
        "entity_id": "Q3160913"
    },
    {
        "query_id": "218_490",
        "wiki_title": "Gaston-François de Witte",
        "entity_id": "Q2656478"
    },
    {
        "query_id": "218_491",
        "wiki_title": "Rita Cadillac",
        "entity_id": "Q112832"
    },
    {
        "query_id": "218_492",
        "wiki_title": "Farman Behboud",
        "entity_id": "Q5435629"
    },
    {
        "query_id": "218_493",
        "wiki_title": "Bill Short",
        "entity_id": "Q4910864"
    },
    {
        "query_id": "218_494",
        "wiki_title": "Francisco María Oreamuno Bonilla",
        "entity_id": "Q449426"
    },
    {
        "query_id": "218_495",
        "wiki_title": "Martin Simonson",
        "entity_id": "Q6776590"
    },
    {
        "query_id": "218_496",
        "wiki_title": "Hittman",
        "entity_id": "Q2750897"
    },
    {
        "query_id": "218_497",
        "wiki_title": "William Bell Scott",
        "entity_id": "Q2075556"
    },
    {
        "query_id": "218_498",
        "wiki_title": "Roger Mendy",
        "entity_id": "Q3439275"
    },
    {
        "query_id": "218_499",
        "wiki_title": "Mimoun Ouled Radi",
        "entity_id": "Q2496773"
    },
    {
        "query_id": "218_500",
        "wiki_title": "William Osler",
        "entity_id": "Q369668"
    },
    {
        "query_id": "218_501",
        "wiki_title": "Kensho Ono",
        "entity_id": "Q1139912"
    },
    {
        "query_id": "218_502",
        "wiki_title": "Naziah Ali",
        "entity_id": "Q6983430"
    },
    {
        "query_id": "218_503",
        "wiki_title": "Ted Williams",
        "entity_id": "Q172478"
    },
    {
        "query_id": "218_504",
        "wiki_title": "Anthony Gale (sledge hockey)",
        "entity_id": "Q15979653"
    },
    {
        "query_id": "218_505",
        "wiki_title": "Louis Kasekende",
        "entity_id": "Q6687538"
    },
    {
        "query_id": "218_506",
        "wiki_title": "Shinji Hamazaki",
        "entity_id": "Q7497577"
    },
    {
        "query_id": "218_507",
        "wiki_title": "Jeanne de Casalis",
        "entity_id": "Q6172236"
    },
    {
        "query_id": "218_508",
        "wiki_title": "Henry Soames",
        "entity_id": "Q5728475"
    },
    {
        "query_id": "218_509",
        "wiki_title": "Merceditas Gutierrez",
        "entity_id": "Q6818229"
    },
    {
        "query_id": "218_510",
        "wiki_title": "Karl Bartholomaeus Heller",
        "entity_id": "Q1730425"
    },
    {
        "query_id": "218_511",
        "wiki_title": "Richie Ashburn",
        "entity_id": "Q1489089"
    },
    {
        "query_id": "218_512",
        "wiki_title": "Yoshifumi Tajima",
        "entity_id": "Q8056023"
    },
    {
        "query_id": "218_513",
        "wiki_title": "Blair Thornton",
        "entity_id": "Q4924182"
    },
    {
        "query_id": "218_514",
        "wiki_title": "Azharullah",
        "entity_id": "Q15983427"
    },
    {
        "query_id": "218_515",
        "wiki_title": "Javier Suárez (economist)",
        "entity_id": "Q434845"
    },
    {
        "query_id": "218_516",
        "wiki_title": "Anatoly Georgievich Ufimtsev",
        "entity_id": "Q4479142"
    },
    {
        "query_id": "218_517",
        "wiki_title": "George Maluleka",
        "entity_id": "Q5542096"
    },
    {
        "query_id": "218_518",
        "wiki_title": "Martin Behaim",
        "entity_id": "Q44838"
    },
    {
        "query_id": "218_519",
        "wiki_title": "Roger McKee",
        "entity_id": "Q7359311"
    },
    {
        "query_id": "218_520",
        "wiki_title": "Domenico Bologna",
        "entity_id": "Q16198292"
    },
    {
        "query_id": "218_521",
        "wiki_title": "Bruce C. Heezen",
        "entity_id": "Q360823"
    },
    {
        "query_id": "218_522",
        "wiki_title": "Alexandros Matsas",
        "entity_id": "Q4721054"
    },
    {
        "query_id": "218_523",
        "wiki_title": "Michele Tenore",
        "entity_id": "Q947973"
    },
    {
        "query_id": "218_524",
        "wiki_title": "Hans Tikkanen",
        "entity_id": "Q471084"
    },
    {
        "query_id": "218_525",
        "wiki_title": "Halloween (wrestler)",
        "entity_id": "Q5643093"
    },
    {
        "query_id": "218_526",
        "wiki_title": "Kazuhiro Suzuki",
        "entity_id": "Q1574414"
    },
    {
        "query_id": "218_527",
        "wiki_title": "Hook Nose",
        "entity_id": "Q495732"
    },
    {
        "query_id": "218_528",
        "wiki_title": "John Mitchell (baseball)",
        "entity_id": "Q6248999"
    },
    {
        "query_id": "218_529",
        "wiki_title": "Jim Roland",
        "entity_id": "Q16018897"
    },
    {
        "query_id": "218_530",
        "wiki_title": "Gino Bianco",
        "entity_id": "Q172337"
    },
    {
        "query_id": "218_531",
        "wiki_title": "Marcellus Stearns",
        "entity_id": "Q885679"
    },
    {
        "query_id": "218_532",
        "wiki_title": "Egbert van der Poel",
        "entity_id": "Q1296941"
    },
    {
        "query_id": "218_533",
        "wiki_title": "Pieter van Laer",
        "entity_id": "Q576907"
    },
    {
        "query_id": "218_534",
        "wiki_title": "Gösta Eriksson (rowing)",
        "entity_id": "Q5626679"
    },
    {
        "query_id": "218_535",
        "wiki_title": "Rob Lukachyk",
        "entity_id": "Q7340325"
    },
    {
        "query_id": "218_536",
        "wiki_title": "Don Reid (singer)",
        "entity_id": "Q5293388"
    },
    {
        "query_id": "218_537",
        "wiki_title": "Sue Vertue",
        "entity_id": "Q3133366"
    },
    {
        "query_id": "218_538",
        "wiki_title": "Pierre-Yves Barré",
        "entity_id": "Q3180772"
    },
    {
        "query_id": "218_539",
        "wiki_title": "Todd Sieben",
        "entity_id": "Q7812633"
    },
    {
        "query_id": "218_540",
        "wiki_title": "John Edward Campbell",
        "entity_id": "Q6231282"
    },
    {
        "query_id": "218_541",
        "wiki_title": "Louis Joseph Troost",
        "entity_id": "Q3262363"
    },
    {
        "query_id": "218_542",
        "wiki_title": "Jean Dorion",
        "entity_id": "Q3171785"
    },
    {
        "query_id": "218_543",
        "wiki_title": "Klaus Wunder",
        "entity_id": "Q320860"
    },
    {
        "query_id": "218_544",
        "wiki_title": "Heiko Balz",
        "entity_id": "Q1496947"
    },
    {
        "query_id": "218_545",
        "wiki_title": "KK (musician)",
        "entity_id": "Q6332244"
    },
    {
        "query_id": "218_546",
        "wiki_title": "Margot Shumway",
        "entity_id": "Q11768667"
    },
    {
        "query_id": "218_547",
        "wiki_title": "Norbert Grund",
        "entity_id": "Q1996810"
    },
    {
        "query_id": "218_548",
        "wiki_title": "Jaakko Laakso",
        "entity_id": "Q6109579"
    },
    {
        "query_id": "218_549",
        "wiki_title": "John Spencer-Churchill, 11th Duke of Marlborough",
        "entity_id": "Q335796"
    },
    {
        "query_id": "218_550",
        "wiki_title": "Vitaliy Sobko",
        "entity_id": "Q7936909"
    },
    {
        "query_id": "218_551",
        "wiki_title": "Mikael Eriksson (ice hockey)",
        "entity_id": "Q6845600"
    },
    {
        "query_id": "218_552",
        "wiki_title": "James W. Owens (congressman)",
        "entity_id": "Q6144871"
    },
    {
        "query_id": "218_553",
        "wiki_title": "John Johnson (linebacker)",
        "entity_id": "Q17478662"
    },
    {
        "query_id": "218_554",
        "wiki_title": "Rodger Stevens",
        "entity_id": "Q7356737"
    },
    {
        "query_id": "218_555",
        "wiki_title": "Gintautas Umaras",
        "entity_id": "Q952093"
    },
    {
        "query_id": "218_556",
        "wiki_title": "Cooper Smeaton",
        "entity_id": "Q2996576"
    },
    {
        "query_id": "218_557",
        "wiki_title": "Liam Carroll (hurler)",
        "entity_id": "Q17305760"
    },
    {
        "query_id": "218_558",
        "wiki_title": "Wellington Santos da Silva",
        "entity_id": "Q1739038"
    },
    {
        "query_id": "218_559",
        "wiki_title": "George Chambers (cricketer, born 1884)",
        "entity_id": "Q5537801"
    },
    {
        "query_id": "218_560",
        "wiki_title": "Will Little",
        "entity_id": "Q19518046"
    },
    {
        "query_id": "218_561",
        "wiki_title": "Benny Napoleon",
        "entity_id": "Q16151874"
    },
    {
        "query_id": "218_562",
        "wiki_title": "Corey Bramlet",
        "entity_id": "Q5170335"
    },
    {
        "query_id": "218_563",
        "wiki_title": "Daniel Hynes",
        "entity_id": "Q3013102"
    },
    {
        "query_id": "218_564",
        "wiki_title": "Cloe Elmo",
        "entity_id": "Q3680891"
    },
    {
        "query_id": "218_565",
        "wiki_title": "Marie-Hélène Aubert",
        "entity_id": "Q440732"
    },
    {
        "query_id": "218_566",
        "wiki_title": "Johann Gregor Memhardt",
        "entity_id": "Q86782"
    },
    {
        "query_id": "218_567",
        "wiki_title": "Frangiskos Papamanolis",
        "entity_id": "Q4344620"
    },
    {
        "query_id": "218_568",
        "wiki_title": "Juan Landázuri Ricketts",
        "entity_id": "Q981501"
    },
    {
        "query_id": "218_569",
        "wiki_title": "Nissim of Gerona",
        "entity_id": "Q723531"
    },
    {
        "query_id": "218_570",
        "wiki_title": "Hamza Koudri",
        "entity_id": "Q2319658"
    },
    {
        "query_id": "218_571",
        "wiki_title": "Francisco Fernández de la Cueva, 10th Duke of Alburquerque",
        "entity_id": "Q618547"
    },
    {
        "query_id": "218_572",
        "wiki_title": "Archibald Willard",
        "entity_id": "Q2860094"
    },
    {
        "query_id": "218_573",
        "wiki_title": "Stig Kleven",
        "entity_id": "Q7616439"
    },
    {
        "query_id": "218_574",
        "wiki_title": "Li Huai Min",
        "entity_id": "Q6538834"
    },
    {
        "query_id": "218_575",
        "wiki_title": "Alton Montgomery",
        "entity_id": "Q4736900"
    },
    {
        "query_id": "218_576",
        "wiki_title": "Joanna Elisabeth of Holstein-Gottorp",
        "entity_id": "Q61826"
    },
    {
        "query_id": "218_577",
        "wiki_title": "Richard Rawlinson",
        "entity_id": "Q3431148"
    },
    {
        "query_id": "218_578",
        "wiki_title": "Valérie Létard",
        "entity_id": "Q2321787"
    },
    {
        "query_id": "218_579",
        "wiki_title": "María Milagros Véliz",
        "entity_id": "Q3309955"
    },
    {
        "query_id": "218_580",
        "wiki_title": "Florian Reichstädter",
        "entity_id": "Q16221133"
    },
    {
        "query_id": "218_581",
        "wiki_title": "Jean Georges Lefranc de Pompignan",
        "entity_id": "Q1684872"
    },
    {
        "query_id": "218_582",
        "wiki_title": "Brad Goddard",
        "entity_id": "Q4953951"
    },
    {
        "query_id": "218_583",
        "wiki_title": "Billy Fellowes",
        "entity_id": "Q4908957"
    }
]