[
    {
        "query_id": "22_0",
        "wiki_title": "George Rankin",
        "entity_id": "Q5543720"
    },
    {
        "query_id": "22_1",
        "wiki_title": "John Mayne",
        "entity_id": "Q6247345"
    },
    {
        "query_id": "22_2",
        "wiki_title": "Henry Feilden (Conservative politician)",
        "entity_id": "Q5725578"
    },
    {
        "query_id": "22_3",
        "wiki_title": "Kathy Saltzman",
        "entity_id": "Q6377295"
    },
    {
        "query_id": "22_4",
        "wiki_title": "Eleanor Davis",
        "entity_id": "Q5354261"
    },
    {
        "query_id": "22_5",
        "wiki_title": "Alexander Rinnooy Kan",
        "entity_id": "Q2215214"
    },
    {
        "query_id": "22_6",
        "wiki_title": "Scooter Braun",
        "entity_id": "Q1189670"
    },
    {
        "query_id": "22_7",
        "wiki_title": "Leona Detiège",
        "entity_id": "Q2261198"
    },
    {
        "query_id": "22_8",
        "wiki_title": "William Murray, 1st Earl of Mansfield",
        "entity_id": "Q869340"
    },
    {
        "query_id": "22_9",
        "wiki_title": "Þorsteinn Bachmann",
        "entity_id": "Q8079549"
    },
    {
        "query_id": "22_10",
        "wiki_title": "Herlyn Espinal",
        "entity_id": "Q17412700"
    },
    {
        "query_id": "22_11",
        "wiki_title": "Jacob Kraemer",
        "entity_id": "Q6118887"
    },
    {
        "query_id": "22_12",
        "wiki_title": "Fred C. Newmeyer",
        "entity_id": "Q1452243"
    },
    {
        "query_id": "22_13",
        "wiki_title": "Edward Corser",
        "entity_id": "Q5342416"
    },
    {
        "query_id": "22_14",
        "wiki_title": "Bae Geu-rin",
        "entity_id": "Q12961881"
    },
    {
        "query_id": "22_15",
        "wiki_title": "Javier Alva Orlandini",
        "entity_id": "Q6165409"
    },
    {
        "query_id": "22_16",
        "wiki_title": "Edgar Allan Poe",
        "entity_id": "Q16867"
    },
    {
        "query_id": "22_17",
        "wiki_title": "John Finlay (Canadian politician)",
        "entity_id": "Q6233155"
    },
    {
        "query_id": "22_18",
        "wiki_title": "John Floyd (Georgia politician)",
        "entity_id": "Q1572340"
    },
    {
        "query_id": "22_19",
        "wiki_title": "Sachiko Kokubu",
        "entity_id": "Q3545964"
    },
    {
        "query_id": "22_20",
        "wiki_title": "Rudolf Hilferding",
        "entity_id": "Q57848"
    },
    {
        "query_id": "22_21",
        "wiki_title": "Charles Strachey, 4th Baron O'Hagan",
        "entity_id": "Q5082715"
    },
    {
        "query_id": "22_22",
        "wiki_title": "Akari Hayami",
        "entity_id": "Q616579"
    },
    {
        "query_id": "22_23",
        "wiki_title": "Richard Martin (actor)",
        "entity_id": "Q3431024"
    },
    {
        "query_id": "22_24",
        "wiki_title": "Harvey Peltier Sr.",
        "entity_id": "Q16008268"
    },
    {
        "query_id": "22_25",
        "wiki_title": "Paris (actor under Domitian)",
        "entity_id": "Q7137192"
    },
    {
        "query_id": "22_26",
        "wiki_title": "Fairfax M. Cone",
        "entity_id": "Q5430184"
    },
    {
        "query_id": "22_27",
        "wiki_title": "Colleen Zenk",
        "entity_id": "Q5034036"
    },
    {
        "query_id": "22_28",
        "wiki_title": "Thomas McMurtry",
        "entity_id": "Q7792347"
    },
    {
        "query_id": "22_29",
        "wiki_title": "Albert Bates",
        "entity_id": "Q4709706"
    },
    {
        "query_id": "22_30",
        "wiki_title": "Heath (musician)",
        "entity_id": "Q1602025"
    },
    {
        "query_id": "22_31",
        "wiki_title": "Wise (Stetsasonic)",
        "entity_id": "Q8027436"
    },
    {
        "query_id": "22_32",
        "wiki_title": "Stevie Cameron",
        "entity_id": "Q3499310"
    },
    {
        "query_id": "22_33",
        "wiki_title": "Yoshiki Tonogai",
        "entity_id": "Q521706"
    },
    {
        "query_id": "22_34",
        "wiki_title": "Geeling Ng",
        "entity_id": "Q5529821"
    },
    {
        "query_id": "22_35",
        "wiki_title": "Bruce McDaniel",
        "entity_id": "Q4977981"
    },
    {
        "query_id": "22_36",
        "wiki_title": "Thomas R. Whitney",
        "entity_id": "Q759131"
    },
    {
        "query_id": "22_37",
        "wiki_title": "William Lescaze",
        "entity_id": "Q550725"
    },
    {
        "query_id": "22_38",
        "wiki_title": "Edwin Wallock",
        "entity_id": "Q3048825"
    },
    {
        "query_id": "22_39",
        "wiki_title": "Tsutomu Seki",
        "entity_id": "Q453649"
    },
    {
        "query_id": "22_40",
        "wiki_title": "Matthew McKay (politician)",
        "entity_id": "Q6790954"
    },
    {
        "query_id": "22_41",
        "wiki_title": "Dominick Bellizzi",
        "entity_id": "Q5290903"
    },
    {
        "query_id": "22_42",
        "wiki_title": "William Watson (scientist)",
        "entity_id": "Q462269"
    },
    {
        "query_id": "22_43",
        "wiki_title": "Sarah Dawn Finer",
        "entity_id": "Q248592"
    },
    {
        "query_id": "22_44",
        "wiki_title": "Brendan Canty",
        "entity_id": "Q2924425"
    },
    {
        "query_id": "22_45",
        "wiki_title": "María Elena Marqués",
        "entity_id": "Q1964025"
    },
    {
        "query_id": "22_46",
        "wiki_title": "Michael Arad",
        "entity_id": "Q2915755"
    },
    {
        "query_id": "22_47",
        "wiki_title": "Patrick O'Brien Demsey",
        "entity_id": "Q7147362"
    },
    {
        "query_id": "22_48",
        "wiki_title": "Ole Krarup",
        "entity_id": "Q981321"
    },
    {
        "query_id": "22_49",
        "wiki_title": "Antonio Álvarez Alonso",
        "entity_id": "Q2285330"
    },
    {
        "query_id": "22_50",
        "wiki_title": "Boutheina Jabnoun Marai",
        "entity_id": "Q4950442"
    },
    {
        "query_id": "22_51",
        "wiki_title": "Robert Viharo",
        "entity_id": "Q16239300"
    },
    {
        "query_id": "22_52",
        "wiki_title": "Ankita Mayank Sharma",
        "entity_id": "Q2721495"
    },
    {
        "query_id": "22_53",
        "wiki_title": "Robby Krieger",
        "entity_id": "Q311900"
    },
    {
        "query_id": "22_54",
        "wiki_title": "Paul the Apostle",
        "entity_id": "Q9200"
    },
    {
        "query_id": "22_55",
        "wiki_title": "Shozaburo Nakamura",
        "entity_id": "Q10856016"
    },
    {
        "query_id": "22_56",
        "wiki_title": "Esquerita",
        "entity_id": "Q3058617"
    },
    {
        "query_id": "22_57",
        "wiki_title": "Derek Wheatley",
        "entity_id": "Q5262453"
    },
    {
        "query_id": "22_58",
        "wiki_title": "Herman A. Barnett",
        "entity_id": "Q16007345"
    },
    {
        "query_id": "22_59",
        "wiki_title": "Modou Dia",
        "entity_id": "Q3317947"
    },
    {
        "query_id": "22_60",
        "wiki_title": "Alex Krieps",
        "entity_id": "Q4717326"
    },
    {
        "query_id": "22_61",
        "wiki_title": "Veronica Franco",
        "entity_id": "Q257493"
    },
    {
        "query_id": "22_62",
        "wiki_title": "Maev-Ann Wren",
        "entity_id": "Q6729379"
    },
    {
        "query_id": "22_63",
        "wiki_title": "Norman Crowther Hunt, Baron Crowther-Hunt",
        "entity_id": "Q7052125"
    },
    {
        "query_id": "22_64",
        "wiki_title": "Vincenzo Di Nicola",
        "entity_id": "Q7932229"
    },
    {
        "query_id": "22_65",
        "wiki_title": "Tor Aulin",
        "entity_id": "Q786825"
    },
    {
        "query_id": "22_66",
        "wiki_title": "Henry Tizard",
        "entity_id": "Q901295"
    },
    {
        "query_id": "22_67",
        "wiki_title": "Glenn Albrecht",
        "entity_id": "Q5568664"
    },
    {
        "query_id": "22_68",
        "wiki_title": "Thomas Hinds",
        "entity_id": "Q2424745"
    },
    {
        "query_id": "22_69",
        "wiki_title": "Tobias Lindholm",
        "entity_id": "Q246996"
    },
    {
        "query_id": "22_70",
        "wiki_title": "Lisa McRee",
        "entity_id": "Q6558261"
    },
    {
        "query_id": "22_71",
        "wiki_title": "Rick Gilmore",
        "entity_id": "Q7331416"
    },
    {
        "query_id": "22_72",
        "wiki_title": "Jon Eikemo",
        "entity_id": "Q4587483"
    },
    {
        "query_id": "22_73",
        "wiki_title": "Jilly Cooper",
        "entity_id": "Q1689012"
    },
    {
        "query_id": "22_74",
        "wiki_title": "Íngrid Martz",
        "entity_id": "Q516287"
    },
    {
        "query_id": "22_75",
        "wiki_title": "Teddy Riley",
        "entity_id": "Q927450"
    },
    {
        "query_id": "22_76",
        "wiki_title": "Gillian Raine",
        "entity_id": "Q5562275"
    },
    {
        "query_id": "22_77",
        "wiki_title": "Tolis Voskopoulos",
        "entity_id": "Q2333758"
    },
    {
        "query_id": "22_78",
        "wiki_title": "Marco Ameglio",
        "entity_id": "Q16147358"
    },
    {
        "query_id": "22_79",
        "wiki_title": "Mohd Sharkar Shamsudin",
        "entity_id": "Q16732751"
    },
    {
        "query_id": "22_80",
        "wiki_title": "Anthony Sharp",
        "entity_id": "Q785197"
    },
    {
        "query_id": "22_81",
        "wiki_title": "Valgerður Bjarnadóttir",
        "entity_id": "Q540116"
    },
    {
        "query_id": "22_82",
        "wiki_title": "Wallace Dollase",
        "entity_id": "Q7962780"
    },
    {
        "query_id": "22_83",
        "wiki_title": "Claire Berlinski",
        "entity_id": "Q1122303"
    },
    {
        "query_id": "22_84",
        "wiki_title": "James Cook",
        "entity_id": "Q7324"
    },
    {
        "query_id": "22_85",
        "wiki_title": "Russell Stokes",
        "entity_id": "Q7381796"
    },
    {
        "query_id": "22_86",
        "wiki_title": "Henk Bleker",
        "entity_id": "Q558472"
    },
    {
        "query_id": "22_87",
        "wiki_title": "Jim Brown (radio host)",
        "entity_id": "Q6193880"
    },
    {
        "query_id": "22_88",
        "wiki_title": "Christoph Schlingensief",
        "entity_id": "Q45070"
    },
    {
        "query_id": "22_89",
        "wiki_title": "C. E. Webber",
        "entity_id": "Q1945715"
    },
    {
        "query_id": "22_90",
        "wiki_title": "Gladwyn Jebb",
        "entity_id": "Q1275"
    },
    {
        "query_id": "22_91",
        "wiki_title": "Dean Alfange",
        "entity_id": "Q5245973"
    },
    {
        "query_id": "22_92",
        "wiki_title": "Tyler, the Creator",
        "entity_id": "Q167635"
    },
    {
        "query_id": "22_93",
        "wiki_title": "Edwin E. Ellis",
        "entity_id": "Q16012233"
    },
    {
        "query_id": "22_94",
        "wiki_title": "Muhammad Ali Luqman",
        "entity_id": "Q6854091"
    },
    {
        "query_id": "22_95",
        "wiki_title": "Ivo Perilli",
        "entity_id": "Q246419"
    },
    {
        "query_id": "22_96",
        "wiki_title": "Nathan Purdee",
        "entity_id": "Q6969295"
    },
    {
        "query_id": "22_97",
        "wiki_title": "Joseph Weydemeyer",
        "entity_id": "Q216162"
    },
    {
        "query_id": "22_98",
        "wiki_title": "Ai (poet)",
        "entity_id": "Q403146"
    },
    {
        "query_id": "22_99",
        "wiki_title": "Rinaldo del Mel",
        "entity_id": "Q7334576"
    },
    {
        "query_id": "22_100",
        "wiki_title": "Francis Howard, 5th Baron Howard of Effingham",
        "entity_id": "Q1441549"
    },
    {
        "query_id": "22_101",
        "wiki_title": "Luís Marques Guedes",
        "entity_id": "Q11764395"
    },
    {
        "query_id": "22_102",
        "wiki_title": "Nigel Sheinwald",
        "entity_id": "Q4522462"
    },
    {
        "query_id": "22_103",
        "wiki_title": "Ge You",
        "entity_id": "Q2658847"
    },
    {
        "query_id": "22_104",
        "wiki_title": "Annie Beustes",
        "entity_id": "Q2851626"
    },
    {
        "query_id": "22_105",
        "wiki_title": "Kazuyoshi Sekine",
        "entity_id": "Q268802"
    },
    {
        "query_id": "22_106",
        "wiki_title": "Elisa Bridges",
        "entity_id": "Q905439"
    },
    {
        "query_id": "22_107",
        "wiki_title": "Domingo Eyzaguirre",
        "entity_id": "Q5290362"
    },
    {
        "query_id": "22_108",
        "wiki_title": "Karol Życzkowski",
        "entity_id": "Q6373091"
    },
    {
        "query_id": "22_109",
        "wiki_title": "Joyce Tang",
        "entity_id": "Q2799766"
    },
    {
        "query_id": "22_110",
        "wiki_title": "Suzanne Lilar",
        "entity_id": "Q1924889"
    },
    {
        "query_id": "22_111",
        "wiki_title": "Karen Redman",
        "entity_id": "Q3193126"
    },
    {
        "query_id": "22_112",
        "wiki_title": "Jean-Yves Daniel-Lesur",
        "entity_id": "Q955697"
    },
    {
        "query_id": "22_113",
        "wiki_title": "Eduard Looijenga",
        "entity_id": "Q15454945"
    },
    {
        "query_id": "22_114",
        "wiki_title": "Petrus Camper",
        "entity_id": "Q382682"
    },
    {
        "query_id": "22_115",
        "wiki_title": "Charles Harrison (Bewdley MP)",
        "entity_id": "Q5078803"
    },
    {
        "query_id": "22_116",
        "wiki_title": "Pathit Pisitkul",
        "entity_id": "Q13018117"
    },
    {
        "query_id": "22_117",
        "wiki_title": "Jacopo Melani",
        "entity_id": "Q2897491"
    },
    {
        "query_id": "22_118",
        "wiki_title": "Jeremiah Smith (lawyer)",
        "entity_id": "Q2734279"
    },
    {
        "query_id": "22_119",
        "wiki_title": "Richard Harris (composer)",
        "entity_id": "Q7326285"
    },
    {
        "query_id": "22_120",
        "wiki_title": "Peter W. Barca",
        "entity_id": "Q2078827"
    },
    {
        "query_id": "22_121",
        "wiki_title": "Harold Lever, Baron Lever of Manchester",
        "entity_id": "Q333321"
    },
    {
        "query_id": "22_122",
        "wiki_title": "Peter Murnoy",
        "entity_id": "Q7175997"
    },
    {
        "query_id": "22_123",
        "wiki_title": "Spencer Williams",
        "entity_id": "Q1282480"
    },
    {
        "query_id": "22_124",
        "wiki_title": "Richard Lui",
        "entity_id": "Q7327497"
    },
    {
        "query_id": "22_125",
        "wiki_title": "Charlotte von Hagn",
        "entity_id": "Q77921"
    },
    {
        "query_id": "22_126",
        "wiki_title": "James M. Geraghty",
        "entity_id": "Q6138430"
    },
    {
        "query_id": "22_127",
        "wiki_title": "Michael Hutchings (chef)",
        "entity_id": "Q16136337"
    },
    {
        "query_id": "22_128",
        "wiki_title": "Gideon Olin",
        "entity_id": "Q1523133"
    },
    {
        "query_id": "22_129",
        "wiki_title": "Cecil Aldin",
        "entity_id": "Q969310"
    },
    {
        "query_id": "22_130",
        "wiki_title": "Malcolm David Kelley",
        "entity_id": "Q310553"
    },
    {
        "query_id": "22_131",
        "wiki_title": "James Msekela",
        "entity_id": "Q5306810"
    },
    {
        "query_id": "22_132",
        "wiki_title": "Nancy Kassebaum",
        "entity_id": "Q458281"
    },
    {
        "query_id": "22_133",
        "wiki_title": "Reinhold Mack",
        "entity_id": "Q61679"
    },
    {
        "query_id": "22_134",
        "wiki_title": "Del Quentin Wilber",
        "entity_id": "Q5252969"
    },
    {
        "query_id": "22_135",
        "wiki_title": "Pierre Pansu",
        "entity_id": "Q1235647"
    },
    {
        "query_id": "22_136",
        "wiki_title": "Larry Coon",
        "entity_id": "Q6490123"
    },
    {
        "query_id": "22_137",
        "wiki_title": "Masayoshi Nataniya",
        "entity_id": "Q6782788"
    },
    {
        "query_id": "22_138",
        "wiki_title": "Leonida Tonelli",
        "entity_id": "Q1819452"
    },
    {
        "query_id": "22_139",
        "wiki_title": "Judith Rakers",
        "entity_id": "Q62867"
    },
    {
        "query_id": "22_140",
        "wiki_title": "Hiroyuki Arai",
        "entity_id": "Q5771482"
    },
    {
        "query_id": "22_141",
        "wiki_title": "Ernst Timme",
        "entity_id": "Q5395162"
    },
    {
        "query_id": "22_142",
        "wiki_title": "Bill Kintner",
        "entity_id": "Q16193682"
    },
    {
        "query_id": "22_143",
        "wiki_title": "Francesco Vettori",
        "entity_id": "Q1317800"
    },
    {
        "query_id": "22_144",
        "wiki_title": "Melinda Mullins",
        "entity_id": "Q6812485"
    },
    {
        "query_id": "22_145",
        "wiki_title": "Tachibana no Moroe",
        "entity_id": "Q3135863"
    },
    {
        "query_id": "22_146",
        "wiki_title": "Susan Kent (actress)",
        "entity_id": "Q7648063"
    },
    {
        "query_id": "22_147",
        "wiki_title": "Meyer Lutz",
        "entity_id": "Q6826428"
    },
    {
        "query_id": "22_148",
        "wiki_title": "Ludwig Lichtschein",
        "entity_id": "Q6699275"
    },
    {
        "query_id": "22_149",
        "wiki_title": "Will Smith",
        "entity_id": "Q40096"
    },
    {
        "query_id": "22_150",
        "wiki_title": "Marjorie Margolies",
        "entity_id": "Q510858"
    },
    {
        "query_id": "22_151",
        "wiki_title": "Władysław Sławny",
        "entity_id": "Q3570287"
    },
    {
        "query_id": "22_152",
        "wiki_title": "Pierre Chatenet",
        "entity_id": "Q346154"
    },
    {
        "query_id": "22_153",
        "wiki_title": "Friedrich Carl von Savigny",
        "entity_id": "Q76892"
    },
    {
        "query_id": "22_154",
        "wiki_title": "Luciano Vincenzoni",
        "entity_id": "Q743375"
    },
    {
        "query_id": "22_155",
        "wiki_title": "Thandiswa Mazwai",
        "entity_id": "Q4348940"
    },
    {
        "query_id": "22_156",
        "wiki_title": "Ameer (director)",
        "entity_id": "Q4742138"
    },
    {
        "query_id": "22_157",
        "wiki_title": "Wenceslao Vinzons",
        "entity_id": "Q3177790"
    },
    {
        "query_id": "22_158",
        "wiki_title": "Maurizio Belpietro",
        "entity_id": "Q3852522"
    },
    {
        "query_id": "22_159",
        "wiki_title": "Dash (rapper)",
        "entity_id": "Q18350383"
    },
    {
        "query_id": "22_160",
        "wiki_title": "Baton Haxhiu",
        "entity_id": "Q4869463"
    },
    {
        "query_id": "22_161",
        "wiki_title": "Johnson (composer)",
        "entity_id": "Q3523016"
    },
    {
        "query_id": "22_162",
        "wiki_title": "Samuel Wells Williams",
        "entity_id": "Q2311485"
    },
    {
        "query_id": "22_163",
        "wiki_title": "Walter Köbel",
        "entity_id": "Q109217"
    },
    {
        "query_id": "22_164",
        "wiki_title": "Debbie Johnson",
        "entity_id": "Q5247941"
    },
    {
        "query_id": "22_165",
        "wiki_title": "John Scurti",
        "entity_id": "Q186384"
    },
    {
        "query_id": "22_166",
        "wiki_title": "John Barnes (monk)",
        "entity_id": "Q6220774"
    },
    {
        "query_id": "22_167",
        "wiki_title": "Kekko Fornarelli",
        "entity_id": "Q3306885"
    },
    {
        "query_id": "22_168",
        "wiki_title": "T Power",
        "entity_id": "Q16734680"
    },
    {
        "query_id": "22_169",
        "wiki_title": "Adil Shamoo",
        "entity_id": "Q4682818"
    },
    {
        "query_id": "22_170",
        "wiki_title": "Patrick Mulvany",
        "entity_id": "Q7147286"
    },
    {
        "query_id": "22_171",
        "wiki_title": "Graham Collier",
        "entity_id": "Q1523857"
    },
    {
        "query_id": "22_172",
        "wiki_title": "Arcangelo Ghisleri",
        "entity_id": "Q3621417"
    },
    {
        "query_id": "22_173",
        "wiki_title": "Carlos María Ramírez",
        "entity_id": "Q136059"
    },
    {
        "query_id": "22_174",
        "wiki_title": "Tina Sloan",
        "entity_id": "Q537239"
    },
    {
        "query_id": "22_175",
        "wiki_title": "Andrew Trischitta",
        "entity_id": "Q16237051"
    },
    {
        "query_id": "22_176",
        "wiki_title": "Gerard Kennedy (actor)",
        "entity_id": "Q1283072"
    },
    {
        "query_id": "22_177",
        "wiki_title": "Giora Godik",
        "entity_id": "Q5563385"
    },
    {
        "query_id": "22_178",
        "wiki_title": "Lillian Lawrence",
        "entity_id": "Q11838668"
    },
    {
        "query_id": "22_179",
        "wiki_title": "Philip Rosenberg",
        "entity_id": "Q2086416"
    },
    {
        "query_id": "22_180",
        "wiki_title": "Sudarshan Faakir",
        "entity_id": "Q7519232"
    },
    {
        "query_id": "22_181",
        "wiki_title": "Shonali Bose",
        "entity_id": "Q7500359"
    },
    {
        "query_id": "22_182",
        "wiki_title": "Bruce Cockburn",
        "entity_id": "Q773830"
    },
    {
        "query_id": "22_183",
        "wiki_title": "Archibald Thomas Pechey",
        "entity_id": "Q4786537"
    },
    {
        "query_id": "22_184",
        "wiki_title": "Thomas Challis",
        "entity_id": "Q16065383"
    },
    {
        "query_id": "22_185",
        "wiki_title": "Mariana Vicente",
        "entity_id": "Q3847681"
    },
    {
        "query_id": "22_186",
        "wiki_title": "Huntington Wilson",
        "entity_id": "Q11327110"
    },
    {
        "query_id": "22_187",
        "wiki_title": "Gaziza Zhubanova",
        "entity_id": "Q1491329"
    },
    {
        "query_id": "22_188",
        "wiki_title": "Ek Yi Oun",
        "entity_id": "Q5350256"
    },
    {
        "query_id": "22_189",
        "wiki_title": "Ben Mount",
        "entity_id": "Q2447305"
    },
    {
        "query_id": "22_190",
        "wiki_title": "Ivan Mládek",
        "entity_id": "Q1369539"
    },
    {
        "query_id": "22_191",
        "wiki_title": "Bala (director)",
        "entity_id": "Q3429883"
    },
    {
        "query_id": "22_192",
        "wiki_title": "Steve Tom",
        "entity_id": "Q3247208"
    },
    {
        "query_id": "22_193",
        "wiki_title": "Ilja Rosendahl",
        "entity_id": "Q10981679"
    },
    {
        "query_id": "22_194",
        "wiki_title": "Ron Nyswaner",
        "entity_id": "Q1281149"
    },
    {
        "query_id": "22_195",
        "wiki_title": "Thanasis Pafilis",
        "entity_id": "Q2338958"
    },
    {
        "query_id": "22_196",
        "wiki_title": "Nicholas Sanduleak",
        "entity_id": "Q2744653"
    },
    {
        "query_id": "22_197",
        "wiki_title": "Christopher Butson (priest)",
        "entity_id": "Q11805289"
    },
    {
        "query_id": "22_198",
        "wiki_title": "Otto Frankel",
        "entity_id": "Q7109590"
    },
    {
        "query_id": "22_199",
        "wiki_title": "Hate Man",
        "entity_id": "Q5681199"
    },
    {
        "query_id": "22_200",
        "wiki_title": "Rich Brightman",
        "entity_id": "Q18921476"
    },
    {
        "query_id": "22_201",
        "wiki_title": "Denaun Porter",
        "entity_id": "Q465127"
    },
    {
        "query_id": "22_202",
        "wiki_title": "Felix Walker (American politician)",
        "entity_id": "Q1403882"
    },
    {
        "query_id": "22_203",
        "wiki_title": "Javad Maroufi",
        "entity_id": "Q2749790"
    },
    {
        "query_id": "22_204",
        "wiki_title": "Franz Seitz Sr.",
        "entity_id": "Q91593"
    },
    {
        "query_id": "22_205",
        "wiki_title": "Chris Jericho",
        "entity_id": "Q44144"
    },
    {
        "query_id": "22_206",
        "wiki_title": "Frederick Dundas",
        "entity_id": "Q5497686"
    },
    {
        "query_id": "22_207",
        "wiki_title": "Aim (musician)",
        "entity_id": "Q2003140"
    },
    {
        "query_id": "22_208",
        "wiki_title": "Nadia G",
        "entity_id": "Q6957697"
    },
    {
        "query_id": "22_209",
        "wiki_title": "Adele Capell, Countess of Essex",
        "entity_id": "Q4681873"
    },
    {
        "query_id": "22_210",
        "wiki_title": "Edward Francis Hutton",
        "entity_id": "Q3048511"
    },
    {
        "query_id": "22_211",
        "wiki_title": "Kanye West",
        "entity_id": "Q15935"
    },
    {
        "query_id": "22_212",
        "wiki_title": "Hawthorne James",
        "entity_id": "Q16237544"
    },
    {
        "query_id": "22_213",
        "wiki_title": "Sırrı Süreyya Önder",
        "entity_id": "Q982389"
    },
    {
        "query_id": "22_214",
        "wiki_title": "Edward Norton (MP)",
        "entity_id": "Q5344648"
    },
    {
        "query_id": "22_215",
        "wiki_title": "Linden Ashby",
        "entity_id": "Q447221"
    },
    {
        "query_id": "22_216",
        "wiki_title": "Lord Frederick Spencer Hamilton",
        "entity_id": "Q1869870"
    },
    {
        "query_id": "22_217",
        "wiki_title": "Ann Friedman",
        "entity_id": "Q16190438"
    },
    {
        "query_id": "22_218",
        "wiki_title": "Olav T. Laake",
        "entity_id": "Q7083225"
    },
    {
        "query_id": "22_219",
        "wiki_title": "Carolyn Eisele",
        "entity_id": "Q17489531"
    },
    {
        "query_id": "22_220",
        "wiki_title": "Jonathan Le Billon",
        "entity_id": "Q6273649"
    },
    {
        "query_id": "22_221",
        "wiki_title": "Mildred Okwo",
        "entity_id": "Q18344870"
    },
    {
        "query_id": "22_222",
        "wiki_title": "Eliza Lawrence",
        "entity_id": "Q5362161"
    },
    {
        "query_id": "22_223",
        "wiki_title": "Charles Combe",
        "entity_id": "Q5076400"
    },
    {
        "query_id": "22_224",
        "wiki_title": "GQ (actor)",
        "entity_id": "Q5514382"
    },
    {
        "query_id": "22_225",
        "wiki_title": "John D. Maurice",
        "entity_id": "Q6228258"
    },
    {
        "query_id": "22_226",
        "wiki_title": "Harvey Benge",
        "entity_id": "Q5677037"
    },
    {
        "query_id": "22_227",
        "wiki_title": "William Greaves",
        "entity_id": "Q8010139"
    },
    {
        "query_id": "22_228",
        "wiki_title": "David Joyce (politician)",
        "entity_id": "Q976778"
    },
    {
        "query_id": "22_229",
        "wiki_title": "Emmanuel Nnamdi Uba",
        "entity_id": "Q5373308"
    },
    {
        "query_id": "22_230",
        "wiki_title": "Zhu Houren",
        "entity_id": "Q3054232"
    },
    {
        "query_id": "22_231",
        "wiki_title": "Ayumi Hamasaki",
        "entity_id": "Q188111"
    },
    {
        "query_id": "22_232",
        "wiki_title": "Kristina Lugn",
        "entity_id": "Q271314"
    },
    {
        "query_id": "22_233",
        "wiki_title": "Luca Coscioni",
        "entity_id": "Q637527"
    },
    {
        "query_id": "22_234",
        "wiki_title": "Raymond S. Burton",
        "entity_id": "Q7299121"
    },
    {
        "query_id": "22_235",
        "wiki_title": "Beth Hart",
        "entity_id": "Q204804"
    },
    {
        "query_id": "22_236",
        "wiki_title": "Benazir Bhutto",
        "entity_id": "Q34413"
    },
    {
        "query_id": "22_237",
        "wiki_title": "Alan Huckle",
        "entity_id": "Q575354"
    },
    {
        "query_id": "22_238",
        "wiki_title": "Gunnar Uldall",
        "entity_id": "Q107637"
    },
    {
        "query_id": "22_239",
        "wiki_title": "Vishwanath Rao Ringe",
        "entity_id": "Q7936056"
    },
    {
        "query_id": "22_240",
        "wiki_title": "Alfred Mombert",
        "entity_id": "Q104790"
    },
    {
        "query_id": "22_241",
        "wiki_title": "Famke Janssen",
        "entity_id": "Q190794"
    },
    {
        "query_id": "22_242",
        "wiki_title": "Sylwester Braun",
        "entity_id": "Q7661075"
    },
    {
        "query_id": "22_243",
        "wiki_title": "Jack Mackenzie",
        "entity_id": "Q6113821"
    },
    {
        "query_id": "22_244",
        "wiki_title": "Kiko Mizuhara",
        "entity_id": "Q1051455"
    },
    {
        "query_id": "22_245",
        "wiki_title": "Michael Radford",
        "entity_id": "Q470601"
    },
    {
        "query_id": "22_246",
        "wiki_title": "Henry Campbell-Bannerman",
        "entity_id": "Q106618"
    },
    {
        "query_id": "22_247",
        "wiki_title": "Robert Voisey",
        "entity_id": "Q185366"
    },
    {
        "query_id": "22_248",
        "wiki_title": "Richard Vaughan (bishop)",
        "entity_id": "Q7329644"
    },
    {
        "query_id": "22_249",
        "wiki_title": "Brian Eno",
        "entity_id": "Q569003"
    },
    {
        "query_id": "22_250",
        "wiki_title": "Ernst Theodor Echtermeyer",
        "entity_id": "Q95960"
    },
    {
        "query_id": "22_251",
        "wiki_title": "Felicia Chateloin",
        "entity_id": "Q4985256"
    },
    {
        "query_id": "22_252",
        "wiki_title": "Debra Weeks",
        "entity_id": "Q5248523"
    },
    {
        "query_id": "22_253",
        "wiki_title": "Bedřich Feigl",
        "entity_id": "Q4879485"
    },
    {
        "query_id": "22_254",
        "wiki_title": "Richard Marles",
        "entity_id": "Q7327642"
    },
    {
        "query_id": "22_255",
        "wiki_title": "Burna Boy",
        "entity_id": "Q17305712"
    },
    {
        "query_id": "22_256",
        "wiki_title": "Michael Costa (conductor)",
        "entity_id": "Q1931081"
    },
    {
        "query_id": "22_257",
        "wiki_title": "Edward F. Cox",
        "entity_id": "Q5342827"
    },
    {
        "query_id": "22_258",
        "wiki_title": "Sven Alkalaj",
        "entity_id": "Q1396155"
    },
    {
        "query_id": "22_259",
        "wiki_title": "Glenn Gould",
        "entity_id": "Q216924"
    },
    {
        "query_id": "22_260",
        "wiki_title": "Alex Reid (actress)",
        "entity_id": "Q437038"
    },
    {
        "query_id": "22_261",
        "wiki_title": "Isabelle Adriani",
        "entity_id": "Q3802324"
    },
    {
        "query_id": "22_262",
        "wiki_title": "Edward Gunasekara",
        "entity_id": "Q5343207"
    },
    {
        "query_id": "22_263",
        "wiki_title": "David M. Westcott",
        "entity_id": "Q5236975"
    },
    {
        "query_id": "22_264",
        "wiki_title": "Carl Linnaeus",
        "entity_id": "Q1043"
    },
    {
        "query_id": "22_265",
        "wiki_title": "Firaq Gorakhpuri",
        "entity_id": "Q82071"
    },
    {
        "query_id": "22_266",
        "wiki_title": "Gordie Gosse",
        "entity_id": "Q5584695"
    },
    {
        "query_id": "22_267",
        "wiki_title": "Nenad Popović",
        "entity_id": "Q4372683"
    },
    {
        "query_id": "22_268",
        "wiki_title": "Björn Böhning",
        "entity_id": "Q109023"
    },
    {
        "query_id": "22_269",
        "wiki_title": "Frederick Berry",
        "entity_id": "Q5497375"
    },
    {
        "query_id": "22_270",
        "wiki_title": "Susan Soltero",
        "entity_id": "Q17089193"
    },
    {
        "query_id": "22_271",
        "wiki_title": "Joseph Perella",
        "entity_id": "Q6286435"
    },
    {
        "query_id": "22_272",
        "wiki_title": "Stanley Peiris",
        "entity_id": "Q7599864"
    },
    {
        "query_id": "22_273",
        "wiki_title": "P. Palaniappan",
        "entity_id": "Q7117455"
    },
    {
        "query_id": "22_274",
        "wiki_title": "Alice (singer)",
        "entity_id": "Q286547"
    },
    {
        "query_id": "22_275",
        "wiki_title": "J. Da Silva",
        "entity_id": "Q16199078"
    },
    {
        "query_id": "22_276",
        "wiki_title": "Carsten Carlsen",
        "entity_id": "Q15999565"
    },
    {
        "query_id": "22_277",
        "wiki_title": "Josh Mankiewicz",
        "entity_id": "Q6289142"
    },
    {
        "query_id": "22_278",
        "wiki_title": "Siva Nageswara Rao",
        "entity_id": "Q7499244"
    },
    {
        "query_id": "22_279",
        "wiki_title": "Abdirizak Haji Hussein",
        "entity_id": "Q202437"
    },
    {
        "query_id": "22_280",
        "wiki_title": "Fritz Goos",
        "entity_id": "Q1466410"
    },
    {
        "query_id": "22_281",
        "wiki_title": "Charles A. Gillespie Jr.",
        "entity_id": "Q5074835"
    },
    {
        "query_id": "22_282",
        "wiki_title": "Tharman Shanmugaratnam",
        "entity_id": "Q983752"
    },
    {
        "query_id": "22_283",
        "wiki_title": "Alexander Gadolin",
        "entity_id": "Q2152676"
    },
    {
        "query_id": "22_284",
        "wiki_title": "Levi P. Powers",
        "entity_id": "Q18346248"
    },
    {
        "query_id": "22_285",
        "wiki_title": "Kamya Panjabi",
        "entity_id": "Q6359918"
    },
    {
        "query_id": "22_286",
        "wiki_title": "Robert Gwilym",
        "entity_id": "Q7345014"
    },
    {
        "query_id": "22_287",
        "wiki_title": "Min (South Korean singer)",
        "entity_id": "Q495099"
    },
    {
        "query_id": "22_288",
        "wiki_title": "John Strange (diplomat)",
        "entity_id": "Q6259378"
    },
    {
        "query_id": "22_289",
        "wiki_title": "Everley Gregg",
        "entity_id": "Q5417284"
    },
    {
        "query_id": "22_290",
        "wiki_title": "Ruby Rose",
        "entity_id": "Q3942185"
    },
    {
        "query_id": "22_291",
        "wiki_title": "Meg McCall",
        "entity_id": "Q6808000"
    },
    {
        "query_id": "22_292",
        "wiki_title": "Walter de la Pole",
        "entity_id": "Q16845431"
    },
    {
        "query_id": "22_293",
        "wiki_title": "Todd Verow",
        "entity_id": "Q2438517"
    },
    {
        "query_id": "22_294",
        "wiki_title": "Kyaw Swe (actor)",
        "entity_id": "Q6450829"
    },
    {
        "query_id": "22_295",
        "wiki_title": "Guillaume du Tillot",
        "entity_id": "Q594357"
    },
    {
        "query_id": "22_296",
        "wiki_title": "James J. Gibson",
        "entity_id": "Q737823"
    },
    {
        "query_id": "22_297",
        "wiki_title": "Edwin H. Knopf",
        "entity_id": "Q1294632"
    },
    {
        "query_id": "22_298",
        "wiki_title": "Apurba Kishore Bir",
        "entity_id": "Q622342"
    },
    {
        "query_id": "22_299",
        "wiki_title": "Prince Radu of Romania",
        "entity_id": "Q3029911"
    },
    {
        "query_id": "22_300",
        "wiki_title": "Tatiana Doronina",
        "entity_id": "Q4166919"
    },
    {
        "query_id": "22_301",
        "wiki_title": "Havergal Brian",
        "entity_id": "Q552046"
    },
    {
        "query_id": "22_302",
        "wiki_title": "Marina Baker",
        "entity_id": "Q9029070"
    },
    {
        "query_id": "22_303",
        "wiki_title": "Naathan Phan",
        "entity_id": "Q6956676"
    },
    {
        "query_id": "22_304",
        "wiki_title": "Paul Caillaud",
        "entity_id": "Q3370792"
    },
    {
        "query_id": "22_305",
        "wiki_title": "Rusty Willoughby",
        "entity_id": "Q12072984"
    },
    {
        "query_id": "22_306",
        "wiki_title": "Matthew Underwood (actor)",
        "entity_id": "Q559052"
    },
    {
        "query_id": "22_307",
        "wiki_title": "George Washington Owen",
        "entity_id": "Q761776"
    },
    {
        "query_id": "22_308",
        "wiki_title": "Ebenezer Webster",
        "entity_id": "Q5331750"
    },
    {
        "query_id": "22_309",
        "wiki_title": "Bridie O'Flaherty",
        "entity_id": "Q914007"
    },
    {
        "query_id": "22_310",
        "wiki_title": "John Jay (lawyer)",
        "entity_id": "Q5880842"
    },
    {
        "query_id": "22_311",
        "wiki_title": "Ivan Kulichenko",
        "entity_id": "Q1981614"
    },
    {
        "query_id": "22_312",
        "wiki_title": "Christopher Beazley",
        "entity_id": "Q4116028"
    },
    {
        "query_id": "22_313",
        "wiki_title": "Christine Juarbe",
        "entity_id": "Q5111074"
    },
    {
        "query_id": "22_314",
        "wiki_title": "Olivier Alary",
        "entity_id": "Q3350751"
    },
    {
        "query_id": "22_315",
        "wiki_title": "Giuseppe Demachi",
        "entity_id": "Q1528283"
    },
    {
        "query_id": "22_316",
        "wiki_title": "Affonso Beato",
        "entity_id": "Q382945"
    },
    {
        "query_id": "22_317",
        "wiki_title": "Scott Z. Burns",
        "entity_id": "Q2481763"
    },
    {
        "query_id": "22_318",
        "wiki_title": "Vanessa Angel",
        "entity_id": "Q268271"
    },
    {
        "query_id": "22_319",
        "wiki_title": "Atsushi Kaneko",
        "entity_id": "Q2869849"
    },
    {
        "query_id": "22_320",
        "wiki_title": "William Molyneux",
        "entity_id": "Q2096504"
    },
    {
        "query_id": "22_321",
        "wiki_title": "Richard Faith",
        "entity_id": "Q7325599"
    },
    {
        "query_id": "22_322",
        "wiki_title": "E. David Redwine",
        "entity_id": "Q5321820"
    },
    {
        "query_id": "22_323",
        "wiki_title": "Kyriakos Mavronikolas",
        "entity_id": "Q1598789"
    },
    {
        "query_id": "22_324",
        "wiki_title": "John Blake Jr. (politician)",
        "entity_id": "Q1699352"
    },
    {
        "query_id": "22_325",
        "wiki_title": "Amitabh Bachchan",
        "entity_id": "Q9570"
    },
    {
        "query_id": "22_326",
        "wiki_title": "Mami Matsui",
        "entity_id": "Q3284992"
    },
    {
        "query_id": "22_327",
        "wiki_title": "Marie-France Mignal",
        "entity_id": "Q3291803"
    },
    {
        "query_id": "22_328",
        "wiki_title": "Chiara Zanni",
        "entity_id": "Q3306432"
    },
    {
        "query_id": "22_329",
        "wiki_title": "P. J. Moloney",
        "entity_id": "Q7117312"
    },
    {
        "query_id": "22_330",
        "wiki_title": "Andreas Rüdiger",
        "entity_id": "Q4402242"
    },
    {
        "query_id": "22_331",
        "wiki_title": "Robert Lewis (MP)",
        "entity_id": "Q7346877"
    },
    {
        "query_id": "22_332",
        "wiki_title": "Arthur W. Rice",
        "entity_id": "Q18157252"
    },
    {
        "query_id": "22_333",
        "wiki_title": "Richard Franck",
        "entity_id": "Q683134"
    },
    {
        "query_id": "22_334",
        "wiki_title": "Guillem Ramon de Gironella",
        "entity_id": "Q3779612"
    },
    {
        "query_id": "22_335",
        "wiki_title": "Dima Grigoriev",
        "entity_id": "Q5277134"
    },
    {
        "query_id": "22_336",
        "wiki_title": "Grace Frankland",
        "entity_id": "Q4794922"
    },
    {
        "query_id": "22_337",
        "wiki_title": "Hermann Ahlwardt",
        "entity_id": "Q72042"
    },
    {
        "query_id": "22_338",
        "wiki_title": "Alexandre Bóveda",
        "entity_id": "Q3320475"
    },
    {
        "query_id": "22_339",
        "wiki_title": "Paddy Mullins",
        "entity_id": "Q7123557"
    },
    {
        "query_id": "22_340",
        "wiki_title": "Alan Mauritz Swanson",
        "entity_id": "Q19664237"
    },
    {
        "query_id": "22_341",
        "wiki_title": "Harvey William Burk",
        "entity_id": "Q5677694"
    },
    {
        "query_id": "22_342",
        "wiki_title": "Richard Sandrak",
        "entity_id": "Q712081"
    },
    {
        "query_id": "22_343",
        "wiki_title": "Amin Amidu Sulemana",
        "entity_id": "Q16734129"
    },
    {
        "query_id": "22_344",
        "wiki_title": "Jim Boyd (newscaster)",
        "entity_id": "Q18684940"
    },
    {
        "query_id": "22_345",
        "wiki_title": "Nosrat Karimi",
        "entity_id": "Q3344360"
    },
    {
        "query_id": "22_346",
        "wiki_title": "Ashlie Walker",
        "entity_id": "Q4805657"
    },
    {
        "query_id": "22_347",
        "wiki_title": "Jörg A. Eggers",
        "entity_id": "Q119423"
    },
    {
        "query_id": "22_348",
        "wiki_title": "Duilio Forte",
        "entity_id": "Q3041054"
    },
    {
        "query_id": "22_349",
        "wiki_title": "Petru Vlah",
        "entity_id": "Q7179187"
    },
    {
        "query_id": "22_350",
        "wiki_title": "Richard Howland Hunt",
        "entity_id": "Q7326573"
    },
    {
        "query_id": "22_351",
        "wiki_title": "Giovanni Grasso",
        "entity_id": "Q1110570"
    },
    {
        "query_id": "22_352",
        "wiki_title": "Adam Darr",
        "entity_id": "Q349104"
    },
    {
        "query_id": "22_353",
        "wiki_title": "Pierre Abraham",
        "entity_id": "Q3383636"
    },
    {
        "query_id": "22_354",
        "wiki_title": "Paul Lieber",
        "entity_id": "Q2368425"
    },
    {
        "query_id": "22_355",
        "wiki_title": "Rumi",
        "entity_id": "Q43347"
    },
    {
        "query_id": "22_356",
        "wiki_title": "Bernard Peiffer",
        "entity_id": "Q435692"
    },
    {
        "query_id": "22_357",
        "wiki_title": "Elvin Penner",
        "entity_id": "Q5368083"
    },
    {
        "query_id": "22_358",
        "wiki_title": "Keiko Aizawa",
        "entity_id": "Q2092493"
    },
    {
        "query_id": "22_359",
        "wiki_title": "Rodrigo Arocena",
        "entity_id": "Q457588"
    },
    {
        "query_id": "22_360",
        "wiki_title": "Robert Florey",
        "entity_id": "Q1349886"
    },
    {
        "query_id": "22_361",
        "wiki_title": "Petros Efthymiou",
        "entity_id": "Q7179073"
    },
    {
        "query_id": "22_362",
        "wiki_title": "Fidel Antuña Batista",
        "entity_id": "Q18638134"
    },
    {
        "query_id": "22_363",
        "wiki_title": "Billy Flynn (actor)",
        "entity_id": "Q17517072"
    },
    {
        "query_id": "22_364",
        "wiki_title": "Şefik Birkiye",
        "entity_id": "Q18707486"
    },
    {
        "query_id": "22_365",
        "wiki_title": "Isobel Pravda",
        "entity_id": "Q17198199"
    },
    {
        "query_id": "22_366",
        "wiki_title": "Natasha Leggero",
        "entity_id": "Q1966357"
    },
    {
        "query_id": "22_367",
        "wiki_title": "Dorothy Hewett",
        "entity_id": "Q201433"
    },
    {
        "query_id": "22_368",
        "wiki_title": "William Phillips Sr.",
        "entity_id": "Q8016856"
    },
    {
        "query_id": "22_369",
        "wiki_title": "Michael Jackson",
        "entity_id": "Q2831"
    },
    {
        "query_id": "22_370",
        "wiki_title": "Rodrigo Cortés",
        "entity_id": "Q1887437"
    },
    {
        "query_id": "22_371",
        "wiki_title": "Richard Rishi",
        "entity_id": "Q7328681"
    },
    {
        "query_id": "22_372",
        "wiki_title": "Seungri",
        "entity_id": "Q428490"
    },
    {
        "query_id": "22_373",
        "wiki_title": "Toni Jennings",
        "entity_id": "Q7821284"
    },
    {
        "query_id": "22_374",
        "wiki_title": "Switch (songwriter)",
        "entity_id": "Q3101707"
    },
    {
        "query_id": "22_375",
        "wiki_title": "Thomas Gifford (politician)",
        "entity_id": "Q7790024"
    },
    {
        "query_id": "22_376",
        "wiki_title": "DM Sevilla",
        "entity_id": "Q5205664"
    },
    {
        "query_id": "22_377",
        "wiki_title": "Sardar Muhammad Yousuf",
        "entity_id": "Q7423711"
    },
    {
        "query_id": "22_378",
        "wiki_title": "Jaclyn Stapp",
        "entity_id": "Q2267067"
    },
    {
        "query_id": "22_379",
        "wiki_title": "Thomas Jefferson Kaye",
        "entity_id": "Q7791273"
    },
    {
        "query_id": "22_380",
        "wiki_title": "Pietro Marcenaro",
        "entity_id": "Q3904043"
    },
    {
        "query_id": "22_381",
        "wiki_title": "William Australia Graham",
        "entity_id": "Q8004723"
    },
    {
        "query_id": "22_382",
        "wiki_title": "Gino Coppedè",
        "entity_id": "Q549387"
    },
    {
        "query_id": "22_383",
        "wiki_title": "Richard Myers (songwriter)",
        "entity_id": "Q7327974"
    },
    {
        "query_id": "22_384",
        "wiki_title": "Robert Carson (actor)",
        "entity_id": "Q2156729"
    },
    {
        "query_id": "22_385",
        "wiki_title": "Conrad Weiser",
        "entity_id": "Q214411"
    },
    {
        "query_id": "22_386",
        "wiki_title": "Paul Hindemith",
        "entity_id": "Q57244"
    },
    {
        "query_id": "22_387",
        "wiki_title": "Carlo Giustini",
        "entity_id": "Q3659452"
    },
    {
        "query_id": "22_388",
        "wiki_title": "Alfredo Narciso",
        "entity_id": "Q4723823"
    },
    {
        "query_id": "22_389",
        "wiki_title": "Lindsay Ellingson",
        "entity_id": "Q259587"
    },
    {
        "query_id": "22_390",
        "wiki_title": "Shelley Wark-Martyn",
        "entity_id": "Q7493842"
    },
    {
        "query_id": "22_391",
        "wiki_title": "José Feliciano",
        "entity_id": "Q315784"
    },
    {
        "query_id": "22_392",
        "wiki_title": "Hugo Becker (actor)",
        "entity_id": "Q1634827"
    },
    {
        "query_id": "22_393",
        "wiki_title": "Frits Castricum",
        "entity_id": "Q1465250"
    },
    {
        "query_id": "22_394",
        "wiki_title": "John Bell (surgeon)",
        "entity_id": "Q3181033"
    },
    {
        "query_id": "22_395",
        "wiki_title": "David Sharp (entomologist)",
        "entity_id": "Q93688"
    },
    {
        "query_id": "22_396",
        "wiki_title": "Galina Starovoytova",
        "entity_id": "Q492975"
    },
    {
        "query_id": "22_397",
        "wiki_title": "Per Risvik",
        "entity_id": "Q7166781"
    },
    {
        "query_id": "22_398",
        "wiki_title": "Eleanor Yule",
        "entity_id": "Q5354421"
    },
    {
        "query_id": "22_399",
        "wiki_title": "Claire Adams",
        "entity_id": "Q2975001"
    },
    {
        "query_id": "22_400",
        "wiki_title": "Agneta Bolme Börjefors",
        "entity_id": "Q3374570"
    },
    {
        "query_id": "22_401",
        "wiki_title": "Lothrop Stoddard",
        "entity_id": "Q1871107"
    },
    {
        "query_id": "22_402",
        "wiki_title": "G.E.M.",
        "entity_id": "Q665090"
    },
    {
        "query_id": "22_403",
        "wiki_title": "Larry Sitsky",
        "entity_id": "Q6491115"
    },
    {
        "query_id": "22_404",
        "wiki_title": "Brigitte Bardot",
        "entity_id": "Q36268"
    },
    {
        "query_id": "22_405",
        "wiki_title": "Alexander Bogdanov",
        "entity_id": "Q335142"
    },
    {
        "query_id": "22_406",
        "wiki_title": "Chris Lang",
        "entity_id": "Q16239109"
    },
    {
        "query_id": "22_407",
        "wiki_title": "Pamela Winslow",
        "entity_id": "Q7129281"
    },
    {
        "query_id": "22_408",
        "wiki_title": "Alan Bjerga",
        "entity_id": "Q4706188"
    },
    {
        "query_id": "22_409",
        "wiki_title": "Tadhg Dall Ó hUiginn",
        "entity_id": "Q13967752"
    },
    {
        "query_id": "22_410",
        "wiki_title": "Leigh Whannell",
        "entity_id": "Q471215"
    },
    {
        "query_id": "22_411",
        "wiki_title": "Yiannis Ritsos",
        "entity_id": "Q297409"
    },
    {
        "query_id": "22_412",
        "wiki_title": "Andy C",
        "entity_id": "Q387288"
    },
    {
        "query_id": "22_413",
        "wiki_title": "Frequency (record producer)",
        "entity_id": "Q5502846"
    },
    {
        "query_id": "22_414",
        "wiki_title": "Zoran Rankić",
        "entity_id": "Q1562343"
    },
    {
        "query_id": "22_415",
        "wiki_title": "Chitra Bahadur K.C.",
        "entity_id": "Q3675222"
    },
    {
        "query_id": "22_416",
        "wiki_title": "Ski Beatz",
        "entity_id": "Q7534843"
    },
    {
        "query_id": "22_417",
        "wiki_title": "Siegfried Czapski",
        "entity_id": "Q102311"
    },
    {
        "query_id": "22_418",
        "wiki_title": "George Minor",
        "entity_id": "Q5542509"
    },
    {
        "query_id": "22_419",
        "wiki_title": "Lord George Hamilton",
        "entity_id": "Q333628"
    },
    {
        "query_id": "22_420",
        "wiki_title": "Mariángel Ruiz",
        "entity_id": "Q1991920"
    },
    {
        "query_id": "22_421",
        "wiki_title": "Michael Shelley (musician)",
        "entity_id": "Q6834354"
    },
    {
        "query_id": "22_422",
        "wiki_title": "Anjali Sudhakar",
        "entity_id": "Q4765740"
    },
    {
        "query_id": "22_423",
        "wiki_title": "Greg Miller (animator)",
        "entity_id": "Q5606021"
    },
    {
        "query_id": "22_424",
        "wiki_title": "Rose Beaudet",
        "entity_id": "Q16750791"
    },
    {
        "query_id": "22_425",
        "wiki_title": "Jean Gabriel Marie (1907–1970)",
        "entity_id": "Q16006794"
    },
    {
        "query_id": "22_426",
        "wiki_title": "Ava Deluca-Verley",
        "entity_id": "Q16206644"
    },
    {
        "query_id": "22_427",
        "wiki_title": "Sayaka Ichii",
        "entity_id": "Q1372585"
    },
    {
        "query_id": "22_428",
        "wiki_title": "George Esslemont",
        "entity_id": "Q5536998"
    },
    {
        "query_id": "22_429",
        "wiki_title": "Tiffany Pollard",
        "entity_id": "Q530355"
    },
    {
        "query_id": "22_430",
        "wiki_title": "Shorty Hamilton",
        "entity_id": "Q4981663"
    },
    {
        "query_id": "22_431",
        "wiki_title": "Ajay Kumar Parida",
        "entity_id": "Q16773165"
    },
    {
        "query_id": "22_432",
        "wiki_title": "Baruch Steinberg",
        "entity_id": "Q4501423"
    },
    {
        "query_id": "22_433",
        "wiki_title": "Charles Martin Smith",
        "entity_id": "Q730100"
    },
    {
        "query_id": "22_434",
        "wiki_title": "Bobby Henon",
        "entity_id": "Q4935109"
    },
    {
        "query_id": "22_435",
        "wiki_title": "Erwin Schulhoff",
        "entity_id": "Q89540"
    },
    {
        "query_id": "22_436",
        "wiki_title": "A. Lawrence Kocher",
        "entity_id": "Q18619355"
    },
    {
        "query_id": "22_437",
        "wiki_title": "John Andrew Martin",
        "entity_id": "Q1699157"
    },
    {
        "query_id": "22_438",
        "wiki_title": "Salvador Allende",
        "entity_id": "Q440"
    },
    {
        "query_id": "22_439",
        "wiki_title": "Nándor Balázs",
        "entity_id": "Q262077"
    },
    {
        "query_id": "22_440",
        "wiki_title": "Maurice Le Boucher",
        "entity_id": "Q635474"
    },
    {
        "query_id": "22_441",
        "wiki_title": "T. P. Poonatchi",
        "entity_id": "Q16734625"
    },
    {
        "query_id": "22_442",
        "wiki_title": "Joni Jenkins",
        "entity_id": "Q16844560"
    },
    {
        "query_id": "22_443",
        "wiki_title": "Martin Shapiro",
        "entity_id": "Q16197236"
    },
    {
        "query_id": "22_444",
        "wiki_title": "Gabriel Gonsum Ganaka",
        "entity_id": "Q5515648"
    },
    {
        "query_id": "22_445",
        "wiki_title": "Max Fechner",
        "entity_id": "Q92316"
    },
    {
        "query_id": "22_446",
        "wiki_title": "Augustine Steward",
        "entity_id": "Q4821216"
    },
    {
        "query_id": "22_447",
        "wiki_title": "Andrew Ure",
        "entity_id": "Q508185"
    },
    {
        "query_id": "22_448",
        "wiki_title": "Guy Joseph Bonnet",
        "entity_id": "Q3121887"
    },
    {
        "query_id": "22_449",
        "wiki_title": "Rhea Silvia",
        "entity_id": "Q219936"
    },
    {
        "query_id": "22_450",
        "wiki_title": "Jason Reitman",
        "entity_id": "Q314502"
    },
    {
        "query_id": "22_451",
        "wiki_title": "Lewis J. Rachmil",
        "entity_id": "Q603714"
    },
    {
        "query_id": "22_452",
        "wiki_title": "René Bégin",
        "entity_id": "Q2144565"
    },
    {
        "query_id": "22_453",
        "wiki_title": "Johann Heinrich Lambert",
        "entity_id": "Q122999"
    },
    {
        "query_id": "22_454",
        "wiki_title": "Robert Jonckhèere",
        "entity_id": "Q16254896"
    },
    {
        "query_id": "22_455",
        "wiki_title": "Klaus Rainer Röhl",
        "entity_id": "Q70035"
    },
    {
        "query_id": "22_456",
        "wiki_title": "Yuki Kaida",
        "entity_id": "Q2412785"
    },
    {
        "query_id": "22_457",
        "wiki_title": "Tracy Coogan",
        "entity_id": "Q7831709"
    },
    {
        "query_id": "22_458",
        "wiki_title": "Arafan Camara",
        "entity_id": "Q2859422"
    },
    {
        "query_id": "22_459",
        "wiki_title": "George Lewis (politician)",
        "entity_id": "Q5541705"
    },
    {
        "query_id": "22_460",
        "wiki_title": "Louis O'Dea",
        "entity_id": "Q6687900"
    },
    {
        "query_id": "22_461",
        "wiki_title": "Mohamed Bazoum",
        "entity_id": "Q3318398"
    },
    {
        "query_id": "22_462",
        "wiki_title": "Dennis Rodman",
        "entity_id": "Q201608"
    },
    {
        "query_id": "22_463",
        "wiki_title": "Guo Gengmao",
        "entity_id": "Q377372"
    },
    {
        "query_id": "22_464",
        "wiki_title": "Derek Ingram Hill",
        "entity_id": "Q5262072"
    },
    {
        "query_id": "22_465",
        "wiki_title": "Jacques Monasch",
        "entity_id": "Q2347887"
    },
    {
        "query_id": "22_466",
        "wiki_title": "Sebaki Devi Das Tatma",
        "entity_id": "Q7442335"
    },
    {
        "query_id": "22_467",
        "wiki_title": "Robert Antoine",
        "entity_id": "Q3434443"
    },
    {
        "query_id": "22_468",
        "wiki_title": "Howard Fowles",
        "entity_id": "Q5919653"
    },
    {
        "query_id": "22_469",
        "wiki_title": "Seif Sharif Hamad",
        "entity_id": "Q7446652"
    },
    {
        "query_id": "22_470",
        "wiki_title": "Fernanda Vasconcellos",
        "entity_id": "Q3325394"
    },
    {
        "query_id": "22_471",
        "wiki_title": "Julia de Asensi",
        "entity_id": "Q6306885"
    },
    {
        "query_id": "22_472",
        "wiki_title": "Đurđa Ivezić",
        "entity_id": "Q12960757"
    },
    {
        "query_id": "22_473",
        "wiki_title": "Rick Wilson (Australian politician)",
        "entity_id": "Q16196773"
    },
    {
        "query_id": "22_474",
        "wiki_title": "John Campbell, 3rd Earl of Breadalbane and Holland",
        "entity_id": "Q747440"
    },
    {
        "query_id": "22_475",
        "wiki_title": "Ya'akov Ahimeir",
        "entity_id": "Q8046206"
    },
    {
        "query_id": "22_476",
        "wiki_title": "Jean-Baptiste Lamarck",
        "entity_id": "Q82122"
    },
    {
        "query_id": "22_477",
        "wiki_title": "James Anderson (botanist)",
        "entity_id": "Q550299"
    },
    {
        "query_id": "22_478",
        "wiki_title": "Jeet Gannguli",
        "entity_id": "Q6172986"
    },
    {
        "query_id": "22_479",
        "wiki_title": "Žarko Petan",
        "entity_id": "Q393407"
    },
    {
        "query_id": "22_480",
        "wiki_title": "Akimasa Nakamura",
        "entity_id": "Q418427"
    },
    {
        "query_id": "22_481",
        "wiki_title": "Thomas Widdrington (died 1660)",
        "entity_id": "Q7795099"
    },
    {
        "query_id": "22_482",
        "wiki_title": "Will Smith (comedian)",
        "entity_id": "Q8003106"
    },
    {
        "query_id": "22_483",
        "wiki_title": "Jean-Marie-Victor Viel",
        "entity_id": "Q19282479"
    },
    {
        "query_id": "22_484",
        "wiki_title": "Eckart von Hirschhausen",
        "entity_id": "Q119568"
    },
    {
        "query_id": "22_485",
        "wiki_title": "Enos T. Throop",
        "entity_id": "Q881026"
    },
    {
        "query_id": "22_486",
        "wiki_title": "Ali Hillis",
        "entity_id": "Q299519"
    },
    {
        "query_id": "22_487",
        "wiki_title": "Dinesh Singh (politician)",
        "entity_id": "Q5278104"
    },
    {
        "query_id": "22_488",
        "wiki_title": "Virginia Haviland",
        "entity_id": "Q7934296"
    },
    {
        "query_id": "22_489",
        "wiki_title": "Val McLane",
        "entity_id": "Q7909117"
    },
    {
        "query_id": "22_490",
        "wiki_title": "Heinrich Hofmann (composer)",
        "entity_id": "Q314602"
    },
    {
        "query_id": "22_491",
        "wiki_title": "Frances Josephy",
        "entity_id": "Q14949122"
    },
    {
        "query_id": "22_492",
        "wiki_title": "Pyotr Lavrov",
        "entity_id": "Q337628"
    },
    {
        "query_id": "22_493",
        "wiki_title": "Uri Nakayama",
        "entity_id": "Q3543862"
    },
    {
        "query_id": "22_494",
        "wiki_title": "Edward Drinker Cope",
        "entity_id": "Q298933"
    },
    {
        "query_id": "22_495",
        "wiki_title": "Edwin N. Hubbell",
        "entity_id": "Q2593372"
    },
    {
        "query_id": "22_496",
        "wiki_title": "Donald Trump",
        "entity_id": "Q22686"
    },
    {
        "query_id": "22_497",
        "wiki_title": "John Williams Tobey",
        "entity_id": "Q6264394"
    },
    {
        "query_id": "22_498",
        "wiki_title": "Ivan III Drašković",
        "entity_id": "Q700560"
    },
    {
        "query_id": "22_499",
        "wiki_title": "Michael Dahulich",
        "entity_id": "Q6828031"
    },
    {
        "query_id": "22_500",
        "wiki_title": "Jorge Traverso",
        "entity_id": "Q1703940"
    },
    {
        "query_id": "22_501",
        "wiki_title": "Peter (actor)",
        "entity_id": "Q3389321"
    },
    {
        "query_id": "22_502",
        "wiki_title": "Mariví Bilbao",
        "entity_id": "Q251828"
    },
    {
        "query_id": "22_503",
        "wiki_title": "Mark T. Vande Hei",
        "entity_id": "Q3294252"
    },
    {
        "query_id": "22_504",
        "wiki_title": "Dick Rude",
        "entity_id": "Q1102003"
    },
    {
        "query_id": "22_505",
        "wiki_title": "Robert D. Cardona",
        "entity_id": "Q7343292"
    },
    {
        "query_id": "22_506",
        "wiki_title": "Michael Lynton",
        "entity_id": "Q14927550"
    },
    {
        "query_id": "22_507",
        "wiki_title": "Harding of Bristol",
        "entity_id": "Q5656139"
    },
    {
        "query_id": "22_508",
        "wiki_title": "Brent Huff",
        "entity_id": "Q523687"
    },
    {
        "query_id": "22_509",
        "wiki_title": "Gina Krog",
        "entity_id": "Q266912"
    },
    {
        "query_id": "22_510",
        "wiki_title": "Arkady Chernetsky",
        "entity_id": "Q2182618"
    },
    {
        "query_id": "22_511",
        "wiki_title": "Shirley Palmer (actress)",
        "entity_id": "Q7498816"
    },
    {
        "query_id": "22_512",
        "wiki_title": "Paolo Pellizzari",
        "entity_id": "Q7132229"
    },
    {
        "query_id": "22_513",
        "wiki_title": "G. Karunakara Reddy",
        "entity_id": "Q5512306"
    },
    {
        "query_id": "22_514",
        "wiki_title": "Petr Mlsna",
        "entity_id": "Q12044972"
    },
    {
        "query_id": "22_515",
        "wiki_title": "Neville Ashenheim",
        "entity_id": "Q16010889"
    },
    {
        "query_id": "22_516",
        "wiki_title": "Billy Joel",
        "entity_id": "Q194333"
    },
    {
        "query_id": "22_517",
        "wiki_title": "Nina Varlamova",
        "entity_id": "Q7038152"
    },
    {
        "query_id": "22_518",
        "wiki_title": "Ruth Harriet Louise",
        "entity_id": "Q129349"
    },
    {
        "query_id": "22_519",
        "wiki_title": "Lorena Corona Valdés",
        "entity_id": "Q18685511"
    },
    {
        "query_id": "22_520",
        "wiki_title": "Darrell Hammond",
        "entity_id": "Q2755894"
    },
    {
        "query_id": "22_521",
        "wiki_title": "Bedřich Smetana",
        "entity_id": "Q48173"
    },
    {
        "query_id": "22_522",
        "wiki_title": "Sir Thomas Clarges, 3rd Baronet",
        "entity_id": "Q17279218"
    },
    {
        "query_id": "22_523",
        "wiki_title": "Donald Robert Macgregor",
        "entity_id": "Q5295071"
    },
    {
        "query_id": "22_524",
        "wiki_title": "Jari Porttila",
        "entity_id": "Q6160209"
    },
    {
        "query_id": "22_525",
        "wiki_title": "David J. Brown (computer scientist)",
        "entity_id": "Q5235400"
    },
    {
        "query_id": "22_526",
        "wiki_title": "Claudio Naranjo",
        "entity_id": "Q1098121"
    },
    {
        "query_id": "22_527",
        "wiki_title": "Eric Flynn",
        "entity_id": "Q5386495"
    },
    {
        "query_id": "22_528",
        "wiki_title": "Honor Harger",
        "entity_id": "Q5896804"
    },
    {
        "query_id": "22_529",
        "wiki_title": "Clement Baker",
        "entity_id": "Q5131287"
    },
    {
        "query_id": "22_530",
        "wiki_title": "Alleppey Vincent",
        "entity_id": "Q17495656"
    },
    {
        "query_id": "22_531",
        "wiki_title": "Mike Flanagan (filmmaker)",
        "entity_id": "Q19668417"
    }
]