[
    {
        "query_id": "257_0",
        "wiki_title": "Abel, King of Denmark",
        "entity_id": "Q27932"
    },
    {
        "query_id": "257_1",
        "wiki_title": "Nero",
        "entity_id": "Q1413"
    },
    {
        "query_id": "257_2",
        "wiki_title": "Ettore Bugatti",
        "entity_id": "Q314419"
    },
    {
        "query_id": "257_3",
        "wiki_title": "Francesco Maria Farnese",
        "entity_id": "Q3081002"
    },
    {
        "query_id": "257_4",
        "wiki_title": "Remco Campert",
        "entity_id": "Q1185256"
    },
    {
        "query_id": "257_5",
        "wiki_title": "Dyfnwal, King of Strathclyde",
        "entity_id": "Q2301902"
    },
    {
        "query_id": "257_6",
        "wiki_title": "Shergar",
        "entity_id": "Q2739031"
    },
    {
        "query_id": "257_7",
        "wiki_title": "Isaac II Angelos",
        "entity_id": "Q37135"
    },
    {
        "query_id": "257_8",
        "wiki_title": "Damian Wayne",
        "entity_id": "Q660695"
    },
    {
        "query_id": "257_9",
        "wiki_title": "Hampton (horse)",
        "entity_id": "Q5646159"
    },
    {
        "query_id": "257_10",
        "wiki_title": "Sean Flynn (photojournalist)",
        "entity_id": "Q327426"
    },
    {
        "query_id": "257_11",
        "wiki_title": "Huw Edwards",
        "entity_id": "Q13129201"
    },
    {
        "query_id": "257_12",
        "wiki_title": "Charles Stuart, Duke of Cambridge (1660–1661)",
        "entity_id": "Q5082733"
    },
    {
        "query_id": "257_13",
        "wiki_title": "MacGregor Knox",
        "entity_id": "Q6721915"
    },
    {
        "query_id": "257_14",
        "wiki_title": "Alexander (son of Polyperchon)",
        "entity_id": "Q452929"
    },
    {
        "query_id": "257_15",
        "wiki_title": "Shi Jian",
        "entity_id": "Q283828"
    },
    {
        "query_id": "257_16",
        "wiki_title": "Mwanga II of Buganda",
        "entity_id": "Q707775"
    },
    {
        "query_id": "257_17",
        "wiki_title": "Isaac in Islam",
        "entity_id": "Q1642480"
    },
    {
        "query_id": "257_18",
        "wiki_title": "Carl Valentin Falsen",
        "entity_id": "Q1808753"
    },
    {
        "query_id": "257_19",
        "wiki_title": "Richard Grosvenor, 2nd Marquess of Westminster",
        "entity_id": "Q4171078"
    },
    {
        "query_id": "257_20",
        "wiki_title": "Malcolm (Macbeth)",
        "entity_id": "Q16203840"
    },
    {
        "query_id": "257_21",
        "wiki_title": "Cal Ripken Jr.",
        "entity_id": "Q731168"
    },
    {
        "query_id": "257_22",
        "wiki_title": "Margaret of England, Duchess of Brabant",
        "entity_id": "Q2667593"
    },
    {
        "query_id": "257_23",
        "wiki_title": "Sune Sik",
        "entity_id": "Q3736064"
    },
    {
        "query_id": "257_24",
        "wiki_title": "Radim Gaudentius",
        "entity_id": "Q32414"
    },
    {
        "query_id": "257_25",
        "wiki_title": "Gevherhan Hatun",
        "entity_id": "Q18206133"
    },
    {
        "query_id": "257_26",
        "wiki_title": "Mira Burt-Wintonick",
        "entity_id": "Q6872195"
    },
    {
        "query_id": "257_27",
        "wiki_title": "George Washington (horse)",
        "entity_id": "Q5545919"
    },
    {
        "query_id": "257_28",
        "wiki_title": "Adolphe-Théodore Brongniart",
        "entity_id": "Q73990"
    },
    {
        "query_id": "257_29",
        "wiki_title": "Phoenix (son of Agenor)",
        "entity_id": "Q1145956"
    },
    {
        "query_id": "257_30",
        "wiki_title": "Ptolemy XIII Theos Philopator",
        "entity_id": "Q39938"
    },
    {
        "query_id": "257_31",
        "wiki_title": "George VI",
        "entity_id": "Q280856"
    },
    {
        "query_id": "257_32",
        "wiki_title": "Carlo de' Medici (cardinal)",
        "entity_id": "Q59867"
    },
    {
        "query_id": "257_33",
        "wiki_title": "Sally Aw",
        "entity_id": "Q7405057"
    },
    {
        "query_id": "257_34",
        "wiki_title": "Mithridates I of Parthia",
        "entity_id": "Q312442"
    },
    {
        "query_id": "257_35",
        "wiki_title": "Natalie Lander",
        "entity_id": "Q6968197"
    },
    {
        "query_id": "257_36",
        "wiki_title": "Gillian Baverstock",
        "entity_id": "Q5562197"
    },
    {
        "query_id": "257_37",
        "wiki_title": "Amenhotep II",
        "entity_id": "Q158052"
    },
    {
        "query_id": "257_38",
        "wiki_title": "Abatai",
        "entity_id": "Q4663569"
    },
    {
        "query_id": "257_39",
        "wiki_title": "Meleager (king)",
        "entity_id": "Q347176"
    },
    {
        "query_id": "257_40",
        "wiki_title": "Emperor Yang of Sui",
        "entity_id": "Q7419"
    },
    {
        "query_id": "257_41",
        "wiki_title": "Kebek",
        "entity_id": "Q29039"
    },
    {
        "query_id": "257_42",
        "wiki_title": "Eleanor Beaufort",
        "entity_id": "Q683198"
    },
    {
        "query_id": "257_43",
        "wiki_title": "Adad",
        "entity_id": "Q346547"
    },
    {
        "query_id": "257_44",
        "wiki_title": "Ibn Shihab al-Zuhri",
        "entity_id": "Q3791575"
    },
    {
        "query_id": "257_45",
        "wiki_title": "Efficient (horse)",
        "entity_id": "Q5347439"
    },
    {
        "query_id": "257_46",
        "wiki_title": "Sophie of Legnica",
        "entity_id": "Q274025"
    },
    {
        "query_id": "257_47",
        "wiki_title": "Ermengard of Italy",
        "entity_id": "Q273602"
    },
    {
        "query_id": "257_48",
        "wiki_title": "Demeter",
        "entity_id": "Q40730"
    },
    {
        "query_id": "257_49",
        "wiki_title": "Týr",
        "entity_id": "Q172713"
    },
    {
        "query_id": "257_50",
        "wiki_title": "Princess Mary, Duchess of Gloucester and Edinburgh",
        "entity_id": "Q236586"
    },
    {
        "query_id": "257_51",
        "wiki_title": "Reveal (rapper)",
        "entity_id": "Q7317770"
    },
    {
        "query_id": "257_52",
        "wiki_title": "Prince Zhanghuai",
        "entity_id": "Q712916"
    },
    {
        "query_id": "257_53",
        "wiki_title": "Edward of Middleham, Prince of Wales",
        "entity_id": "Q436676"
    },
    {
        "query_id": "257_54",
        "wiki_title": "Abby Rockefeller (ecologist)",
        "entity_id": "Q4664487"
    },
    {
        "query_id": "257_55",
        "wiki_title": "Ariarathes V of Cappadocia",
        "entity_id": "Q337108"
    },
    {
        "query_id": "257_56",
        "wiki_title": "Goi of Baekje",
        "entity_id": "Q497490"
    },
    {
        "query_id": "257_57",
        "wiki_title": "Chelsea Clinton",
        "entity_id": "Q229671"
    },
    {
        "query_id": "257_58",
        "wiki_title": "Apollo",
        "entity_id": "Q37340"
    },
    {
        "query_id": "257_59",
        "wiki_title": "Sarfaraz Khan",
        "entity_id": "Q7423869"
    },
    {
        "query_id": "257_60",
        "wiki_title": "Natalia Kukulska",
        "entity_id": "Q456038"
    },
    {
        "query_id": "257_61",
        "wiki_title": "Sebastian Asch",
        "entity_id": "Q7442364"
    },
    {
        "query_id": "257_62",
        "wiki_title": "Whalebone (horse)",
        "entity_id": "Q11251240"
    },
    {
        "query_id": "257_63",
        "wiki_title": "John VII, Duke of Mecklenburg-Schwerin",
        "entity_id": "Q571387"
    },
    {
        "query_id": "257_64",
        "wiki_title": "Jacob ben Asher",
        "entity_id": "Q1376849"
    },
    {
        "query_id": "257_65",
        "wiki_title": "Erwin Neutzsky-Wulff",
        "entity_id": "Q740125"
    },
    {
        "query_id": "257_66",
        "wiki_title": "Ismene",
        "entity_id": "Q753902"
    },
    {
        "query_id": "257_67",
        "wiki_title": "Jan V of Zator",
        "entity_id": "Q480450"
    },
    {
        "query_id": "257_68",
        "wiki_title": "Zhang Tianxi",
        "entity_id": "Q712747"
    },
    {
        "query_id": "257_69",
        "wiki_title": "Praxedes",
        "entity_id": "Q676485"
    },
    {
        "query_id": "257_70",
        "wiki_title": "Ermengarde, Viscountess of Narbonne",
        "entity_id": "Q1232661"
    },
    {
        "query_id": "257_71",
        "wiki_title": "Muhammad ibn Abi'l-Saj",
        "entity_id": "Q3327505"
    },
    {
        "query_id": "257_72",
        "wiki_title": "John Edward Gray",
        "entity_id": "Q191963"
    },
    {
        "query_id": "257_73",
        "wiki_title": "Prince Ferdinand, Duke of Alençon",
        "entity_id": "Q138786"
    },
    {
        "query_id": "257_74",
        "wiki_title": "Rajshree",
        "entity_id": "Q7286437"
    },
    {
        "query_id": "257_75",
        "wiki_title": "Atë",
        "entity_id": "Q210871"
    },
    {
        "query_id": "257_76",
        "wiki_title": "Umm Kulthum bint Ali",
        "entity_id": "Q510433"
    },
    {
        "query_id": "257_77",
        "wiki_title": "Heinrich Gustav Reichenbach",
        "entity_id": "Q62820"
    },
    {
        "query_id": "257_78",
        "wiki_title": "Sydney Chaplin (American actor)",
        "entity_id": "Q546008"
    },
    {
        "query_id": "257_79",
        "wiki_title": "Fahd of Saudi Arabia",
        "entity_id": "Q183187"
    },
    {
        "query_id": "257_80",
        "wiki_title": "Merric Boyd",
        "entity_id": "Q6820068"
    },
    {
        "query_id": "257_81",
        "wiki_title": "Mother Mary Alphonsa",
        "entity_id": "Q6917390"
    },
    {
        "query_id": "257_82",
        "wiki_title": "Emperor Taizong of Tang",
        "entity_id": "Q9701"
    },
    {
        "query_id": "257_83",
        "wiki_title": "Blue Peter (American horse)",
        "entity_id": "Q4929614"
    },
    {
        "query_id": "257_84",
        "wiki_title": "Hans Holtedahl",
        "entity_id": "Q11974026"
    },
    {
        "query_id": "257_85",
        "wiki_title": "Matilda of Scotland",
        "entity_id": "Q232761"
    },
    {
        "query_id": "257_86",
        "wiki_title": "Louis X of France",
        "entity_id": "Q8384"
    },
    {
        "query_id": "257_87",
        "wiki_title": "Iorwerth Drwyndwn",
        "entity_id": "Q13129268"
    },
    {
        "query_id": "257_88",
        "wiki_title": "Tammam Salam",
        "entity_id": "Q3514836"
    },
    {
        "query_id": "257_89",
        "wiki_title": "Montu",
        "entity_id": "Q626032"
    },
    {
        "query_id": "257_90",
        "wiki_title": "Rahy",
        "entity_id": "Q7283646"
    },
    {
        "query_id": "257_91",
        "wiki_title": "Aonghus mac Somhairle",
        "entity_id": "Q1772973"
    },
    {
        "query_id": "257_92",
        "wiki_title": "Mishari bin Saud Al Saud",
        "entity_id": "Q6875499"
    },
    {
        "query_id": "257_93",
        "wiki_title": "Thomas Savage, 3rd Earl Rivers",
        "entity_id": "Q7793795"
    },
    {
        "query_id": "257_94",
        "wiki_title": "Brad Armstrong (wrestler)",
        "entity_id": "Q4953783"
    },
    {
        "query_id": "257_95",
        "wiki_title": "Anastasio Somoza Portocarrero",
        "entity_id": "Q380687"
    },
    {
        "query_id": "257_96",
        "wiki_title": "Larry Mikan",
        "entity_id": "Q3827160"
    },
    {
        "query_id": "257_97",
        "wiki_title": "Tiger Woods",
        "entity_id": "Q10993"
    },
    {
        "query_id": "257_98",
        "wiki_title": "Jesus",
        "entity_id": "Q302"
    },
    {
        "query_id": "257_99",
        "wiki_title": "Ganesha",
        "entity_id": "Q1579"
    },
    {
        "query_id": "257_100",
        "wiki_title": "Alexander I of Yugoslavia",
        "entity_id": "Q207384"
    },
    {
        "query_id": "257_101",
        "wiki_title": "Guy (bishop of Amiens)",
        "entity_id": "Q3122230"
    },
    {
        "query_id": "257_102",
        "wiki_title": "Eleanor of Scotland",
        "entity_id": "Q455044"
    },
    {
        "query_id": "257_103",
        "wiki_title": "Emperor An of Jin",
        "entity_id": "Q7403"
    },
    {
        "query_id": "257_104",
        "wiki_title": "Frederick Converse Beach",
        "entity_id": "Q5497568"
    },
    {
        "query_id": "257_105",
        "wiki_title": "Máel Snechtai of Moray",
        "entity_id": "Q3276323"
    },
    {
        "query_id": "257_106",
        "wiki_title": "Arthur Herzog",
        "entity_id": "Q4799054"
    },
    {
        "query_id": "257_107",
        "wiki_title": "Donald Trump",
        "entity_id": "Q22686"
    },
    {
        "query_id": "257_108",
        "wiki_title": "Prince Alexander of the Netherlands",
        "entity_id": "Q2201566"
    },
    {
        "query_id": "257_109",
        "wiki_title": "Archduchess Assunta of Austria",
        "entity_id": "Q17403633"
    },
    {
        "query_id": "257_110",
        "wiki_title": "Kim Han-sol",
        "entity_id": "Q1280778"
    },
    {
        "query_id": "257_111",
        "wiki_title": "Riphath",
        "entity_id": "Q2918052"
    },
    {
        "query_id": "257_112",
        "wiki_title": "Chula Chakrabongse",
        "entity_id": "Q1247114"
    },
    {
        "query_id": "257_113",
        "wiki_title": "Liz Cheney",
        "entity_id": "Q5362573"
    },
    {
        "query_id": "257_114",
        "wiki_title": "Richard III of Capua",
        "entity_id": "Q1095033"
    },
    {
        "query_id": "257_115",
        "wiki_title": "Pierre Guillaumat",
        "entity_id": "Q321203"
    },
    {
        "query_id": "257_116",
        "wiki_title": "Hera",
        "entity_id": "Q38012"
    },
    {
        "query_id": "257_117",
        "wiki_title": "Horae",
        "entity_id": "Q201411"
    },
    {
        "query_id": "257_118",
        "wiki_title": "Mary, Queen of Scots",
        "entity_id": "Q131412"
    },
    {
        "query_id": "257_119",
        "wiki_title": "Per Krohg",
        "entity_id": "Q1384103"
    },
    {
        "query_id": "257_120",
        "wiki_title": "Arjuna",
        "entity_id": "Q185790"
    },
    {
        "query_id": "257_121",
        "wiki_title": "James VI and I",
        "entity_id": "Q79972"
    },
    {
        "query_id": "257_122",
        "wiki_title": "Abbot Oliba",
        "entity_id": "Q1974868"
    },
    {
        "query_id": "257_123",
        "wiki_title": "George II of Brieg",
        "entity_id": "Q462228"
    },
    {
        "query_id": "257_124",
        "wiki_title": "Ma Xiu",
        "entity_id": "Q1143130"
    },
    {
        "query_id": "257_125",
        "wiki_title": "William fitz Duncan",
        "entity_id": "Q1778144"
    },
    {
        "query_id": "257_126",
        "wiki_title": "Duke Wen of Jin",
        "entity_id": "Q561973"
    },
    {
        "query_id": "257_127",
        "wiki_title": "Mark Twain",
        "entity_id": "Q7245"
    },
    {
        "query_id": "257_128",
        "wiki_title": "Princess Maria of Greece and Denmark",
        "entity_id": "Q232732"
    },
    {
        "query_id": "257_129",
        "wiki_title": "Tyler Ritter",
        "entity_id": "Q18153557"
    },
    {
        "query_id": "257_130",
        "wiki_title": "Kim Kardashian",
        "entity_id": "Q186304"
    },
    {
        "query_id": "257_131",
        "wiki_title": "Bernhard Schlink",
        "entity_id": "Q76699"
    },
    {
        "query_id": "257_132",
        "wiki_title": "Princess Maria Pia of Bourbon-Parma",
        "entity_id": "Q922418"
    },
    {
        "query_id": "257_133",
        "wiki_title": "Theobald Butler, 1st Viscount Butler of Tulleophelim",
        "entity_id": "Q7781524"
    },
    {
        "query_id": "257_134",
        "wiki_title": "Ptolemy II of Telmessos",
        "entity_id": "Q7257104"
    },
    {
        "query_id": "257_135",
        "wiki_title": "Dub, King of Scotland",
        "entity_id": "Q363154"
    },
    {
        "query_id": "257_136",
        "wiki_title": "Marguerite de Rothschild",
        "entity_id": "Q3290795"
    },
    {
        "query_id": "257_137",
        "wiki_title": "Vanlandi",
        "entity_id": "Q776205"
    },
    {
        "query_id": "257_138",
        "wiki_title": "Trace Cyrus",
        "entity_id": "Q54867"
    },
    {
        "query_id": "257_139",
        "wiki_title": "Arjun Sarja",
        "entity_id": "Q3536892"
    },
    {
        "query_id": "257_140",
        "wiki_title": "Sultan bin Abdulaziz",
        "entity_id": "Q315587"
    },
    {
        "query_id": "257_141",
        "wiki_title": "Alexander Graham Bell",
        "entity_id": "Q34286"
    },
    {
        "query_id": "257_142",
        "wiki_title": "James Madison",
        "entity_id": "Q11813"
    },
    {
        "query_id": "257_143",
        "wiki_title": "Bolo, Prince Duanzhong",
        "entity_id": "Q4939946"
    },
    {
        "query_id": "257_144",
        "wiki_title": "Şehzade Bayezid",
        "entity_id": "Q2606870"
    },
    {
        "query_id": "257_145",
        "wiki_title": "Kazushige Nagashima",
        "entity_id": "Q326617"
    },
    {
        "query_id": "257_146",
        "wiki_title": "Theodelap of Spoleto",
        "entity_id": "Q532703"
    },
    {
        "query_id": "257_147",
        "wiki_title": "Frederick, Hereditary Prince of Denmark",
        "entity_id": "Q374885"
    },
    {
        "query_id": "257_148",
        "wiki_title": "Frans Pourbus the Elder",
        "entity_id": "Q1445472"
    },
    {
        "query_id": "257_149",
        "wiki_title": "Vision (Marvel Comics)",
        "entity_id": "Q2307071"
    },
    {
        "query_id": "257_150",
        "wiki_title": "Ptolemy II Philadelphus",
        "entity_id": "Q39576"
    },
    {
        "query_id": "257_151",
        "wiki_title": "Princess Elisabeth, Duchess of Brabant",
        "entity_id": "Q830697"
    },
    {
        "query_id": "257_152",
        "wiki_title": "Randolph Churchill",
        "entity_id": "Q183105"
    },
    {
        "query_id": "257_153",
        "wiki_title": "Jitendra Narayan",
        "entity_id": "Q6203260"
    },
    {
        "query_id": "257_154",
        "wiki_title": "Mohammad Ali Khan Zand",
        "entity_id": "Q886727"
    },
    {
        "query_id": "257_155",
        "wiki_title": "Melora Hardin",
        "entity_id": "Q269901"
    },
    {
        "query_id": "257_156",
        "wiki_title": "Asia (Oceanid)",
        "entity_id": "Q605744"
    },
    {
        "query_id": "257_157",
        "wiki_title": "Richard Somerset, 2nd Baron Raglan",
        "entity_id": "Q7329145"
    },
    {
        "query_id": "257_158",
        "wiki_title": "Gladys Guggenheim Straus",
        "entity_id": "Q5566409"
    },
    {
        "query_id": "257_159",
        "wiki_title": "Michael Jackson",
        "entity_id": "Q2831"
    },
    {
        "query_id": "257_160",
        "wiki_title": "Mary Herbert, Countess of Pembroke (d. 1649)",
        "entity_id": "Q6779770"
    },
    {
        "query_id": "257_161",
        "wiki_title": "Thor",
        "entity_id": "Q42952"
    },
    {
        "query_id": "257_162",
        "wiki_title": "Odysseus",
        "entity_id": "Q47231"
    },
    {
        "query_id": "257_163",
        "wiki_title": "Mé Aktsom",
        "entity_id": "Q2187385"
    },
    {
        "query_id": "257_164",
        "wiki_title": "Arvinder Singh Lovely (Deoli MLA)",
        "entity_id": "Q18763826"
    },
    {
        "query_id": "257_165",
        "wiki_title": "Ariarathes VI of Cappadocia",
        "entity_id": "Q359573"
    },
    {
        "query_id": "257_166",
        "wiki_title": "Leo VI the Wise",
        "entity_id": "Q41618"
    },
    {
        "query_id": "257_167",
        "wiki_title": "Zhuozi (Jin)",
        "entity_id": "Q870356"
    },
    {
        "query_id": "257_168",
        "wiki_title": "Donor (horse)",
        "entity_id": "Q17112783"
    },
    {
        "query_id": "257_169",
        "wiki_title": "Willie Geist",
        "entity_id": "Q2581445"
    },
    {
        "query_id": "257_170",
        "wiki_title": "Theodoric I",
        "entity_id": "Q110892"
    },
    {
        "query_id": "257_171",
        "wiki_title": "Prince Nikolai of Denmark",
        "entity_id": "Q241033"
    },
    {
        "query_id": "257_172",
        "wiki_title": "Eudamidas III",
        "entity_id": "Q911113"
    },
    {
        "query_id": "257_173",
        "wiki_title": "Joan of Arc",
        "entity_id": "Q7226"
    },
    {
        "query_id": "257_174",
        "wiki_title": "Charites",
        "entity_id": "Q184353"
    },
    {
        "query_id": "257_175",
        "wiki_title": "Rachel Summers",
        "entity_id": "Q258015"
    },
    {
        "query_id": "257_176",
        "wiki_title": "Skyline (horse)",
        "entity_id": "Q7537886"
    },
    {
        "query_id": "257_177",
        "wiki_title": "Vidyullekha Raman",
        "entity_id": "Q15240676"
    },
    {
        "query_id": "257_178",
        "wiki_title": "Abu Abdallah Mohammed II Saadi",
        "entity_id": "Q334768"
    },
    {
        "query_id": "257_179",
        "wiki_title": "Prized",
        "entity_id": "Q7246542"
    },
    {
        "query_id": "257_180",
        "wiki_title": "Tiridates III of Armenia",
        "entity_id": "Q172520"
    },
    {
        "query_id": "257_181",
        "wiki_title": "Edward the Elder",
        "entity_id": "Q187114"
    },
    {
        "query_id": "257_182",
        "wiki_title": "Emma Portman, Baroness Portman",
        "entity_id": "Q5372926"
    },
    {
        "query_id": "257_183",
        "wiki_title": "Anagarika Dharmapala",
        "entity_id": "Q3518574"
    },
    {
        "query_id": "257_184",
        "wiki_title": "Vimolnaka Nabisi",
        "entity_id": "Q6581594"
    },
    {
        "query_id": "257_185",
        "wiki_title": "Amitabh Bachchan",
        "entity_id": "Q9570"
    },
    {
        "query_id": "257_186",
        "wiki_title": "Alexander I of Serbia",
        "entity_id": "Q297547"
    },
    {
        "query_id": "257_187",
        "wiki_title": "Barack Obama",
        "entity_id": "Q76"
    },
    {
        "query_id": "257_188",
        "wiki_title": "Æthelburh of Wilton",
        "entity_id": "Q4063418"
    },
    {
        "query_id": "257_189",
        "wiki_title": "Indiana Jones (character)",
        "entity_id": "Q148659"
    },
    {
        "query_id": "257_190",
        "wiki_title": "Shimazu Tadayoshi (2nd)",
        "entity_id": "Q1005245"
    },
    {
        "query_id": "257_191",
        "wiki_title": "Balendukht",
        "entity_id": "Q2880758"
    },
    {
        "query_id": "257_192",
        "wiki_title": "Metacomet",
        "entity_id": "Q729648"
    },
    {
        "query_id": "257_193",
        "wiki_title": "S. Robson Walton",
        "entity_id": "Q736477"
    },
    {
        "query_id": "257_194",
        "wiki_title": "Regal Embrace",
        "entity_id": "Q7307914"
    },
    {
        "query_id": "257_195",
        "wiki_title": "Mei Baojiu",
        "entity_id": "Q6809920"
    },
    {
        "query_id": "257_196",
        "wiki_title": "Brew (horse)",
        "entity_id": "Q4962611"
    },
    {
        "query_id": "257_197",
        "wiki_title": "Liu Ruyi",
        "entity_id": "Q702231"
    },
    {
        "query_id": "257_198",
        "wiki_title": "Christian V of Denmark",
        "entity_id": "Q157793"
    },
    {
        "query_id": "257_199",
        "wiki_title": "Susan Landau Finch",
        "entity_id": "Q2368910"
    },
    {
        "query_id": "257_200",
        "wiki_title": "Frederick R. Koch",
        "entity_id": "Q5498590"
    },
    {
        "query_id": "257_201",
        "wiki_title": "Bert Bertrand",
        "entity_id": "Q2899181"
    },
    {
        "query_id": "257_202",
        "wiki_title": "Alexander the Great",
        "entity_id": "Q8409"
    },
    {
        "query_id": "257_203",
        "wiki_title": "King Arthur",
        "entity_id": "Q45792"
    },
    {
        "query_id": "257_204",
        "wiki_title": "Nebuchadnezzar II",
        "entity_id": "Q12591"
    },
    {
        "query_id": "257_205",
        "wiki_title": "Julia Strachey",
        "entity_id": "Q6306769"
    },
    {
        "query_id": "257_206",
        "wiki_title": "Mstislav Rostislavich",
        "entity_id": "Q4305604"
    },
    {
        "query_id": "257_207",
        "wiki_title": "Colcu mac Domnaill",
        "entity_id": "Q5142154"
    },
    {
        "query_id": "257_208",
        "wiki_title": "Folke Zettervall",
        "entity_id": "Q5464504"
    },
    {
        "query_id": "257_209",
        "wiki_title": "Dick Grayson",
        "entity_id": "Q660051"
    },
    {
        "query_id": "257_210",
        "wiki_title": "Nawaz Sharif",
        "entity_id": "Q134068"
    },
    {
        "query_id": "257_211",
        "wiki_title": "Daud Khan Karrani",
        "entity_id": "Q5227852"
    },
    {
        "query_id": "257_212",
        "wiki_title": "Isaac B. Desha",
        "entity_id": "Q6075993"
    },
    {
        "query_id": "257_213",
        "wiki_title": "Yang Wo",
        "entity_id": "Q5195385"
    },
    {
        "query_id": "257_214",
        "wiki_title": "Mary, Princess Royal and Countess of Harewood",
        "entity_id": "Q233913"
    },
    {
        "query_id": "257_215",
        "wiki_title": "Bal Thackeray",
        "entity_id": "Q61193"
    },
    {
        "query_id": "257_216",
        "wiki_title": "Paul I of Russia",
        "entity_id": "Q15189"
    },
    {
        "query_id": "257_217",
        "wiki_title": "Dagobert III",
        "entity_id": "Q109248"
    },
    {
        "query_id": "257_218",
        "wiki_title": "Steve Kerr",
        "entity_id": "Q523630"
    },
    {
        "query_id": "257_219",
        "wiki_title": "Ram (biblical figure)",
        "entity_id": "Q1824842"
    },
    {
        "query_id": "257_220",
        "wiki_title": "Edward, King of Portugal",
        "entity_id": "Q294607"
    },
    {
        "query_id": "257_221",
        "wiki_title": "Josie Ho",
        "entity_id": "Q455691"
    },
    {
        "query_id": "257_222",
        "wiki_title": "Nathan (son of David)",
        "entity_id": "Q3437128"
    },
    {
        "query_id": "257_223",
        "wiki_title": "Jason",
        "entity_id": "Q176758"
    },
    {
        "query_id": "257_224",
        "wiki_title": "James the Great",
        "entity_id": "Q43999"
    },
    {
        "query_id": "257_225",
        "wiki_title": "George S. Patton",
        "entity_id": "Q186492"
    },
    {
        "query_id": "257_226",
        "wiki_title": "Makaziwe Mandela",
        "entity_id": "Q14775521"
    },
    {
        "query_id": "257_227",
        "wiki_title": "Al Gore",
        "entity_id": "Q19673"
    },
    {
        "query_id": "257_228",
        "wiki_title": "John the Apostle",
        "entity_id": "Q44015"
    },
    {
        "query_id": "257_229",
        "wiki_title": "Mu of Baekje",
        "entity_id": "Q498007"
    },
    {
        "query_id": "257_230",
        "wiki_title": "Viola Tree",
        "entity_id": "Q7933044"
    },
    {
        "query_id": "257_231",
        "wiki_title": "Lee Baxter",
        "entity_id": "Q128845"
    },
    {
        "query_id": "257_232",
        "wiki_title": "Sophie of France (1734–1782)",
        "entity_id": "Q1151372"
    },
    {
        "query_id": "257_233",
        "wiki_title": "Princess Ki",
        "entity_id": "Q859218"
    },
    {
        "query_id": "257_234",
        "wiki_title": "Corbin Bleu",
        "entity_id": "Q4617"
    },
    {
        "query_id": "257_235",
        "wiki_title": "Gwen Ffrangcon-Davies",
        "entity_id": "Q438712"
    },
    {
        "query_id": "257_236",
        "wiki_title": "Tokugawa Ieyasu",
        "entity_id": "Q171977"
    },
    {
        "query_id": "257_237",
        "wiki_title": "Michael II Apafi",
        "entity_id": "Q717000"
    },
    {
        "query_id": "257_238",
        "wiki_title": "Agesilaus II",
        "entity_id": "Q271850"
    },
    {
        "query_id": "257_239",
        "wiki_title": "Naphtali",
        "entity_id": "Q1771963"
    },
    {
        "query_id": "257_240",
        "wiki_title": "Pedro Afonso, Prince Imperial of Brazil",
        "entity_id": "Q2459965"
    },
    {
        "query_id": "257_241",
        "wiki_title": "George (son of David VII of Georgia)",
        "entity_id": "Q3102235"
    },
    {
        "query_id": "257_242",
        "wiki_title": "Selena",
        "entity_id": "Q23543"
    },
    {
        "query_id": "257_243",
        "wiki_title": "Andreyas",
        "entity_id": "Q495619"
    },
    {
        "query_id": "257_244",
        "wiki_title": "Arcathias",
        "entity_id": "Q2349623"
    },
    {
        "query_id": "257_245",
        "wiki_title": "Aslaug",
        "entity_id": "Q732678"
    },
    {
        "query_id": "257_246",
        "wiki_title": "Bagrat III of Georgia",
        "entity_id": "Q467266"
    },
    {
        "query_id": "257_247",
        "wiki_title": "Brooke Hayward",
        "entity_id": "Q4974445"
    },
    {
        "query_id": "257_248",
        "wiki_title": "Onela",
        "entity_id": "Q2293179"
    },
    {
        "query_id": "257_249",
        "wiki_title": "Cornelis de Heem",
        "entity_id": "Q1133621"
    },
    {
        "query_id": "257_250",
        "wiki_title": "Denis of Portugal",
        "entity_id": "Q212890"
    },
    {
        "query_id": "257_251",
        "wiki_title": "Levan Gruzinsky",
        "entity_id": "Q4150534"
    },
    {
        "query_id": "257_252",
        "wiki_title": "Margaret, Countess of Pembroke",
        "entity_id": "Q1796668"
    },
    {
        "query_id": "257_253",
        "wiki_title": "Dahyabhai Patel",
        "entity_id": "Q5208964"
    },
    {
        "query_id": "257_254",
        "wiki_title": "Lucius Aemilius Paullus Macedonicus",
        "entity_id": "Q298168"
    },
    {
        "query_id": "257_255",
        "wiki_title": "Came Home",
        "entity_id": "Q5025841"
    },
    {
        "query_id": "257_256",
        "wiki_title": "Princess Tōchi",
        "entity_id": "Q836214"
    },
    {
        "query_id": "257_257",
        "wiki_title": "Count Palatine Joseph Charles of Sulzbach",
        "entity_id": "Q63649"
    },
    {
        "query_id": "257_258",
        "wiki_title": "Clem Michael",
        "entity_id": "Q16215938"
    },
    {
        "query_id": "257_259",
        "wiki_title": "Johann Sebastian Bach",
        "entity_id": "Q1339"
    },
    {
        "query_id": "257_260",
        "wiki_title": "Philip III of Macedon",
        "entity_id": "Q295530"
    },
    {
        "query_id": "257_261",
        "wiki_title": "Jean-Auguste Barre",
        "entity_id": "Q3163744"
    },
    {
        "query_id": "257_262",
        "wiki_title": "Ballala Sena",
        "entity_id": "Q4851418"
    },
    {
        "query_id": "257_263",
        "wiki_title": "Peter II of Portugal",
        "entity_id": "Q156190"
    },
    {
        "query_id": "257_264",
        "wiki_title": "Konstanty Władysław Sobieski",
        "entity_id": "Q4381376"
    },
    {
        "query_id": "257_265",
        "wiki_title": "Eric Anundsson",
        "entity_id": "Q529984"
    },
    {
        "query_id": "257_266",
        "wiki_title": "Maurice Laing",
        "entity_id": "Q6793267"
    },
    {
        "query_id": "257_267",
        "wiki_title": "Salim Al-Mubarak Al-Sabah",
        "entity_id": "Q2364766"
    },
    {
        "query_id": "257_268",
        "wiki_title": "Dulce of Aragon",
        "entity_id": "Q283312"
    },
    {
        "query_id": "257_269",
        "wiki_title": "Ginger Punch",
        "entity_id": "Q5563063"
    },
    {
        "query_id": "257_270",
        "wiki_title": "Gesalec",
        "entity_id": "Q313192"
    },
    {
        "query_id": "257_271",
        "wiki_title": "Harry Augustus Garfield",
        "entity_id": "Q591629"
    },
    {
        "query_id": "257_272",
        "wiki_title": "Dance in the Dark (horse)",
        "entity_id": "Q5215257"
    },
    {
        "query_id": "257_273",
        "wiki_title": "Princess Cristina of Bourbon-Two Sicilies",
        "entity_id": "Q3847229"
    },
    {
        "query_id": "257_274",
        "wiki_title": "Pierre Joxe",
        "entity_id": "Q977974"
    },
    {
        "query_id": "257_275",
        "wiki_title": "Damian Marley",
        "entity_id": "Q310796"
    },
    {
        "query_id": "257_276",
        "wiki_title": "Susan Crown",
        "entity_id": "Q7647720"
    },
    {
        "query_id": "257_277",
        "wiki_title": "Reu",
        "entity_id": "Q2040793"
    },
    {
        "query_id": "257_278",
        "wiki_title": "Boleslaus III, Duke of Bohemia",
        "entity_id": "Q266737"
    },
    {
        "query_id": "257_279",
        "wiki_title": "Charlotte of France",
        "entity_id": "Q374988"
    },
    {
        "query_id": "257_280",
        "wiki_title": "Faunus",
        "entity_id": "Q3089703"
    },
    {
        "query_id": "257_281",
        "wiki_title": "Sejong the Great",
        "entity_id": "Q37682"
    },
    {
        "query_id": "257_282",
        "wiki_title": "Sybilla of Normandy",
        "entity_id": "Q2293930"
    },
    {
        "query_id": "257_283",
        "wiki_title": "Stephen, King of England",
        "entity_id": "Q60849"
    },
    {
        "query_id": "257_284",
        "wiki_title": "Iamus",
        "entity_id": "Q1655431"
    },
    {
        "query_id": "257_285",
        "wiki_title": "Leopold Mozart",
        "entity_id": "Q156280"
    },
    {
        "query_id": "257_286",
        "wiki_title": "Helen of Troy",
        "entity_id": "Q164061"
    },
    {
        "query_id": "257_287",
        "wiki_title": "Emperor Fei of Western Wei",
        "entity_id": "Q2660296"
    },
    {
        "query_id": "257_288",
        "wiki_title": "Irene Laskarina",
        "entity_id": "Q269955"
    },
    {
        "query_id": "257_289",
        "wiki_title": "Nadia Benois",
        "entity_id": "Q3334825"
    },
    {
        "query_id": "257_290",
        "wiki_title": "Charles II of England",
        "entity_id": "Q122553"
    },
    {
        "query_id": "257_291",
        "wiki_title": "Princess Senate Seeiso",
        "entity_id": "Q5736329"
    },
    {
        "query_id": "257_292",
        "wiki_title": "Infanta Francisca Josefa of Portugal",
        "entity_id": "Q4762303"
    },
    {
        "query_id": "257_293",
        "wiki_title": "Stephen Lee (chemist)",
        "entity_id": "Q6580896"
    },
    {
        "query_id": "257_294",
        "wiki_title": "Linus Torvalds",
        "entity_id": "Q34253"
    },
    {
        "query_id": "257_295",
        "wiki_title": "Horus",
        "entity_id": "Q84122"
    },
    {
        "query_id": "257_296",
        "wiki_title": "Charles, Count of Valois",
        "entity_id": "Q270438"
    },
    {
        "query_id": "257_297",
        "wiki_title": "Spyros Niarchos",
        "entity_id": "Q7581803"
    },
    {
        "query_id": "257_298",
        "wiki_title": "Dustin Rhodes",
        "entity_id": "Q314657"
    },
    {
        "query_id": "257_299",
        "wiki_title": "Seol Chong",
        "entity_id": "Q490448"
    },
    {
        "query_id": "257_300",
        "wiki_title": "David I of Scotland",
        "entity_id": "Q216787"
    },
    {
        "query_id": "257_301",
        "wiki_title": "Ion (mythology)",
        "entity_id": "Q853462"
    },
    {
        "query_id": "257_302",
        "wiki_title": "Ham (son of Noah)",
        "entity_id": "Q229702"
    },
    {
        "query_id": "257_303",
        "wiki_title": "Scooter Barry",
        "entity_id": "Q474574"
    },
    {
        "query_id": "257_304",
        "wiki_title": "Aun",
        "entity_id": "Q3773422"
    },
    {
        "query_id": "257_305",
        "wiki_title": "Frances Ridley Havergal",
        "entity_id": "Q275111"
    },
    {
        "query_id": "257_306",
        "wiki_title": "Frederick Jagiellon",
        "entity_id": "Q673151"
    },
    {
        "query_id": "257_307",
        "wiki_title": "But Why Not",
        "entity_id": "Q5002323"
    },
    {
        "query_id": "257_308",
        "wiki_title": "Richard (son of William the Conqueror)",
        "entity_id": "Q3498141"
    },
    {
        "query_id": "257_309",
        "wiki_title": "Essie Mae Washington-Williams",
        "entity_id": "Q4249647"
    },
    {
        "query_id": "257_310",
        "wiki_title": "Match II",
        "entity_id": "Q11340493"
    },
    {
        "query_id": "257_311",
        "wiki_title": "Qasim ibn Muhammad ibn Abi Bakr",
        "entity_id": "Q2617033"
    },
    {
        "query_id": "257_312",
        "wiki_title": "Mary, Queen of Hungary",
        "entity_id": "Q154412"
    },
    {
        "query_id": "257_313",
        "wiki_title": "Concern (horse)",
        "entity_id": "Q5158448"
    },
    {
        "query_id": "257_314",
        "wiki_title": "Alexander (son of Ivan Shishman)",
        "entity_id": "Q4718156"
    },
    {
        "query_id": "257_315",
        "wiki_title": "George W. Bush",
        "entity_id": "Q207"
    },
    {
        "query_id": "257_316",
        "wiki_title": "Amenemopet (prince)",
        "entity_id": "Q689613"
    },
    {
        "query_id": "257_317",
        "wiki_title": "Prince Erik, Duke of Västmanland",
        "entity_id": "Q714780"
    },
    {
        "query_id": "257_318",
        "wiki_title": "Hormizd II",
        "entity_id": "Q313599"
    },
    {
        "query_id": "257_319",
        "wiki_title": "Pope Innocent I",
        "entity_id": "Q134694"
    },
    {
        "query_id": "257_320",
        "wiki_title": "David Freud, Baron Freud",
        "entity_id": "Q1174459"
    },
    {
        "query_id": "257_321",
        "wiki_title": "Sophia Jagiellon, Duchess of Brunswick-Lüneburg",
        "entity_id": "Q455255"
    },
    {
        "query_id": "257_322",
        "wiki_title": "Yunreng",
        "entity_id": "Q1076775"
    },
    {
        "query_id": "257_323",
        "wiki_title": "Reset (horse)",
        "entity_id": "Q7315344"
    },
    {
        "query_id": "257_324",
        "wiki_title": "Jayappaji Rao Scindia",
        "entity_id": "Q6167629"
    },
    {
        "query_id": "257_325",
        "wiki_title": "Frederick IV, Elector Palatine",
        "entity_id": "Q60746"
    },
    {
        "query_id": "257_326",
        "wiki_title": "Alexandra Kitchin",
        "entity_id": "Q2012841"
    },
    {
        "query_id": "257_327",
        "wiki_title": "Griffin O'Neal",
        "entity_id": "Q5608815"
    },
    {
        "query_id": "257_328",
        "wiki_title": "John, King of England",
        "entity_id": "Q129308"
    },
    {
        "query_id": "257_329",
        "wiki_title": "Beau Biden",
        "entity_id": "Q813332"
    },
    {
        "query_id": "257_330",
        "wiki_title": "Michael VII Doukas",
        "entity_id": "Q210564"
    },
    {
        "query_id": "257_331",
        "wiki_title": "Holly Palance",
        "entity_id": "Q4027099"
    },
    {
        "query_id": "257_332",
        "wiki_title": "Talia Balsam",
        "entity_id": "Q271616"
    },
    {
        "query_id": "257_333",
        "wiki_title": "Béla IV of Hungary",
        "entity_id": "Q152370"
    },
    {
        "query_id": "257_334",
        "wiki_title": "Anubis",
        "entity_id": "Q47534"
    },
    {
        "query_id": "257_335",
        "wiki_title": "Dylan Penn",
        "entity_id": "Q17403535"
    },
    {
        "query_id": "257_336",
        "wiki_title": "Nicholas I, Duke of Troppau",
        "entity_id": "Q638363"
    },
    {
        "query_id": "257_337",
        "wiki_title": "Court Martial (horse)",
        "entity_id": "Q5178255"
    },
    {
        "query_id": "257_338",
        "wiki_title": "Chris Penn",
        "entity_id": "Q297744"
    },
    {
        "query_id": "257_339",
        "wiki_title": "Princess Yamanobe",
        "entity_id": "Q3138027"
    },
    {
        "query_id": "257_340",
        "wiki_title": "Rahul Bhatt",
        "entity_id": "Q13217201"
    },
    {
        "query_id": "257_341",
        "wiki_title": "Grand Duke Nicholas Mikhailovich of Russia",
        "entity_id": "Q535400"
    },
    {
        "query_id": "257_342",
        "wiki_title": "Ramkarpal Singh",
        "entity_id": "Q16867453"
    },
    {
        "query_id": "257_343",
        "wiki_title": "Isaac Bowman",
        "entity_id": "Q6076080"
    },
    {
        "query_id": "257_344",
        "wiki_title": "Rand Paul",
        "entity_id": "Q463557"
    },
    {
        "query_id": "257_345",
        "wiki_title": "Vira Someshwara",
        "entity_id": "Q7933553"
    },
    {
        "query_id": "257_346",
        "wiki_title": "Caveat (horse)",
        "entity_id": "Q5054978"
    },
    {
        "query_id": "257_347",
        "wiki_title": "Anton II of Georgia",
        "entity_id": "Q3652858"
    },
    {
        "query_id": "257_348",
        "wiki_title": "Lij Iyasu of Ethiopia",
        "entity_id": "Q379889"
    },
    {
        "query_id": "257_349",
        "wiki_title": "Princess Alice of the United Kingdom",
        "entity_id": "Q155566"
    },
    {
        "query_id": "257_350",
        "wiki_title": "Alfred Jefferis Turner",
        "entity_id": "Q963559"
    },
    {
        "query_id": "257_351",
        "wiki_title": "Margaret, Maid of Norway",
        "entity_id": "Q229159"
    },
    {
        "query_id": "257_352",
        "wiki_title": "Matthew Henry Richey",
        "entity_id": "Q1909527"
    },
    {
        "query_id": "257_353",
        "wiki_title": "Gouverneur Morris Jr.",
        "entity_id": "Q5588499"
    },
    {
        "query_id": "257_354",
        "wiki_title": "Leir of Britain",
        "entity_id": "Q1800394"
    },
    {
        "query_id": "257_355",
        "wiki_title": "Jesus",
        "entity_id": "Q302"
    },
    {
        "query_id": "257_356",
        "wiki_title": "Anil Kapoor",
        "entity_id": "Q313956"
    },
    {
        "query_id": "257_357",
        "wiki_title": "Alexander (son of Perseus)",
        "entity_id": "Q4718158"
    },
    {
        "query_id": "257_358",
        "wiki_title": "Charles Lindbergh",
        "entity_id": "Q1618"
    },
    {
        "query_id": "257_359",
        "wiki_title": "Jinsa of Baekje",
        "entity_id": "Q497667"
    },
    {
        "query_id": "257_360",
        "wiki_title": "Emperor He of Han",
        "entity_id": "Q7280"
    },
    {
        "query_id": "257_361",
        "wiki_title": "Wang Yuankui",
        "entity_id": "Q7967743"
    },
    {
        "query_id": "257_362",
        "wiki_title": "Mary of Waltham",
        "entity_id": "Q2575533"
    },
    {
        "query_id": "257_363",
        "wiki_title": "Muiz ud din Qaiqabad",
        "entity_id": "Q2168115"
    },
    {
        "query_id": "257_364",
        "wiki_title": "Ruth Cleveland",
        "entity_id": "Q7382923"
    },
    {
        "query_id": "257_365",
        "wiki_title": "Alice of France",
        "entity_id": "Q235637"
    },
    {
        "query_id": "257_366",
        "wiki_title": "Dafydd ap Dafydd ap Llywelyn",
        "entity_id": "Q5208389"
    },
    {
        "query_id": "257_367",
        "wiki_title": "Salmon (biblical figure)",
        "entity_id": "Q1771358"
    },
    {
        "query_id": "257_368",
        "wiki_title": "Ruby Stewart",
        "entity_id": "Q7376392"
    },
    {
        "query_id": "257_369",
        "wiki_title": "Ptolemy V Epiphanes",
        "entity_id": "Q39957"
    },
    {
        "query_id": "257_370",
        "wiki_title": "Tharrawaddy Min",
        "entity_id": "Q38167"
    },
    {
        "query_id": "257_371",
        "wiki_title": "Charismatic (horse)",
        "entity_id": "Q5074405"
    },
    {
        "query_id": "257_372",
        "wiki_title": "Mojmir II of Moravia",
        "entity_id": "Q551716"
    },
    {
        "query_id": "257_373",
        "wiki_title": "Dixie Union (horse)",
        "entity_id": "Q5284902"
    },
    {
        "query_id": "257_374",
        "wiki_title": "David Cassidy",
        "entity_id": "Q457306"
    },
    {
        "query_id": "257_375",
        "wiki_title": "Skip Holtz",
        "entity_id": "Q7535681"
    },
    {
        "query_id": "257_376",
        "wiki_title": "Rafi-ush-Shan",
        "entity_id": "Q7282618"
    },
    {
        "query_id": "257_377",
        "wiki_title": "Koxinga",
        "entity_id": "Q197615"
    },
    {
        "query_id": "257_378",
        "wiki_title": "Nikephoros Diogenes",
        "entity_id": "Q3341215"
    },
    {
        "query_id": "257_379",
        "wiki_title": "Utu",
        "entity_id": "Q526992"
    },
    {
        "query_id": "257_380",
        "wiki_title": "Niketa Thopia",
        "entity_id": "Q16205994"
    },
    {
        "query_id": "257_381",
        "wiki_title": "Telerig",
        "entity_id": "Q255646"
    },
    {
        "query_id": "257_382",
        "wiki_title": "Ludmila Zeman",
        "entity_id": "Q4276792"
    },
    {
        "query_id": "257_383",
        "wiki_title": "Charles Catton the younger",
        "entity_id": "Q5076143"
    },
    {
        "query_id": "257_384",
        "wiki_title": "George Dance the Younger",
        "entity_id": "Q1770335"
    },
    {
        "query_id": "257_385",
        "wiki_title": "Carl Grimes",
        "entity_id": "Q5040238"
    },
    {
        "query_id": "257_386",
        "wiki_title": "Aung San Suu Kyi",
        "entity_id": "Q36740"
    },
    {
        "query_id": "257_387",
        "wiki_title": "Mohammed Omar Abdel-Rahman",
        "entity_id": "Q6893264"
    },
    {
        "query_id": "257_388",
        "wiki_title": "Pero",
        "entity_id": "Q281670"
    },
    {
        "query_id": "257_389",
        "wiki_title": "Herbert Richmond",
        "entity_id": "Q5735398"
    },
    {
        "query_id": "257_390",
        "wiki_title": "Prince Karl Theodor of Bavaria",
        "entity_id": "Q61548"
    },
    {
        "query_id": "257_391",
        "wiki_title": "Gaston II, Count of Foix",
        "entity_id": "Q612148"
    },
    {
        "query_id": "257_392",
        "wiki_title": "Amun",
        "entity_id": "Q58373"
    },
    {
        "query_id": "257_393",
        "wiki_title": "Sergei Sedov",
        "entity_id": "Q1456019"
    },
    {
        "query_id": "257_394",
        "wiki_title": "Brontis Jodorowsky",
        "entity_id": "Q2926091"
    },
    {
        "query_id": "257_395",
        "wiki_title": "Jujhar Singh",
        "entity_id": "Q1430464"
    },
    {
        "query_id": "257_396",
        "wiki_title": "Abraham Lincoln",
        "entity_id": "Q91"
    },
    {
        "query_id": "257_397",
        "wiki_title": "Dawit III",
        "entity_id": "Q887840"
    },
    {
        "query_id": "257_398",
        "wiki_title": "Edward Lloyd-Mostyn, 2nd Baron Mostyn",
        "entity_id": "Q5344181"
    },
    {
        "query_id": "257_399",
        "wiki_title": "George (son of Constantine I of Georgia)",
        "entity_id": "Q3102147"
    },
    {
        "query_id": "257_400",
        "wiki_title": "Madame Adélaïde",
        "entity_id": "Q237832"
    },
    {
        "query_id": "257_401",
        "wiki_title": "Amber Marks",
        "entity_id": "Q4741272"
    },
    {
        "query_id": "257_402",
        "wiki_title": "Adad",
        "entity_id": "Q346547"
    },
    {
        "query_id": "257_403",
        "wiki_title": "Eormenred of Kent",
        "entity_id": "Q265276"
    },
    {
        "query_id": "257_404",
        "wiki_title": "Jacob",
        "entity_id": "Q289957"
    },
    {
        "query_id": "257_405",
        "wiki_title": "Djer",
        "entity_id": "Q152375"
    },
    {
        "query_id": "257_406",
        "wiki_title": "Constantine Diogenes (son of Romanos IV)",
        "entity_id": "Q17720341"
    },
    {
        "query_id": "257_407",
        "wiki_title": "George F. Sternberg",
        "entity_id": "Q5539145"
    },
    {
        "query_id": "257_408",
        "wiki_title": "Princess Eléonore of Belgium",
        "entity_id": "Q935320"
    },
    {
        "query_id": "257_409",
        "wiki_title": "T. E. Lawrence",
        "entity_id": "Q170596"
    },
    {
        "query_id": "257_410",
        "wiki_title": "Proud Clarion",
        "entity_id": "Q7252229"
    },
    {
        "query_id": "257_411",
        "wiki_title": "Bill Haas",
        "entity_id": "Q862166"
    },
    {
        "query_id": "257_412",
        "wiki_title": "Elma Yerburgh",
        "entity_id": "Q5366378"
    },
    {
        "query_id": "257_413",
        "wiki_title": "Afonso II of Portugal",
        "entity_id": "Q296463"
    },
    {
        "query_id": "257_414",
        "wiki_title": "Sigismund of Burgundy",
        "entity_id": "Q318347"
    },
    {
        "query_id": "257_415",
        "wiki_title": "Urraca of Castile, Queen of Portugal",
        "entity_id": "Q236990"
    },
    {
        "query_id": "257_416",
        "wiki_title": "William III of the Netherlands",
        "entity_id": "Q125649"
    },
    {
        "query_id": "257_417",
        "wiki_title": "John Spencer-Churchill, 11th Duke of Marlborough",
        "entity_id": "Q335796"
    },
    {
        "query_id": "257_418",
        "wiki_title": "Marvell Thomas",
        "entity_id": "Q6778228"
    },
    {
        "query_id": "257_419",
        "wiki_title": "George Robert Gray",
        "entity_id": "Q310456"
    },
    {
        "query_id": "257_420",
        "wiki_title": "Manila (horse)",
        "entity_id": "Q6749660"
    },
    {
        "query_id": "257_421",
        "wiki_title": "Tad Lincoln",
        "entity_id": "Q135687"
    },
    {
        "query_id": "257_422",
        "wiki_title": "Ragnall mac Gofraid",
        "entity_id": "Q3417502"
    },
    {
        "query_id": "257_423",
        "wiki_title": "Philip IV of France",
        "entity_id": "Q130969"
    },
    {
        "query_id": "257_424",
        "wiki_title": "Morgan (bishop)",
        "entity_id": "Q11989934"
    },
    {
        "query_id": "257_425",
        "wiki_title": "Io (mythology)",
        "entity_id": "Q179014"
    },
    {
        "query_id": "257_426",
        "wiki_title": "Julia the Elder",
        "entity_id": "Q2259"
    },
    {
        "query_id": "257_427",
        "wiki_title": "Joseph (Genesis)",
        "entity_id": "Q145746"
    },
    {
        "query_id": "257_428",
        "wiki_title": "Alexander I of Russia",
        "entity_id": "Q15193"
    },
    {
        "query_id": "257_429",
        "wiki_title": "Rebecca",
        "entity_id": "Q40520"
    },
    {
        "query_id": "257_430",
        "wiki_title": "Ahimelech",
        "entity_id": "Q400257"
    },
    {
        "query_id": "257_431",
        "wiki_title": "John Shaw Lefevre",
        "entity_id": "Q6257470"
    },
    {
        "query_id": "257_432",
        "wiki_title": "Solomon, King of Hungary",
        "entity_id": "Q318824"
    },
    {
        "query_id": "257_433",
        "wiki_title": "Charles Cornwallis, 1st Marquess Cornwallis",
        "entity_id": "Q164723"
    },
    {
        "query_id": "257_434",
        "wiki_title": "Madame de Pompadour",
        "entity_id": "Q188965"
    },
    {
        "query_id": "257_435",
        "wiki_title": "Gediminas",
        "entity_id": "Q244852"
    },
    {
        "query_id": "257_436",
        "wiki_title": "Dan (son of Jacob)",
        "entity_id": "Q550869"
    },
    {
        "query_id": "257_437",
        "wiki_title": "Ghazan Marri",
        "entity_id": "Q5556019"
    },
    {
        "query_id": "257_438",
        "wiki_title": "Azazel Jacobs",
        "entity_id": "Q4832305"
    },
    {
        "query_id": "257_439",
        "wiki_title": "Now What (horse)",
        "entity_id": "Q7065857"
    },
    {
        "query_id": "257_440",
        "wiki_title": "Thomas Fane, 8th Earl of Westmorland",
        "entity_id": "Q7611529"
    },
    {
        "query_id": "257_441",
        "wiki_title": "Robert, Count of Clermont",
        "entity_id": "Q266309"
    },
    {
        "query_id": "257_442",
        "wiki_title": "Yeonsangun of Joseon",
        "entity_id": "Q470084"
    },
    {
        "query_id": "257_443",
        "wiki_title": "Arabia (daughter of Justin II)",
        "entity_id": "Q4783358"
    },
    {
        "query_id": "257_444",
        "wiki_title": "Parakramabahu VII of Kotte",
        "entity_id": "Q7134857"
    },
    {
        "query_id": "257_445",
        "wiki_title": "Archduke Leopold of Austria, Prince of Tuscany",
        "entity_id": "Q4785876"
    },
    {
        "query_id": "257_446",
        "wiki_title": "Charlotte Bonaparte",
        "entity_id": "Q262788"
    },
    {
        "query_id": "257_447",
        "wiki_title": "Matthew Robinson Boulton",
        "entity_id": "Q6791148"
    },
    {
        "query_id": "257_448",
        "wiki_title": "George Washington",
        "entity_id": "Q23"
    },
    {
        "query_id": "257_449",
        "wiki_title": "William de Mandeville, 3rd Earl of Essex",
        "entity_id": "Q2581200"
    },
    {
        "query_id": "257_450",
        "wiki_title": "Clemente Palma",
        "entity_id": "Q2281130"
    },
    {
        "query_id": "257_451",
        "wiki_title": "Pavlos, Crown Prince of Greece",
        "entity_id": "Q381700"
    },
    {
        "query_id": "257_452",
        "wiki_title": "Zhengde Emperor",
        "entity_id": "Q10007"
    },
    {
        "query_id": "257_453",
        "wiki_title": "Elizabeth II",
        "entity_id": "Q9682"
    },
    {
        "query_id": "257_454",
        "wiki_title": "Giacomo Guardi",
        "entity_id": "Q3105058"
    },
    {
        "query_id": "257_455",
        "wiki_title": "Zhao Dezhao",
        "entity_id": "Q8070521"
    },
    {
        "query_id": "257_456",
        "wiki_title": "Jesse Dylan",
        "entity_id": "Q766818"
    },
    {
        "query_id": "257_457",
        "wiki_title": "Louisa May Alcott",
        "entity_id": "Q185696"
    },
    {
        "query_id": "257_458",
        "wiki_title": "Rama",
        "entity_id": "Q160213"
    },
    {
        "query_id": "257_459",
        "wiki_title": "Arch (horse)",
        "entity_id": "Q4785285"
    },
    {
        "query_id": "257_460",
        "wiki_title": "Ludwig Feuerbach",
        "entity_id": "Q76422"
    },
    {
        "query_id": "257_461",
        "wiki_title": "Robin Perutz",
        "entity_id": "Q7352711"
    },
    {
        "query_id": "257_462",
        "wiki_title": "Chimera (mythology)",
        "entity_id": "Q182790"
    },
    {
        "query_id": "257_463",
        "wiki_title": "Therese Huber",
        "entity_id": "Q86167"
    },
    {
        "query_id": "257_464",
        "wiki_title": "John Sigismund Vasa",
        "entity_id": "Q15983364"
    },
    {
        "query_id": "257_465",
        "wiki_title": "Sir Capel Molyneux, 3rd Baronet",
        "entity_id": "Q7526155"
    },
    {
        "query_id": "257_466",
        "wiki_title": "Ralph Wiggum",
        "entity_id": "Q1458168"
    },
    {
        "query_id": "257_467",
        "wiki_title": "Vajiralongkorn",
        "entity_id": "Q548733"
    },
    {
        "query_id": "257_468",
        "wiki_title": "Senhime",
        "entity_id": "Q1147080"
    },
    {
        "query_id": "257_469",
        "wiki_title": "Emperor Saga",
        "entity_id": "Q316654"
    },
    {
        "query_id": "257_470",
        "wiki_title": "Cem Sultan",
        "entity_id": "Q441311"
    },
    {
        "query_id": "257_471",
        "wiki_title": "Jeremy Howard (actor)",
        "entity_id": "Q960721"
    },
    {
        "query_id": "257_472",
        "wiki_title": "Peter I of Portugal",
        "entity_id": "Q295824"
    },
    {
        "query_id": "257_473",
        "wiki_title": "Legion (Marvel Comics)",
        "entity_id": "Q1607791"
    },
    {
        "query_id": "257_474",
        "wiki_title": "Macrianus Minor",
        "entity_id": "Q378624"
    },
    {
        "query_id": "257_475",
        "wiki_title": "Ronan Farrow",
        "entity_id": "Q7365461"
    },
    {
        "query_id": "257_476",
        "wiki_title": "Jonathan (1 Samuel)",
        "entity_id": "Q74891"
    },
    {
        "query_id": "257_477",
        "wiki_title": "Diana, Princess of Wales",
        "entity_id": "Q9685"
    },
    {
        "query_id": "257_478",
        "wiki_title": "Aydın Menderes",
        "entity_id": "Q4822480"
    },
    {
        "query_id": "257_479",
        "wiki_title": "Mihailo II of Duklja",
        "entity_id": "Q6845178"
    },
    {
        "query_id": "257_480",
        "wiki_title": "Ansel Marshal",
        "entity_id": "Q569572"
    },
    {
        "query_id": "257_481",
        "wiki_title": "Demetrios Palaiologos (son of Andronikos II)",
        "entity_id": "Q14949537"
    },
    {
        "query_id": "257_482",
        "wiki_title": "Maximilian I of Mexico",
        "entity_id": "Q84192"
    },
    {
        "query_id": "257_483",
        "wiki_title": "Cosimo I de' Medici, Grand Duke of Tuscany",
        "entity_id": "Q48547"
    },
    {
        "query_id": "257_484",
        "wiki_title": "John, Count Palatine of Neumarkt",
        "entity_id": "Q65946"
    },
    {
        "query_id": "257_485",
        "wiki_title": "Edmund of Scotland",
        "entity_id": "Q729517"
    },
    {
        "query_id": "257_486",
        "wiki_title": "Elliott Nugent",
        "entity_id": "Q1332362"
    },
    {
        "query_id": "257_487",
        "wiki_title": "Lily Allen",
        "entity_id": "Q58735"
    },
    {
        "query_id": "257_488",
        "wiki_title": "Nancy Pelosi",
        "entity_id": "Q170581"
    },
    {
        "query_id": "257_489",
        "wiki_title": "Stefan the First-Crowned",
        "entity_id": "Q24445"
    },
    {
        "query_id": "257_490",
        "wiki_title": "Margaret I of Denmark",
        "entity_id": "Q202266"
    },
    {
        "query_id": "257_491",
        "wiki_title": "Judith of Swabia",
        "entity_id": "Q254374"
    },
    {
        "query_id": "257_492",
        "wiki_title": "Jacob in Islam",
        "entity_id": "Q2513598"
    },
    {
        "query_id": "257_493",
        "wiki_title": "Kawab",
        "entity_id": "Q239884"
    },
    {
        "query_id": "257_494",
        "wiki_title": "Gaston, Prince of Viana",
        "entity_id": "Q284141"
    },
    {
        "query_id": "257_495",
        "wiki_title": "Huntress (Helena Wayne)",
        "entity_id": "Q397953"
    },
    {
        "query_id": "257_496",
        "wiki_title": "Rhodos",
        "entity_id": "Q641286"
    },
    {
        "query_id": "257_497",
        "wiki_title": "Ross Perot Jr.",
        "entity_id": "Q7369574"
    },
    {
        "query_id": "257_498",
        "wiki_title": "Brandon Lee",
        "entity_id": "Q211462"
    },
    {
        "query_id": "257_499",
        "wiki_title": "Murong Wei",
        "entity_id": "Q1074804"
    },
    {
        "query_id": "257_500",
        "wiki_title": "Leif Claesson (photographer)",
        "entity_id": "Q5609161"
    },
    {
        "query_id": "257_501",
        "wiki_title": "Estrid Svendsdatter",
        "entity_id": "Q2981947"
    },
    {
        "query_id": "257_502",
        "wiki_title": "Georg Adolf Erman",
        "entity_id": "Q64464"
    },
    {
        "query_id": "257_503",
        "wiki_title": "Mahendrapala",
        "entity_id": "Q6733794"
    },
    {
        "query_id": "257_504",
        "wiki_title": "Danzig (horse)",
        "entity_id": "Q1104509"
    },
    {
        "query_id": "257_505",
        "wiki_title": "Benazir Bhutto",
        "entity_id": "Q34413"
    },
    {
        "query_id": "257_506",
        "wiki_title": "David",
        "entity_id": "Q41370"
    },
    {
        "query_id": "257_507",
        "wiki_title": "Moses",
        "entity_id": "Q9077"
    },
    {
        "query_id": "257_508",
        "wiki_title": "Gwladys",
        "entity_id": "Q2449206"
    },
    {
        "query_id": "257_509",
        "wiki_title": "George, son of Andrew I of Hungary",
        "entity_id": "Q4171758"
    },
    {
        "query_id": "257_510",
        "wiki_title": "Eryx (mythology)",
        "entity_id": "Q430157"
    },
    {
        "query_id": "257_511",
        "wiki_title": "Louis (abbot of Saint-Denis)",
        "entity_id": "Q1351496"
    },
    {
        "query_id": "257_512",
        "wiki_title": "Tamar (daughter of David)",
        "entity_id": "Q2917173"
    },
    {
        "query_id": "257_513",
        "wiki_title": "Robert I, Duke of Burgundy",
        "entity_id": "Q346934"
    },
    {
        "query_id": "257_514",
        "wiki_title": "Karyn Kupcinet",
        "entity_id": "Q2343863"
    },
    {
        "query_id": "257_515",
        "wiki_title": "James I of Aragon",
        "entity_id": "Q212052"
    },
    {
        "query_id": "257_516",
        "wiki_title": "Mary of Woodstock",
        "entity_id": "Q4216185"
    },
    {
        "query_id": "257_517",
        "wiki_title": "John Donkin",
        "entity_id": "Q6229742"
    },
    {
        "query_id": "257_518",
        "wiki_title": "Ine of Wessex",
        "entity_id": "Q451580"
    },
    {
        "query_id": "257_519",
        "wiki_title": "Matthew the Apostle",
        "entity_id": "Q43600"
    },
    {
        "query_id": "257_520",
        "wiki_title": "Gao Wei",
        "entity_id": "Q718181"
    },
    {
        "query_id": "257_521",
        "wiki_title": "One Count",
        "entity_id": "Q7092541"
    },
    {
        "query_id": "257_522",
        "wiki_title": "Krishna",
        "entity_id": "Q42891"
    },
    {
        "query_id": "257_523",
        "wiki_title": "Ours (singer)",
        "entity_id": "Q56818"
    },
    {
        "query_id": "257_524",
        "wiki_title": "Bertrand Russell",
        "entity_id": "Q33760"
    },
    {
        "query_id": "257_525",
        "wiki_title": "Meinhardt Schomberg, 3rd Duke of Schomberg",
        "entity_id": "Q84922"
    },
    {
        "query_id": "257_526",
        "wiki_title": "Hooge, Prince Su",
        "entity_id": "Q1039354"
    },
    {
        "query_id": "257_527",
        "wiki_title": "Wayne Gretzky",
        "entity_id": "Q209518"
    },
    {
        "query_id": "257_528",
        "wiki_title": "Searching (horse)",
        "entity_id": "Q7441703"
    },
    {
        "query_id": "257_529",
        "wiki_title": "Apama",
        "entity_id": "Q237626"
    },
    {
        "query_id": "257_530",
        "wiki_title": "Bahman Mirza Qajar",
        "entity_id": "Q2061781"
    },
    {
        "query_id": "257_531",
        "wiki_title": "Alexander (son of Lysimachus)",
        "entity_id": "Q886688"
    },
    {
        "query_id": "257_532",
        "wiki_title": "Robert, King of Naples",
        "entity_id": "Q290720"
    },
    {
        "query_id": "257_533",
        "wiki_title": "Isis",
        "entity_id": "Q79876"
    },
    {
        "query_id": "257_534",
        "wiki_title": "Pieter van Os",
        "entity_id": "Q2017560"
    },
    {
        "query_id": "257_535",
        "wiki_title": "Franklin Richards (comics)",
        "entity_id": "Q2624716"
    },
    {
        "query_id": "257_536",
        "wiki_title": "Rhea Silvia",
        "entity_id": "Q219936"
    },
    {
        "query_id": "257_537",
        "wiki_title": "Hedwig of France, Countess of Nevers",
        "entity_id": "Q1564001"
    },
    {
        "query_id": "257_538",
        "wiki_title": "T. S. Eliot",
        "entity_id": "Q37767"
    },
    {
        "query_id": "257_539",
        "wiki_title": "Henry Fairfield Osborn Jr.",
        "entity_id": "Q3132777"
    },
    {
        "query_id": "257_540",
        "wiki_title": "Sun He (Zixiao)",
        "entity_id": "Q1195417"
    },
    {
        "query_id": "257_541",
        "wiki_title": "Levi",
        "entity_id": "Q215512"
    },
    {
        "query_id": "257_542",
        "wiki_title": "Hel (mythological being)",
        "entity_id": "Q191589"
    },
    {
        "query_id": "257_543",
        "wiki_title": "Yonglin",
        "entity_id": "Q7901429"
    },
    {
        "query_id": "257_544",
        "wiki_title": "Ishme-Dagan I",
        "entity_id": "Q458377"
    },
    {
        "query_id": "257_545",
        "wiki_title": "Coastal (horse)",
        "entity_id": "Q5138249"
    },
    {
        "query_id": "257_546",
        "wiki_title": "William Zeckendorf Jr.",
        "entity_id": "Q18563877"
    },
    {
        "query_id": "257_547",
        "wiki_title": "Cable (character)",
        "entity_id": "Q2267017"
    },
    {
        "query_id": "257_548",
        "wiki_title": "David Glen Eisley",
        "entity_id": "Q2549389"
    },
    {
        "query_id": "257_549",
        "wiki_title": "Yoko Yazawa",
        "entity_id": "Q8054599"
    },
    {
        "query_id": "257_550",
        "wiki_title": "Narsieh",
        "entity_id": "Q860075"
    },
    {
        "query_id": "257_551",
        "wiki_title": "Armed",
        "entity_id": "Q4792951"
    },
    {
        "query_id": "257_552",
        "wiki_title": "Claudia Octavia",
        "entity_id": "Q231262"
    },
    {
        "query_id": "257_553",
        "wiki_title": "Malcolm Munthe",
        "entity_id": "Q601202"
    },
    {
        "query_id": "257_554",
        "wiki_title": "Smile (horse)",
        "entity_id": "Q7544614"
    },
    {
        "query_id": "257_555",
        "wiki_title": "Dwayne Johnson",
        "entity_id": "Q10738"
    },
    {
        "query_id": "257_556",
        "wiki_title": "James I of Scotland",
        "entity_id": "Q235234"
    },
    {
        "query_id": "257_557",
        "wiki_title": "Paris (mythology)",
        "entity_id": "Q167646"
    },
    {
        "query_id": "257_558",
        "wiki_title": "Emperor Gaozu of Han",
        "entity_id": "Q7210"
    },
    {
        "query_id": "257_559",
        "wiki_title": "Secretariat (horse)",
        "entity_id": "Q1151926"
    },
    {
        "query_id": "257_560",
        "wiki_title": "Eunomia",
        "entity_id": "Q920416"
    },
    {
        "query_id": "257_561",
        "wiki_title": "Sisowath of Cambodia",
        "entity_id": "Q887995"
    },
    {
        "query_id": "257_562",
        "wiki_title": "Pannonica de Koenigswarter",
        "entity_id": "Q448459"
    },
    {
        "query_id": "257_563",
        "wiki_title": "Sin (mythology)",
        "entity_id": "Q217420"
    },
    {
        "query_id": "257_564",
        "wiki_title": "Cornelis Bloemaert",
        "entity_id": "Q518767"
    },
    {
        "query_id": "257_565",
        "wiki_title": "Jalal Agha",
        "entity_id": "Q6125865"
    },
    {
        "query_id": "257_566",
        "wiki_title": "Bridget Bendish",
        "entity_id": "Q4966700"
    },
    {
        "query_id": "257_567",
        "wiki_title": "Asher",
        "entity_id": "Q1775026"
    },
    {
        "query_id": "257_568",
        "wiki_title": "Tanya (horse)",
        "entity_id": "Q7683964"
    },
    {
        "query_id": "257_569",
        "wiki_title": "Iphicles",
        "entity_id": "Q738862"
    }
]