[
    {
        "query_id": "292_0",
        "wiki_title": "John Knatchbull, 7th Baron Brabourne",
        "entity_id": "Q332969"
    },
    {
        "query_id": "292_1",
        "wiki_title": "Horae",
        "entity_id": "Q201411"
    },
    {
        "query_id": "292_2",
        "wiki_title": "Emmanuel Théodose de La Tour d'Auvergne (1668–1730)",
        "entity_id": "Q1648677"
    },
    {
        "query_id": "292_3",
        "wiki_title": "Andrew Schlafly",
        "entity_id": "Q4758516"
    },
    {
        "query_id": "292_4",
        "wiki_title": "Archibald Roosevelt",
        "entity_id": "Q4786498"
    },
    {
        "query_id": "292_5",
        "wiki_title": "Apollo",
        "entity_id": "Q37340"
    },
    {
        "query_id": "292_6",
        "wiki_title": "Signe Hebbe",
        "entity_id": "Q4953051"
    },
    {
        "query_id": "292_7",
        "wiki_title": "Cable (character)",
        "entity_id": "Q2267017"
    },
    {
        "query_id": "292_8",
        "wiki_title": "Patrick Villiers Farrow",
        "entity_id": "Q18387067"
    },
    {
        "query_id": "292_9",
        "wiki_title": "Princess Marie Gabriele of Luxembourg",
        "entity_id": "Q1943454"
    },
    {
        "query_id": "292_10",
        "wiki_title": "Rosa Brooks",
        "entity_id": "Q7367022"
    },
    {
        "query_id": "292_11",
        "wiki_title": "Matilda of Scotland",
        "entity_id": "Q232761"
    },
    {
        "query_id": "292_12",
        "wiki_title": "Rachel Summers",
        "entity_id": "Q258015"
    },
    {
        "query_id": "292_13",
        "wiki_title": "Otto von Habsburg",
        "entity_id": "Q76343"
    },
    {
        "query_id": "292_14",
        "wiki_title": "Hermann II, Landgrave of Thuringia",
        "entity_id": "Q68575"
    },
    {
        "query_id": "292_15",
        "wiki_title": "Al Gore",
        "entity_id": "Q19673"
    },
    {
        "query_id": "292_16",
        "wiki_title": "Elizabeth Hope, Baroness Glendevon",
        "entity_id": "Q6779420"
    },
    {
        "query_id": "292_17",
        "wiki_title": "Aung San Suu Kyi",
        "entity_id": "Q36740"
    },
    {
        "query_id": "292_18",
        "wiki_title": "Menelaus",
        "entity_id": "Q171839"
    },
    {
        "query_id": "292_19",
        "wiki_title": "Duchess Anna of Prussia",
        "entity_id": "Q257510"
    },
    {
        "query_id": "292_20",
        "wiki_title": "Max Kennedy",
        "entity_id": "Q6794923"
    },
    {
        "query_id": "292_21",
        "wiki_title": "Elizabeth Stewart, Countess of Crawford",
        "entity_id": "Q4769859"
    },
    {
        "query_id": "292_22",
        "wiki_title": "Liza Huber",
        "entity_id": "Q3890741"
    },
    {
        "query_id": "292_23",
        "wiki_title": "George W. Bush",
        "entity_id": "Q207"
    },
    {
        "query_id": "292_24",
        "wiki_title": "Anna Russell, Duchess of Bedford",
        "entity_id": "Q276118"
    },
    {
        "query_id": "292_25",
        "wiki_title": "Nathan (son of David)",
        "entity_id": "Q3437128"
    },
    {
        "query_id": "292_26",
        "wiki_title": "Lucia Joyce",
        "entity_id": "Q3838462"
    },
    {
        "query_id": "292_27",
        "wiki_title": "Eliot Sumner",
        "entity_id": "Q262772"
    },
    {
        "query_id": "292_28",
        "wiki_title": "Rama",
        "entity_id": "Q160213"
    },
    {
        "query_id": "292_29",
        "wiki_title": "Huntress (Helena Wayne)",
        "entity_id": "Q397953"
    },
    {
        "query_id": "292_30",
        "wiki_title": "James I of Scotland",
        "entity_id": "Q235234"
    },
    {
        "query_id": "292_31",
        "wiki_title": "Mary Cheney",
        "entity_id": "Q442226"
    },
    {
        "query_id": "292_32",
        "wiki_title": "Cassandra Cain",
        "entity_id": "Q427647"
    },
    {
        "query_id": "292_33",
        "wiki_title": "Julie Manet",
        "entity_id": "Q447149"
    },
    {
        "query_id": "292_34",
        "wiki_title": "Jesus in Islam",
        "entity_id": "Q51664"
    },
    {
        "query_id": "292_35",
        "wiki_title": "Clarence Peters",
        "entity_id": "Q16155537"
    },
    {
        "query_id": "292_36",
        "wiki_title": "Alice of France",
        "entity_id": "Q235637"
    },
    {
        "query_id": "292_37",
        "wiki_title": "Astraea",
        "entity_id": "Q742680"
    },
    {
        "query_id": "292_38",
        "wiki_title": "Paula Weinstein",
        "entity_id": "Q16886489"
    },
    {
        "query_id": "292_39",
        "wiki_title": "Paul I of Russia",
        "entity_id": "Q15189"
    },
    {
        "query_id": "292_40",
        "wiki_title": "Rekha",
        "entity_id": "Q465826"
    },
    {
        "query_id": "292_41",
        "wiki_title": "Thor",
        "entity_id": "Q42952"
    },
    {
        "query_id": "292_42",
        "wiki_title": "Amenhotep I",
        "entity_id": "Q157966"
    },
    {
        "query_id": "292_43",
        "wiki_title": "Christiane Sehested",
        "entity_id": "Q2411396"
    },
    {
        "query_id": "292_44",
        "wiki_title": "Esau",
        "entity_id": "Q220822"
    },
    {
        "query_id": "292_45",
        "wiki_title": "Thomas Jefferson",
        "entity_id": "Q11812"
    },
    {
        "query_id": "292_46",
        "wiki_title": "Lucy DeVito",
        "entity_id": "Q509953"
    },
    {
        "query_id": "292_47",
        "wiki_title": "Sigebert I",
        "entity_id": "Q309946"
    },
    {
        "query_id": "292_48",
        "wiki_title": "Princess Maria Antonia of Naples and Sicily",
        "entity_id": "Q234405"
    },
    {
        "query_id": "292_49",
        "wiki_title": "George VI",
        "entity_id": "Q280856"
    },
    {
        "query_id": "292_50",
        "wiki_title": "Krishna",
        "entity_id": "Q42891"
    },
    {
        "query_id": "292_51",
        "wiki_title": "May Morris",
        "entity_id": "Q449758"
    },
    {
        "query_id": "292_52",
        "wiki_title": "Cher",
        "entity_id": "Q12003"
    },
    {
        "query_id": "292_53",
        "wiki_title": "Charles V, Holy Roman Emperor",
        "entity_id": "Q32500"
    },
    {
        "query_id": "292_54",
        "wiki_title": "Tridu Songtsen",
        "entity_id": "Q2666817"
    },
    {
        "query_id": "292_55",
        "wiki_title": "Dan (son of Jacob)",
        "entity_id": "Q550869"
    },
    {
        "query_id": "292_56",
        "wiki_title": "Prince Louis, Duke of Nemours",
        "entity_id": "Q454297"
    },
    {
        "query_id": "292_57",
        "wiki_title": "Makaziwe Mandela",
        "entity_id": "Q14775521"
    },
    {
        "query_id": "292_58",
        "wiki_title": "Eleanor of England, Countess of Bar",
        "entity_id": "Q292321"
    },
    {
        "query_id": "292_59",
        "wiki_title": "Emperor He of Han",
        "entity_id": "Q7280"
    },
    {
        "query_id": "292_60",
        "wiki_title": "Ivan the Terrible",
        "entity_id": "Q7996"
    },
    {
        "query_id": "292_61",
        "wiki_title": "Emperor Yang of Sui",
        "entity_id": "Q7419"
    },
    {
        "query_id": "292_62",
        "wiki_title": "Melissa Benn",
        "entity_id": "Q6812643"
    },
    {
        "query_id": "292_63",
        "wiki_title": "Eos",
        "entity_id": "Q178417"
    },
    {
        "query_id": "292_64",
        "wiki_title": "Margaret of Sicily",
        "entity_id": "Q72589"
    },
    {
        "query_id": "292_65",
        "wiki_title": "Ali",
        "entity_id": "Q39619"
    },
    {
        "query_id": "292_66",
        "wiki_title": "Senhime",
        "entity_id": "Q1147080"
    },
    {
        "query_id": "292_67",
        "wiki_title": "Margaret, Countess of Pembroke",
        "entity_id": "Q1796668"
    },
    {
        "query_id": "292_68",
        "wiki_title": "Jacob",
        "entity_id": "Q289957"
    },
    {
        "query_id": "292_69",
        "wiki_title": "Amitabh Bachchan",
        "entity_id": "Q9570"
    },
    {
        "query_id": "292_70",
        "wiki_title": "Mary in Islam",
        "entity_id": "Q1478857"
    },
    {
        "query_id": "292_71",
        "wiki_title": "Karl Thomas Mozart",
        "entity_id": "Q452098"
    },
    {
        "query_id": "292_72",
        "wiki_title": "Ganesha",
        "entity_id": "Q1579"
    },
    {
        "query_id": "292_73",
        "wiki_title": "Proserpina",
        "entity_id": "Q14515330"
    },
    {
        "query_id": "292_74",
        "wiki_title": "Edgar Allan Poe",
        "entity_id": "Q16867"
    },
    {
        "query_id": "292_75",
        "wiki_title": "Mary of Waltham",
        "entity_id": "Q2575533"
    },
    {
        "query_id": "292_76",
        "wiki_title": "Speed (Marvel Comics)",
        "entity_id": "Q3966459"
    },
    {
        "query_id": "292_77",
        "wiki_title": "Marie of Romania",
        "entity_id": "Q57666"
    },
    {
        "query_id": "292_78",
        "wiki_title": "Todd McCaffrey",
        "entity_id": "Q2438479"
    },
    {
        "query_id": "292_79",
        "wiki_title": "Charles Washington",
        "entity_id": "Q5083373"
    },
    {
        "query_id": "292_80",
        "wiki_title": "Carrie Brady",
        "entity_id": "Q5046216"
    },
    {
        "query_id": "292_81",
        "wiki_title": "Abraham Lincoln",
        "entity_id": "Q91"
    },
    {
        "query_id": "292_82",
        "wiki_title": "Sajeeb Wazed",
        "entity_id": "Q7402629"
    },
    {
        "query_id": "292_83",
        "wiki_title": "Eryx (mythology)",
        "entity_id": "Q430157"
    },
    {
        "query_id": "292_84",
        "wiki_title": "Cornelia Otis Skinner",
        "entity_id": "Q2997475"
    },
    {
        "query_id": "292_85",
        "wiki_title": "Horus",
        "entity_id": "Q84122"
    },
    {
        "query_id": "292_86",
        "wiki_title": "Allison Hirschlag",
        "entity_id": "Q4732760"
    },
    {
        "query_id": "292_87",
        "wiki_title": "Florence Reed",
        "entity_id": "Q5460759"
    },
    {
        "query_id": "292_88",
        "wiki_title": "Eadburh",
        "entity_id": "Q962190"
    },
    {
        "query_id": "292_89",
        "wiki_title": "Barack Obama",
        "entity_id": "Q76"
    },
    {
        "query_id": "292_90",
        "wiki_title": "Mikheil Saakashvili",
        "entity_id": "Q43330"
    },
    {
        "query_id": "292_91",
        "wiki_title": "Christian IV of Denmark",
        "entity_id": "Q153586"
    },
    {
        "query_id": "292_92",
        "wiki_title": "Isaac",
        "entity_id": "Q671872"
    },
    {
        "query_id": "292_93",
        "wiki_title": "Bia (mythology)",
        "entity_id": "Q237224"
    },
    {
        "query_id": "292_94",
        "wiki_title": "Alexander II of Epirus",
        "entity_id": "Q124346"
    },
    {
        "query_id": "292_95",
        "wiki_title": "Constantine I, King of Armenia",
        "entity_id": "Q888130"
    },
    {
        "query_id": "292_96",
        "wiki_title": "Fódla",
        "entity_id": "Q3092970"
    },
    {
        "query_id": "292_97",
        "wiki_title": "Philotes",
        "entity_id": "Q975581"
    },
    {
        "query_id": "292_98",
        "wiki_title": "Franklin Richards (comics)",
        "entity_id": "Q2624716"
    },
    {
        "query_id": "292_99",
        "wiki_title": "Alexander I of Yugoslavia",
        "entity_id": "Q207384"
    },
    {
        "query_id": "292_100",
        "wiki_title": "Maud of Normandy",
        "entity_id": "Q3497653"
    },
    {
        "query_id": "292_101",
        "wiki_title": "Sin (mythology)",
        "entity_id": "Q217420"
    },
    {
        "query_id": "292_102",
        "wiki_title": "Emperor An of Jin",
        "entity_id": "Q7403"
    },
    {
        "query_id": "292_103",
        "wiki_title": "Ériu",
        "entity_id": "Q288633"
    },
    {
        "query_id": "292_104",
        "wiki_title": "Asher",
        "entity_id": "Q1775026"
    },
    {
        "query_id": "292_105",
        "wiki_title": "Dawn Summers",
        "entity_id": "Q2337703"
    },
    {
        "query_id": "292_106",
        "wiki_title": "Margaret of Scotland, Countess of Kent",
        "entity_id": "Q535528"
    },
    {
        "query_id": "292_107",
        "wiki_title": "Susanne Klatten",
        "entity_id": "Q289590"
    },
    {
        "query_id": "292_108",
        "wiki_title": "Andrew Montour",
        "entity_id": "Q4758052"
    },
    {
        "query_id": "292_109",
        "wiki_title": "Elizabeth II",
        "entity_id": "Q9682"
    },
    {
        "query_id": "292_110",
        "wiki_title": "Mieszko III the Old",
        "entity_id": "Q54013"
    },
    {
        "query_id": "292_111",
        "wiki_title": "Mao Anqing",
        "entity_id": "Q922651"
    },
    {
        "query_id": "292_112",
        "wiki_title": "Aloysia Weber",
        "entity_id": "Q79022"
    },
    {
        "query_id": "292_113",
        "wiki_title": "Paris (mythology)",
        "entity_id": "Q167646"
    },
    {
        "query_id": "292_114",
        "wiki_title": "Sydney Chaplin",
        "entity_id": "Q606780"
    },
    {
        "query_id": "292_115",
        "wiki_title": "King Arthur",
        "entity_id": "Q45792"
    },
    {
        "query_id": "292_116",
        "wiki_title": "Alessandra Mussolini",
        "entity_id": "Q285543"
    },
    {
        "query_id": "292_117",
        "wiki_title": "Napoleon",
        "entity_id": "Q517"
    },
    {
        "query_id": "292_118",
        "wiki_title": "David Rockefeller",
        "entity_id": "Q11239"
    },
    {
        "query_id": "292_119",
        "wiki_title": "Maria Alekseyevna of Russia",
        "entity_id": "Q4281643"
    },
    {
        "query_id": "292_120",
        "wiki_title": "Theobald II, Count of Champagne",
        "entity_id": "Q361369"
    },
    {
        "query_id": "292_121",
        "wiki_title": "Louis (abbot of Saint-Denis)",
        "entity_id": "Q1351496"
    },
    {
        "query_id": "292_122",
        "wiki_title": "Emma of Normandy",
        "entity_id": "Q40061"
    },
    {
        "query_id": "292_123",
        "wiki_title": "Pegah Ahangarani",
        "entity_id": "Q2013524"
    },
    {
        "query_id": "292_124",
        "wiki_title": "Edgar Stuart, Duke of Cambridge",
        "entity_id": "Q5337475"
    },
    {
        "query_id": "292_125",
        "wiki_title": "Prince Paul of Yugoslavia",
        "entity_id": "Q313128"
    },
    {
        "query_id": "292_126",
        "wiki_title": "Cadmus",
        "entity_id": "Q27613"
    },
    {
        "query_id": "292_127",
        "wiki_title": "Bertrand Russell",
        "entity_id": "Q33760"
    },
    {
        "query_id": "292_128",
        "wiki_title": "Carlo Ginzburg",
        "entity_id": "Q355251"
    },
    {
        "query_id": "292_129",
        "wiki_title": "Pierre Napoléon Bonaparte",
        "entity_id": "Q764398"
    },
    {
        "query_id": "292_130",
        "wiki_title": "Mary, Princess Royal and Countess of Harewood",
        "entity_id": "Q233913"
    },
    {
        "query_id": "292_131",
        "wiki_title": "Adrestia",
        "entity_id": "Q4217252"
    },
    {
        "query_id": "292_132",
        "wiki_title": "Sean Penn",
        "entity_id": "Q44221"
    },
    {
        "query_id": "292_133",
        "wiki_title": "Wenceslaus IV of Bohemia",
        "entity_id": "Q152148"
    },
    {
        "query_id": "292_134",
        "wiki_title": "Sophie Gurney",
        "entity_id": "Q7484972"
    },
    {
        "query_id": "292_135",
        "wiki_title": "John Balliol",
        "entity_id": "Q310065"
    },
    {
        "query_id": "292_136",
        "wiki_title": "Archduchess Maria Elisabeth of Austria (born 1737)",
        "entity_id": "Q1895832"
    },
    {
        "query_id": "292_137",
        "wiki_title": "Princess Florestine of Monaco",
        "entity_id": "Q222089"
    },
    {
        "query_id": "292_138",
        "wiki_title": "Harald Molander",
        "entity_id": "Q5653884"
    },
    {
        "query_id": "292_139",
        "wiki_title": "Yonglin",
        "entity_id": "Q7901429"
    },
    {
        "query_id": "292_140",
        "wiki_title": "Saint David",
        "entity_id": "Q331697"
    },
    {
        "query_id": "292_141",
        "wiki_title": "Edward VI",
        "entity_id": "Q83229"
    },
    {
        "query_id": "292_142",
        "wiki_title": "Vajiravudh",
        "entity_id": "Q161389"
    },
    {
        "query_id": "292_143",
        "wiki_title": "Phoenix (son of Agenor)",
        "entity_id": "Q1145956"
    },
    {
        "query_id": "292_144",
        "wiki_title": "Hethum II, King of Armenia",
        "entity_id": "Q887899"
    },
    {
        "query_id": "292_145",
        "wiki_title": "Mahavira",
        "entity_id": "Q9422"
    },
    {
        "query_id": "292_146",
        "wiki_title": "Hou Ji",
        "entity_id": "Q1207613"
    },
    {
        "query_id": "292_147",
        "wiki_title": "Vajiralongkorn",
        "entity_id": "Q548733"
    },
    {
        "query_id": "292_148",
        "wiki_title": "Isabel Neville, Duchess of Clarence",
        "entity_id": "Q436627"
    },
    {
        "query_id": "292_149",
        "wiki_title": "Sancho, Count of Provence",
        "entity_id": "Q940156"
    },
    {
        "query_id": "292_150",
        "wiki_title": "Carl Grimes",
        "entity_id": "Q5040238"
    },
    {
        "query_id": "292_151",
        "wiki_title": "Nike (mythology)",
        "entity_id": "Q165023"
    },
    {
        "query_id": "292_152",
        "wiki_title": "Jesus",
        "entity_id": "Q302"
    },
    {
        "query_id": "292_153",
        "wiki_title": "Samson",
        "entity_id": "Q214648"
    },
    {
        "query_id": "292_154",
        "wiki_title": "Parikshit",
        "entity_id": "Q2046277"
    },
    {
        "query_id": "292_155",
        "wiki_title": "Helen of Troy",
        "entity_id": "Q164061"
    },
    {
        "query_id": "292_156",
        "wiki_title": "Margaret Douglas",
        "entity_id": "Q433161"
    },
    {
        "query_id": "292_157",
        "wiki_title": "Afonso II of Portugal",
        "entity_id": "Q296463"
    },
    {
        "query_id": "292_158",
        "wiki_title": "Lincoln Stedman",
        "entity_id": "Q3832582"
    },
    {
        "query_id": "292_159",
        "wiki_title": "Licinia Eudoxia",
        "entity_id": "Q232329"
    },
    {
        "query_id": "292_160",
        "wiki_title": "Afonso of Portugal, Lord of Leiria",
        "entity_id": "Q6028948"
    },
    {
        "query_id": "292_161",
        "wiki_title": "Gautama Buddha",
        "entity_id": "Q9441"
    },
    {
        "query_id": "292_162",
        "wiki_title": "New Approach",
        "entity_id": "Q3875179"
    },
    {
        "query_id": "292_163",
        "wiki_title": "Prince Zhanghuai",
        "entity_id": "Q712916"
    },
    {
        "query_id": "292_164",
        "wiki_title": "Trojden I, Duke of Masovia",
        "entity_id": "Q2593286"
    },
    {
        "query_id": "292_165",
        "wiki_title": "Queen Victoria",
        "entity_id": "Q9439"
    },
    {
        "query_id": "292_166",
        "wiki_title": "Malin Berghagen",
        "entity_id": "Q4938478"
    },
    {
        "query_id": "292_167",
        "wiki_title": "Stephen, King of England",
        "entity_id": "Q60849"
    },
    {
        "query_id": "292_168",
        "wiki_title": "Koxinga",
        "entity_id": "Q197615"
    },
    {
        "query_id": "292_169",
        "wiki_title": "August Coppola",
        "entity_id": "Q4820677"
    },
    {
        "query_id": "292_170",
        "wiki_title": "Wheeler Dryden",
        "entity_id": "Q3567655"
    },
    {
        "query_id": "292_171",
        "wiki_title": "Dhasanawalaya Sornsongkram",
        "entity_id": "Q5226511"
    },
    {
        "query_id": "292_172",
        "wiki_title": "Princess Kako of Akishino",
        "entity_id": "Q1152111"
    },
    {
        "query_id": "292_173",
        "wiki_title": "Dinara Safina",
        "entity_id": "Q1029664"
    },
    {
        "query_id": "292_174",
        "wiki_title": "George Washington",
        "entity_id": "Q23"
    },
    {
        "query_id": "292_175",
        "wiki_title": "Jeanne d'Albret",
        "entity_id": "Q229286"
    },
    {
        "query_id": "292_176",
        "wiki_title": "Utu",
        "entity_id": "Q526992"
    },
    {
        "query_id": "292_177",
        "wiki_title": "Ronan Farrow",
        "entity_id": "Q7365461"
    },
    {
        "query_id": "292_178",
        "wiki_title": "Henry (son of Edward I)",
        "entity_id": "Q361793"
    },
    {
        "query_id": "292_179",
        "wiki_title": "Aaron",
        "entity_id": "Q51676"
    },
    {
        "query_id": "292_180",
        "wiki_title": "Alexander the Great",
        "entity_id": "Q8409"
    },
    {
        "query_id": "292_181",
        "wiki_title": "Michael Jackson",
        "entity_id": "Q2831"
    },
    {
        "query_id": "292_182",
        "wiki_title": "Crispian Mills",
        "entity_id": "Q711920"
    },
    {
        "query_id": "292_183",
        "wiki_title": "Afonso, Duke of Porto",
        "entity_id": "Q568849"
    },
    {
        "query_id": "292_184",
        "wiki_title": "Margaret I of Denmark",
        "entity_id": "Q202266"
    },
    {
        "query_id": "292_185",
        "wiki_title": "Lulach",
        "entity_id": "Q117633"
    },
    {
        "query_id": "292_186",
        "wiki_title": "Terry Fox",
        "entity_id": "Q295053"
    }
]