[
    {
        "query_id": "422_0",
        "wiki_title": "Massac County, Illinois",
        "entity_id": "Q486476"
    },
    {
        "query_id": "422_1",
        "wiki_title": "Czechoslovakia",
        "entity_id": "Q33946"
    },
    {
        "query_id": "422_2",
        "wiki_title": "Wa State",
        "entity_id": "Q2306303"
    },
    {
        "query_id": "422_3",
        "wiki_title": "Northern Territory",
        "entity_id": "Q3235"
    },
    {
        "query_id": "422_4",
        "wiki_title": "Nan Province",
        "entity_id": "Q244698"
    },
    {
        "query_id": "422_5",
        "wiki_title": "Ilocos Region",
        "entity_id": "Q12933"
    },
    {
        "query_id": "422_6",
        "wiki_title": "Ungheni County",
        "entity_id": "Q7884490"
    },
    {
        "query_id": "422_7",
        "wiki_title": "Cache County, Utah",
        "entity_id": "Q109790"
    },
    {
        "query_id": "422_8",
        "wiki_title": "Antalya Province",
        "entity_id": "Q40249"
    },
    {
        "query_id": "422_9",
        "wiki_title": "Liechtenstein",
        "entity_id": "Q347"
    },
    {
        "query_id": "422_10",
        "wiki_title": "South Africa",
        "entity_id": "Q258"
    },
    {
        "query_id": "422_11",
        "wiki_title": "Czech Republic",
        "entity_id": "Q213"
    },
    {
        "query_id": "422_12",
        "wiki_title": "Dominica",
        "entity_id": "Q784"
    },
    {
        "query_id": "422_13",
        "wiki_title": "Beltrami County, Minnesota",
        "entity_id": "Q110491"
    },
    {
        "query_id": "422_14",
        "wiki_title": "Craighead County, Arkansas",
        "entity_id": "Q61354"
    },
    {
        "query_id": "422_15",
        "wiki_title": "Ba (state)",
        "entity_id": "Q950756"
    },
    {
        "query_id": "422_16",
        "wiki_title": "Victoria (Australia)",
        "entity_id": "Q36687"
    },
    {
        "query_id": "422_17",
        "wiki_title": "Corrientes Province",
        "entity_id": "Q44758"
    },
    {
        "query_id": "422_18",
        "wiki_title": "Noginsky District",
        "entity_id": "Q1743926"
    },
    {
        "query_id": "422_19",
        "wiki_title": "Samoa",
        "entity_id": "Q683"
    },
    {
        "query_id": "422_20",
        "wiki_title": "New York (state)",
        "entity_id": "Q1384"
    },
    {
        "query_id": "422_21",
        "wiki_title": "Kingdom of Jerusalem",
        "entity_id": "Q55502"
    },
    {
        "query_id": "422_22",
        "wiki_title": "Cayman Islands",
        "entity_id": "Q5785"
    },
    {
        "query_id": "422_23",
        "wiki_title": "Kyrgyzstan",
        "entity_id": "Q813"
    },
    {
        "query_id": "422_24",
        "wiki_title": "Northumberland County, Pennsylvania",
        "entity_id": "Q494164"
    },
    {
        "query_id": "422_25",
        "wiki_title": "Loreley (Verbandsgemeinde)",
        "entity_id": "Q179594"
    },
    {
        "query_id": "422_26",
        "wiki_title": "Kingdom of France",
        "entity_id": "Q70972"
    },
    {
        "query_id": "422_27",
        "wiki_title": "Maine (province)",
        "entity_id": "Q732738"
    },
    {
        "query_id": "422_28",
        "wiki_title": "Hungary",
        "entity_id": "Q28"
    },
    {
        "query_id": "422_29",
        "wiki_title": "Massachusetts",
        "entity_id": "Q771"
    },
    {
        "query_id": "422_30",
        "wiki_title": "Grand Duchy of Finland",
        "entity_id": "Q62633"
    },
    {
        "query_id": "422_31",
        "wiki_title": "Canton of Geneva",
        "entity_id": "Q11917"
    },
    {
        "query_id": "422_32",
        "wiki_title": "East Germany",
        "entity_id": "Q16957"
    },
    {
        "query_id": "422_33",
        "wiki_title": "European Union",
        "entity_id": "Q458"
    },
    {
        "query_id": "422_34",
        "wiki_title": "Sabah",
        "entity_id": "Q179029"
    },
    {
        "query_id": "422_35",
        "wiki_title": "Nyandeni Local Municipality",
        "entity_id": "Q596849"
    },
    {
        "query_id": "422_36",
        "wiki_title": "Philippines",
        "entity_id": "Q928"
    },
    {
        "query_id": "422_37",
        "wiki_title": "Indonesia",
        "entity_id": "Q252"
    },
    {
        "query_id": "422_38",
        "wiki_title": "Lys (department)",
        "entity_id": "Q1579364"
    },
    {
        "query_id": "422_39",
        "wiki_title": "Iran",
        "entity_id": "Q794"
    },
    {
        "query_id": "422_40",
        "wiki_title": "Cherokee County, Georgia",
        "entity_id": "Q486664"
    },
    {
        "query_id": "422_41",
        "wiki_title": "Dominion of Pakistan",
        "entity_id": "Q2006542"
    },
    {
        "query_id": "422_42",
        "wiki_title": "Nadymsky District",
        "entity_id": "Q977071"
    },
    {
        "query_id": "422_43",
        "wiki_title": "County Down",
        "entity_id": "Q190684"
    },
    {
        "query_id": "422_44",
        "wiki_title": "Orangeburg County, South Carolina",
        "entity_id": "Q506068"
    },
    {
        "query_id": "422_45",
        "wiki_title": "County Kilkenny",
        "entity_id": "Q180231"
    },
    {
        "query_id": "422_46",
        "wiki_title": "Lakes (state)",
        "entity_id": "Q491096"
    },
    {
        "query_id": "422_47",
        "wiki_title": "Cortland County, New York",
        "entity_id": "Q487610"
    },
    {
        "query_id": "422_48",
        "wiki_title": "Faryab Province",
        "entity_id": "Q173830"
    },
    {
        "query_id": "422_49",
        "wiki_title": "Nebraska",
        "entity_id": "Q1553"
    },
    {
        "query_id": "422_50",
        "wiki_title": "Tindouf Province",
        "entity_id": "Q231151"
    },
    {
        "query_id": "422_51",
        "wiki_title": "Chittenden County, Vermont",
        "entity_id": "Q509770"
    },
    {
        "query_id": "422_52",
        "wiki_title": "Benin",
        "entity_id": "Q962"
    },
    {
        "query_id": "422_53",
        "wiki_title": "Kingdom of Italy",
        "entity_id": "Q172579"
    },
    {
        "query_id": "422_54",
        "wiki_title": "Madagascar",
        "entity_id": "Q1019"
    },
    {
        "query_id": "422_55",
        "wiki_title": "Duchy of Amalfi",
        "entity_id": "Q686312"
    },
    {
        "query_id": "422_56",
        "wiki_title": "Hato Mayor Province",
        "entity_id": "Q937217"
    },
    {
        "query_id": "422_57",
        "wiki_title": "Netherlands",
        "entity_id": "Q55"
    },
    {
        "query_id": "422_58",
        "wiki_title": "Beheira Governorate",
        "entity_id": "Q30630"
    },
    {
        "query_id": "422_59",
        "wiki_title": "Cordillera Administrative Region",
        "entity_id": "Q13606"
    },
    {
        "query_id": "422_60",
        "wiki_title": "Goondiwindi Region",
        "entity_id": "Q162021"
    },
    {
        "query_id": "422_61",
        "wiki_title": "Belorechensky District",
        "entity_id": "Q792508"
    },
    {
        "query_id": "422_62",
        "wiki_title": "Panama",
        "entity_id": "Q804"
    },
    {
        "query_id": "422_63",
        "wiki_title": "Gmina Secemin",
        "entity_id": "Q553345"
    },
    {
        "query_id": "422_64",
        "wiki_title": "Uttar Pradesh",
        "entity_id": "Q1498"
    },
    {
        "query_id": "422_65",
        "wiki_title": "Yunguyo Province",
        "entity_id": "Q2088882"
    },
    {
        "query_id": "422_66",
        "wiki_title": "Ethiopia",
        "entity_id": "Q115"
    },
    {
        "query_id": "422_67",
        "wiki_title": "Thailand",
        "entity_id": "Q869"
    },
    {
        "query_id": "422_68",
        "wiki_title": "State of Mexico",
        "entity_id": "Q82112"
    },
    {
        "query_id": "422_69",
        "wiki_title": "Jalpaiguri district",
        "entity_id": "Q1351487"
    },
    {
        "query_id": "422_70",
        "wiki_title": "Connecticut",
        "entity_id": "Q779"
    },
    {
        "query_id": "422_71",
        "wiki_title": "Turkey",
        "entity_id": "Q43"
    },
    {
        "query_id": "422_72",
        "wiki_title": "Peru",
        "entity_id": "Q419"
    },
    {
        "query_id": "422_73",
        "wiki_title": "Pomorie Municipality",
        "entity_id": "Q2447996"
    },
    {
        "query_id": "422_74",
        "wiki_title": "Barbados",
        "entity_id": "Q244"
    },
    {
        "query_id": "422_75",
        "wiki_title": "Kerman Province",
        "entity_id": "Q165352"
    },
    {
        "query_id": "422_76",
        "wiki_title": "Ili Kazakh Autonomous Prefecture",
        "entity_id": "Q848127"
    },
    {
        "query_id": "422_77",
        "wiki_title": "Turkmenistan",
        "entity_id": "Q874"
    },
    {
        "query_id": "422_78",
        "wiki_title": "Alberta",
        "entity_id": "Q1951"
    },
    {
        "query_id": "422_79",
        "wiki_title": "Taylor, Missouri",
        "entity_id": "Q984288"
    },
    {
        "query_id": "422_80",
        "wiki_title": "Georgia (country)",
        "entity_id": "Q230"
    },
    {
        "query_id": "422_81",
        "wiki_title": "Kingdom of Great Britain",
        "entity_id": "Q161885"
    },
    {
        "query_id": "422_82",
        "wiki_title": "Song (state)",
        "entity_id": "Q1065073"
    },
    {
        "query_id": "422_83",
        "wiki_title": "Albertslund Municipality",
        "entity_id": "Q493833"
    },
    {
        "query_id": "422_84",
        "wiki_title": "Uganda",
        "entity_id": "Q1036"
    },
    {
        "query_id": "422_85",
        "wiki_title": "Azerbaijan",
        "entity_id": "Q227"
    },
    {
        "query_id": "422_86",
        "wiki_title": "Ugocsa County",
        "entity_id": "Q957354"
    },
    {
        "query_id": "422_87",
        "wiki_title": "Wales",
        "entity_id": "Q25"
    },
    {
        "query_id": "422_88",
        "wiki_title": "Ryukyu Kingdom",
        "entity_id": "Q28025"
    },
    {
        "query_id": "422_89",
        "wiki_title": "Tasmania",
        "entity_id": "Q34366"
    },
    {
        "query_id": "422_90",
        "wiki_title": "Lewis County, West Virginia",
        "entity_id": "Q495147"
    },
    {
        "query_id": "422_91",
        "wiki_title": "Senegal",
        "entity_id": "Q1041"
    },
    {
        "query_id": "422_92",
        "wiki_title": "Canton of Saint-Doulchard",
        "entity_id": "Q763536"
    },
    {
        "query_id": "422_93",
        "wiki_title": "Nidwalden",
        "entity_id": "Q12592"
    },
    {
        "query_id": "422_94",
        "wiki_title": "Maitraka dynasty",
        "entity_id": "Q6737189"
    },
    {
        "query_id": "422_95",
        "wiki_title": "Kingdom of Mysore",
        "entity_id": "Q266923"
    },
    {
        "query_id": "422_96",
        "wiki_title": "City of Newcastle",
        "entity_id": "Q820325"
    },
    {
        "query_id": "422_97",
        "wiki_title": "Poher",
        "entity_id": "Q129569"
    },
    {
        "query_id": "422_98",
        "wiki_title": "Basse-Kotto",
        "entity_id": "Q810484"
    },
    {
        "query_id": "422_99",
        "wiki_title": "Spain",
        "entity_id": "Q29"
    },
    {
        "query_id": "422_100",
        "wiki_title": "Appenzell Ausserrhoden",
        "entity_id": "Q12079"
    },
    {
        "query_id": "422_101",
        "wiki_title": "Federated States of Micronesia",
        "entity_id": "Q702"
    },
    {
        "query_id": "422_102",
        "wiki_title": "Jackson County, Alabama",
        "entity_id": "Q366959"
    },
    {
        "query_id": "422_103",
        "wiki_title": "Italy",
        "entity_id": "Q38"
    },
    {
        "query_id": "422_104",
        "wiki_title": "Arrondissement of Castellane",
        "entity_id": "Q700839"
    },
    {
        "query_id": "422_105",
        "wiki_title": "New Jersey",
        "entity_id": "Q1408"
    },
    {
        "query_id": "422_106",
        "wiki_title": "Georgia (country)",
        "entity_id": "Q230"
    },
    {
        "query_id": "422_107",
        "wiki_title": "Saint Vincent and the Grenadines",
        "entity_id": "Q757"
    },
    {
        "query_id": "422_108",
        "wiki_title": "Amazonas (Brazilian state)",
        "entity_id": "Q40040"
    },
    {
        "query_id": "422_109",
        "wiki_title": "Rhineland-Palatinate",
        "entity_id": "Q1200"
    },
    {
        "query_id": "422_110",
        "wiki_title": "Iraq",
        "entity_id": "Q796"
    },
    {
        "query_id": "422_111",
        "wiki_title": "Somerset",
        "entity_id": "Q23157"
    },
    {
        "query_id": "422_112",
        "wiki_title": "Kingdom of England",
        "entity_id": "Q179876"
    },
    {
        "query_id": "422_113",
        "wiki_title": "Basel-Stadt",
        "entity_id": "Q12172"
    },
    {
        "query_id": "422_114",
        "wiki_title": "Valais",
        "entity_id": "Q834"
    },
    {
        "query_id": "422_115",
        "wiki_title": "Covington County, Mississippi",
        "entity_id": "Q486064"
    },
    {
        "query_id": "422_116",
        "wiki_title": "Prentiss County, Mississippi",
        "entity_id": "Q497489"
    },
    {
        "query_id": "422_117",
        "wiki_title": "Jordan",
        "entity_id": "Q810"
    },
    {
        "query_id": "422_118",
        "wiki_title": "Serbia",
        "entity_id": "Q403"
    },
    {
        "query_id": "422_119",
        "wiki_title": "Poprad District",
        "entity_id": "Q830982"
    },
    {
        "query_id": "422_120",
        "wiki_title": "Rhode Island",
        "entity_id": "Q1387"
    },
    {
        "query_id": "422_121",
        "wiki_title": "Amherst County, Virginia",
        "entity_id": "Q470626"
    },
    {
        "query_id": "422_122",
        "wiki_title": "Nauru",
        "entity_id": "Q697"
    },
    {
        "query_id": "422_123",
        "wiki_title": "Schleswig-Holstein",
        "entity_id": "Q1194"
    },
    {
        "query_id": "422_124",
        "wiki_title": "United States",
        "entity_id": "Q30"
    },
    {
        "query_id": "422_125",
        "wiki_title": "Emirate of Abu Dhabi",
        "entity_id": "Q187712"
    },
    {
        "query_id": "422_126",
        "wiki_title": "Virginia",
        "entity_id": "Q1370"
    },
    {
        "query_id": "422_127",
        "wiki_title": "Kingdom of Essex",
        "entity_id": "Q110888"
    },
    {
        "query_id": "422_128",
        "wiki_title": "Guyana",
        "entity_id": "Q734"
    },
    {
        "query_id": "422_129",
        "wiki_title": "Dominican Republic",
        "entity_id": "Q786"
    },
    {
        "query_id": "422_130",
        "wiki_title": "Bahia",
        "entity_id": "Q40430"
    },
    {
        "query_id": "422_131",
        "wiki_title": "Møre og Romsdal",
        "entity_id": "Q50627"
    },
    {
        "query_id": "422_132",
        "wiki_title": "Zavkhan Province",
        "entity_id": "Q167764"
    },
    {
        "query_id": "422_133",
        "wiki_title": "Soviet Union",
        "entity_id": "Q15180"
    },
    {
        "query_id": "422_134",
        "wiki_title": "Malta",
        "entity_id": "Q233"
    },
    {
        "query_id": "422_135",
        "wiki_title": "Laos",
        "entity_id": "Q819"
    },
    {
        "query_id": "422_136",
        "wiki_title": "Portugal",
        "entity_id": "Q45"
    },
    {
        "query_id": "422_137",
        "wiki_title": "United Kingdom of Great Britain and Ireland",
        "entity_id": "Q174193"
    },
    {
        "query_id": "422_138",
        "wiki_title": "Djibouti",
        "entity_id": "Q977"
    },
    {
        "query_id": "422_139",
        "wiki_title": "Riley County, Kansas",
        "entity_id": "Q374890"
    },
    {
        "query_id": "422_140",
        "wiki_title": "Wiltshire",
        "entity_id": "Q23183"
    },
    {
        "query_id": "422_141",
        "wiki_title": "Larnaca District",
        "entity_id": "Q59153"
    },
    {
        "query_id": "422_142",
        "wiki_title": "Northern Mariana Islands",
        "entity_id": "Q16644"
    },
    {
        "query_id": "422_143",
        "wiki_title": "Argentina",
        "entity_id": "Q414"
    },
    {
        "query_id": "422_144",
        "wiki_title": "Central Province (Kenya)",
        "entity_id": "Q318666"
    },
    {
        "query_id": "422_145",
        "wiki_title": "Ghana",
        "entity_id": "Q117"
    },
    {
        "query_id": "422_146",
        "wiki_title": "Central African Republic",
        "entity_id": "Q929"
    },
    {
        "query_id": "422_147",
        "wiki_title": "Sánchez Carrión Province",
        "entity_id": "Q1944245"
    },
    {
        "query_id": "422_148",
        "wiki_title": "Tokugawa shogunate",
        "entity_id": "Q205662"
    },
    {
        "query_id": "422_149",
        "wiki_title": "Bangladesh",
        "entity_id": "Q902"
    },
    {
        "query_id": "422_150",
        "wiki_title": "Canton of Bern",
        "entity_id": "Q11911"
    },
    {
        "query_id": "422_151",
        "wiki_title": "Han dynasty",
        "entity_id": "Q7209"
    },
    {
        "query_id": "422_152",
        "wiki_title": "Novgorod Republic",
        "entity_id": "Q151536"
    },
    {
        "query_id": "422_153",
        "wiki_title": "Seychelles",
        "entity_id": "Q1042"
    },
    {
        "query_id": "422_154",
        "wiki_title": "Semirechye Oblast",
        "entity_id": "Q2381321"
    },
    {
        "query_id": "422_155",
        "wiki_title": "Basel-Landschaft",
        "entity_id": "Q12146"
    },
    {
        "query_id": "422_156",
        "wiki_title": "Chiprovtsi Municipality",
        "entity_id": "Q2545392"
    },
    {
        "query_id": "422_157",
        "wiki_title": "Pô (department)",
        "entity_id": "Q2567535"
    },
    {
        "query_id": "422_158",
        "wiki_title": "Malawi",
        "entity_id": "Q1020"
    },
    {
        "query_id": "422_159",
        "wiki_title": "Arkansas",
        "entity_id": "Q1612"
    },
    {
        "query_id": "422_160",
        "wiki_title": "Afghanistan",
        "entity_id": "Q889"
    },
    {
        "query_id": "422_161",
        "wiki_title": "Uruguay",
        "entity_id": "Q77"
    },
    {
        "query_id": "422_162",
        "wiki_title": "Kievan Rus'",
        "entity_id": "Q1108445"
    },
    {
        "query_id": "422_163",
        "wiki_title": "New Hampshire",
        "entity_id": "Q759"
    },
    {
        "query_id": "422_164",
        "wiki_title": "Somalia",
        "entity_id": "Q1045"
    },
    {
        "query_id": "422_165",
        "wiki_title": "Florida",
        "entity_id": "Q812"
    },
    {
        "query_id": "422_166",
        "wiki_title": "Haiti",
        "entity_id": "Q790"
    },
    {
        "query_id": "422_167",
        "wiki_title": "Comoros",
        "entity_id": "Q970"
    },
    {
        "query_id": "422_168",
        "wiki_title": "Andorra",
        "entity_id": "Q228"
    },
    {
        "query_id": "422_169",
        "wiki_title": "San Marino",
        "entity_id": "Q238"
    },
    {
        "query_id": "422_170",
        "wiki_title": "County Dublin",
        "entity_id": "Q173500"
    },
    {
        "query_id": "422_171",
        "wiki_title": "Chad",
        "entity_id": "Q657"
    },
    {
        "query_id": "422_172",
        "wiki_title": "Greenland",
        "entity_id": "Q223"
    },
    {
        "query_id": "422_173",
        "wiki_title": "Almoravid dynasty",
        "entity_id": "Q75613"
    },
    {
        "query_id": "422_174",
        "wiki_title": "North Macedonia",
        "entity_id": "Q221"
    },
    {
        "query_id": "422_175",
        "wiki_title": "Japan",
        "entity_id": "Q17"
    },
    {
        "query_id": "422_176",
        "wiki_title": "New South Wales",
        "entity_id": "Q3224"
    },
    {
        "query_id": "422_177",
        "wiki_title": "Kingdom of Laos",
        "entity_id": "Q870055"
    },
    {
        "query_id": "422_178",
        "wiki_title": "Gabon",
        "entity_id": "Q1000"
    },
    {
        "query_id": "422_179",
        "wiki_title": "Indre-et-Loire",
        "entity_id": "Q12556"
    },
    {
        "query_id": "422_180",
        "wiki_title": "Kingdom of the Netherlands",
        "entity_id": "Q29999"
    },
    {
        "query_id": "422_181",
        "wiki_title": "Manitoba",
        "entity_id": "Q1948"
    },
    {
        "query_id": "422_182",
        "wiki_title": "Montana",
        "entity_id": "Q1212"
    },
    {
        "query_id": "422_183",
        "wiki_title": "Murray Shire",
        "entity_id": "Q610299"
    },
    {
        "query_id": "422_184",
        "wiki_title": "Artern (district)",
        "entity_id": "Q1787197"
    },
    {
        "query_id": "422_185",
        "wiki_title": "Malaysia",
        "entity_id": "Q833"
    },
    {
        "query_id": "422_186",
        "wiki_title": "Canton of Antibes-Biot",
        "entity_id": "Q1724185"
    },
    {
        "query_id": "422_187",
        "wiki_title": "Missouri",
        "entity_id": "Q1581"
    },
    {
        "query_id": "422_188",
        "wiki_title": "Taiwan",
        "entity_id": "Q865"
    },
    {
        "query_id": "422_189",
        "wiki_title": "Khyber Pakhtunkhwa",
        "entity_id": "Q183314"
    },
    {
        "query_id": "422_190",
        "wiki_title": "Anivsky District",
        "entity_id": "Q904512"
    },
    {
        "query_id": "422_191",
        "wiki_title": "Columbia County, Pennsylvania",
        "entity_id": "Q488693"
    },
    {
        "query_id": "422_192",
        "wiki_title": "Upper East Region",
        "entity_id": "Q712828"
    },
    {
        "query_id": "422_193",
        "wiki_title": "Confederate States of America",
        "entity_id": "Q81931"
    },
    {
        "query_id": "422_194",
        "wiki_title": "Australian Capital Territory",
        "entity_id": "Q3258"
    },
    {
        "query_id": "422_195",
        "wiki_title": "County Durham",
        "entity_id": "Q23082"
    },
    {
        "query_id": "422_196",
        "wiki_title": "Nova Scotia",
        "entity_id": "Q1952"
    },
    {
        "query_id": "422_197",
        "wiki_title": "South Carolina",
        "entity_id": "Q1456"
    },
    {
        "query_id": "422_198",
        "wiki_title": "Olyokminsky District",
        "entity_id": "Q547162"
    },
    {
        "query_id": "422_199",
        "wiki_title": "Zeeland",
        "entity_id": "Q705"
    },
    {
        "query_id": "422_200",
        "wiki_title": "Belize",
        "entity_id": "Q242"
    },
    {
        "query_id": "422_201",
        "wiki_title": "Kaluga Governorate",
        "entity_id": "Q326353"
    },
    {
        "query_id": "422_202",
        "wiki_title": "Faxe Municipality",
        "entity_id": "Q505000"
    },
    {
        "query_id": "422_203",
        "wiki_title": "Characene",
        "entity_id": "Q1062946"
    },
    {
        "query_id": "422_204",
        "wiki_title": "Albania",
        "entity_id": "Q222"
    },
    {
        "query_id": "422_205",
        "wiki_title": "Occupation of Japan",
        "entity_id": "Q696251"
    },
    {
        "query_id": "422_206",
        "wiki_title": "Mendoza Province",
        "entity_id": "Q44797"
    },
    {
        "query_id": "422_207",
        "wiki_title": "Othón P. Blanco, Quintana Roo",
        "entity_id": "Q1709166"
    },
    {
        "query_id": "422_208",
        "wiki_title": "Bermuda",
        "entity_id": "Q23635"
    },
    {
        "query_id": "422_209",
        "wiki_title": "Canton of Harnes",
        "entity_id": "Q1725476"
    },
    {
        "query_id": "422_210",
        "wiki_title": "Kingdom of England",
        "entity_id": "Q179876"
    },
    {
        "query_id": "422_211",
        "wiki_title": "Appenzell Ausserrhoden",
        "entity_id": "Q12079"
    },
    {
        "query_id": "422_212",
        "wiki_title": "Nigeria",
        "entity_id": "Q1033"
    },
    {
        "query_id": "422_213",
        "wiki_title": "Mauritius",
        "entity_id": "Q1027"
    },
    {
        "query_id": "422_214",
        "wiki_title": "Bastak County",
        "entity_id": "Q3924526"
    },
    {
        "query_id": "422_215",
        "wiki_title": "Northwest Territories",
        "entity_id": "Q2007"
    },
    {
        "query_id": "422_216",
        "wiki_title": "South Africa",
        "entity_id": "Q258"
    },
    {
        "query_id": "422_217",
        "wiki_title": "European Union",
        "entity_id": "Q458"
    },
    {
        "query_id": "422_218",
        "wiki_title": "Cabañas Department",
        "entity_id": "Q914058"
    },
    {
        "query_id": "422_219",
        "wiki_title": "Muyinga Province",
        "entity_id": "Q822571"
    },
    {
        "query_id": "422_220",
        "wiki_title": "Tuvalu",
        "entity_id": "Q672"
    },
    {
        "query_id": "422_221",
        "wiki_title": "Yemen",
        "entity_id": "Q805"
    },
    {
        "query_id": "422_222",
        "wiki_title": "Var (department)",
        "entity_id": "Q12789"
    },
    {
        "query_id": "422_223",
        "wiki_title": "Belgium",
        "entity_id": "Q31"
    },
    {
        "query_id": "422_224",
        "wiki_title": "Vanuatu",
        "entity_id": "Q686"
    },
    {
        "query_id": "422_225",
        "wiki_title": "Nepal",
        "entity_id": "Q837"
    },
    {
        "query_id": "422_226",
        "wiki_title": "Emilia-Romagna",
        "entity_id": "Q1263"
    },
    {
        "query_id": "422_227",
        "wiki_title": "Pennsylvania",
        "entity_id": "Q1400"
    },
    {
        "query_id": "422_228",
        "wiki_title": "Austria",
        "entity_id": "Q40"
    },
    {
        "query_id": "422_229",
        "wiki_title": "Lebanon",
        "entity_id": "Q822"
    },
    {
        "query_id": "422_230",
        "wiki_title": "Province of Teramo",
        "entity_id": "Q16284"
    },
    {
        "query_id": "422_231",
        "wiki_title": "Sal, Cape Verde (municipality)",
        "entity_id": "Q2721003"
    },
    {
        "query_id": "422_232",
        "wiki_title": "Arrondissement of Limoges",
        "entity_id": "Q597652"
    },
    {
        "query_id": "422_233",
        "wiki_title": "Special Region of Yogyakarta",
        "entity_id": "Q3741"
    },
    {
        "query_id": "422_234",
        "wiki_title": "Greece",
        "entity_id": "Q41"
    },
    {
        "query_id": "422_235",
        "wiki_title": "Slovakia",
        "entity_id": "Q214"
    },
    {
        "query_id": "422_236",
        "wiki_title": "Empire of Japan",
        "entity_id": "Q188712"
    },
    {
        "query_id": "422_237",
        "wiki_title": "Karelichy District",
        "entity_id": "Q1953342"
    },
    {
        "query_id": "422_238",
        "wiki_title": "Collectivity of Saint Martin",
        "entity_id": "Q126125"
    },
    {
        "query_id": "422_239",
        "wiki_title": "Berry, France",
        "entity_id": "Q827169"
    },
    {
        "query_id": "422_240",
        "wiki_title": "Saint Kitts and Nevis",
        "entity_id": "Q763"
    },
    {
        "query_id": "422_241",
        "wiki_title": "Eritrea",
        "entity_id": "Q986"
    },
    {
        "query_id": "422_242",
        "wiki_title": "Papua New Guinea",
        "entity_id": "Q691"
    },
    {
        "query_id": "422_243",
        "wiki_title": "Arrondissement of Niort",
        "entity_id": "Q701933"
    },
    {
        "query_id": "422_244",
        "wiki_title": "New Zealand",
        "entity_id": "Q664"
    },
    {
        "query_id": "422_245",
        "wiki_title": "Kambarsky District",
        "entity_id": "Q639973"
    },
    {
        "query_id": "422_246",
        "wiki_title": "Vorpommern-Rügen",
        "entity_id": "Q2909"
    },
    {
        "query_id": "422_247",
        "wiki_title": "Rondônia",
        "entity_id": "Q43235"
    },
    {
        "query_id": "422_248",
        "wiki_title": "Province of New Jersey",
        "entity_id": "Q2335128"
    },
    {
        "query_id": "422_249",
        "wiki_title": "Ivory Coast",
        "entity_id": "Q1008"
    },
    {
        "query_id": "422_250",
        "wiki_title": "Canton of Glarus",
        "entity_id": "Q11922"
    },
    {
        "query_id": "422_251",
        "wiki_title": "West Pakistan",
        "entity_id": "Q2342822"
    },
    {
        "query_id": "422_252",
        "wiki_title": "Montenegro",
        "entity_id": "Q236"
    },
    {
        "query_id": "422_253",
        "wiki_title": "Gmina Brzeszcze",
        "entity_id": "Q2144889"
    },
    {
        "query_id": "422_254",
        "wiki_title": "Kingdom of England",
        "entity_id": "Q179876"
    },
    {
        "query_id": "422_255",
        "wiki_title": "Iceland",
        "entity_id": "Q189"
    },
    {
        "query_id": "422_256",
        "wiki_title": "Kingdom of Sussex",
        "entity_id": "Q676184"
    },
    {
        "query_id": "422_257",
        "wiki_title": "Byzantine Empire",
        "entity_id": "Q12544"
    },
    {
        "query_id": "422_258",
        "wiki_title": "Borough of Fareham",
        "entity_id": "Q894084"
    },
    {
        "query_id": "422_259",
        "wiki_title": "Georgia (U.S. state)",
        "entity_id": "Q1428"
    },
    {
        "query_id": "422_260",
        "wiki_title": "Shusha District",
        "entity_id": "Q388960"
    },
    {
        "query_id": "422_261",
        "wiki_title": "China",
        "entity_id": "Q148"
    },
    {
        "query_id": "422_262",
        "wiki_title": "Min Kingdom",
        "entity_id": "Q1192067"
    },
    {
        "query_id": "422_263",
        "wiki_title": "Haute-Corse",
        "entity_id": "Q3334"
    },
    {
        "query_id": "422_264",
        "wiki_title": "Province of South Carolina",
        "entity_id": "Q2513167"
    },
    {
        "query_id": "422_265",
        "wiki_title": "Morocco",
        "entity_id": "Q1028"
    },
    {
        "query_id": "422_266",
        "wiki_title": "Iowa",
        "entity_id": "Q1546"
    },
    {
        "query_id": "422_267",
        "wiki_title": "Waupaca County, Wisconsin",
        "entity_id": "Q500854"
    },
    {
        "query_id": "422_268",
        "wiki_title": "Cairo Governorate",
        "entity_id": "Q30805"
    },
    {
        "query_id": "422_269",
        "wiki_title": "Central Region (Ghana)",
        "entity_id": "Q846323"
    },
    {
        "query_id": "422_270",
        "wiki_title": "Dearborn County, Indiana",
        "entity_id": "Q509757"
    },
    {
        "query_id": "422_271",
        "wiki_title": "Latvia",
        "entity_id": "Q211"
    },
    {
        "query_id": "422_272",
        "wiki_title": "England",
        "entity_id": "Q21"
    },
    {
        "query_id": "422_273",
        "wiki_title": "Nyanza Province",
        "entity_id": "Q38589"
    },
    {
        "query_id": "422_274",
        "wiki_title": "Orotina (canton)",
        "entity_id": "Q891356"
    },
    {
        "query_id": "422_275",
        "wiki_title": "Israel",
        "entity_id": "Q801"
    },
    {
        "query_id": "422_276",
        "wiki_title": "Vermont",
        "entity_id": "Q16551"
    },
    {
        "query_id": "422_277",
        "wiki_title": "Gillespie County, Texas",
        "entity_id": "Q27024"
    },
    {
        "query_id": "422_278",
        "wiki_title": "Republic of China (1912–1949)",
        "entity_id": "Q13426199"
    },
    {
        "query_id": "422_279",
        "wiki_title": "Province of Turin",
        "entity_id": "Q16287"
    },
    {
        "query_id": "422_280",
        "wiki_title": "Zofingen District",
        "entity_id": "Q659332"
    },
    {
        "query_id": "422_281",
        "wiki_title": "Netherlands Antilles",
        "entity_id": "Q25227"
    },
    {
        "query_id": "422_282",
        "wiki_title": "Natchitoches Parish, Louisiana",
        "entity_id": "Q507047"
    },
    {
        "query_id": "422_283",
        "wiki_title": "Chile",
        "entity_id": "Q298"
    },
    {
        "query_id": "422_284",
        "wiki_title": "Swedish Pomerania",
        "entity_id": "Q682318"
    },
    {
        "query_id": "422_285",
        "wiki_title": "Bolsover District",
        "entity_id": "Q891608"
    },
    {
        "query_id": "422_286",
        "wiki_title": "Mayotte",
        "entity_id": "Q17063"
    },
    {
        "query_id": "422_287",
        "wiki_title": "Cuba",
        "entity_id": "Q241"
    },
    {
        "query_id": "422_288",
        "wiki_title": "Kingdom of Bulgaria",
        "entity_id": "Q147909"
    },
    {
        "query_id": "422_289",
        "wiki_title": "Tarussky District",
        "entity_id": "Q1655715"
    },
    {
        "query_id": "422_290",
        "wiki_title": "Lyuberetsky District",
        "entity_id": "Q2426262"
    },
    {
        "query_id": "422_291",
        "wiki_title": "Mauritania",
        "entity_id": "Q1025"
    },
    {
        "query_id": "422_292",
        "wiki_title": "Cook Islands",
        "entity_id": "Q26988"
    },
    {
        "query_id": "422_293",
        "wiki_title": "Bourbon Restoration in France",
        "entity_id": "Q207162"
    },
    {
        "query_id": "422_294",
        "wiki_title": "Mengjiang",
        "entity_id": "Q697837"
    },
    {
        "query_id": "422_295",
        "wiki_title": "Nunavut",
        "entity_id": "Q2023"
    },
    {
        "query_id": "422_296",
        "wiki_title": "Kentucky",
        "entity_id": "Q1603"
    },
    {
        "query_id": "422_297",
        "wiki_title": "Aruba",
        "entity_id": "Q21203"
    },
    {
        "query_id": "422_298",
        "wiki_title": "Florida Province",
        "entity_id": "Q818"
    },
    {
        "query_id": "422_299",
        "wiki_title": "Montgomery County, Missouri",
        "entity_id": "Q490129"
    },
    {
        "query_id": "422_300",
        "wiki_title": "Nelson County, Kentucky",
        "entity_id": "Q594313"
    },
    {
        "query_id": "422_301",
        "wiki_title": "Gmina Czorsztyn",
        "entity_id": "Q2463053"
    },
    {
        "query_id": "422_302",
        "wiki_title": "Gênes",
        "entity_id": "Q1098820"
    },
    {
        "query_id": "422_303",
        "wiki_title": "Charente-Maritime",
        "entity_id": "Q3278"
    },
    {
        "query_id": "422_304",
        "wiki_title": "North Carolina",
        "entity_id": "Q1454"
    },
    {
        "query_id": "422_305",
        "wiki_title": "Qasr-e Shirin County",
        "entity_id": "Q767866"
    },
    {
        "query_id": "422_306",
        "wiki_title": "Oman",
        "entity_id": "Q842"
    },
    {
        "query_id": "422_307",
        "wiki_title": "Ioba Province",
        "entity_id": "Q1074154"
    },
    {
        "query_id": "422_308",
        "wiki_title": "Worth County, Missouri",
        "entity_id": "Q497971"
    },
    {
        "query_id": "422_309",
        "wiki_title": "Bad Ems (Verbandsgemeinde)",
        "entity_id": "Q5034"
    },
    {
        "query_id": "422_310",
        "wiki_title": "Lithuania",
        "entity_id": "Q37"
    },
    {
        "query_id": "422_311",
        "wiki_title": "Republic of Ireland",
        "entity_id": "Q27"
    },
    {
        "query_id": "422_312",
        "wiki_title": "Sri Lanka",
        "entity_id": "Q854"
    },
    {
        "query_id": "422_313",
        "wiki_title": "Brussels",
        "entity_id": "Q240"
    },
    {
        "query_id": "422_314",
        "wiki_title": "Maryland",
        "entity_id": "Q1391"
    },
    {
        "query_id": "422_315",
        "wiki_title": "Saudi Arabia",
        "entity_id": "Q851"
    },
    {
        "query_id": "422_316",
        "wiki_title": "Sweden",
        "entity_id": "Q34"
    },
    {
        "query_id": "422_317",
        "wiki_title": "Canton of Gordes",
        "entity_id": "Q743014"
    },
    {
        "query_id": "422_318",
        "wiki_title": "Egypt Eyalet",
        "entity_id": "Q491507"
    },
    {
        "query_id": "422_319",
        "wiki_title": "Sudan",
        "entity_id": "Q1049"
    },
    {
        "query_id": "422_320",
        "wiki_title": "East Timor",
        "entity_id": "Q574"
    },
    {
        "query_id": "422_321",
        "wiki_title": "German East Africa",
        "entity_id": "Q153963"
    },
    {
        "query_id": "422_322",
        "wiki_title": "Province of Cremona",
        "entity_id": "Q16163"
    },
    {
        "query_id": "422_323",
        "wiki_title": "Tang dynasty",
        "entity_id": "Q9683"
    },
    {
        "query_id": "422_324",
        "wiki_title": "Pulaski County, Arkansas",
        "entity_id": "Q61160"
    },
    {
        "query_id": "422_325",
        "wiki_title": "Nicaragua",
        "entity_id": "Q811"
    },
    {
        "query_id": "422_326",
        "wiki_title": "Sergipe",
        "entity_id": "Q43783"
    },
    {
        "query_id": "422_327",
        "wiki_title": "Centre (department)",
        "entity_id": "Q844528"
    },
    {
        "query_id": "422_328",
        "wiki_title": "Meigs County, Ohio",
        "entity_id": "Q489915"
    },
    {
        "query_id": "422_329",
        "wiki_title": "Calhoun County, Texas",
        "entity_id": "Q26605"
    },
    {
        "query_id": "422_330",
        "wiki_title": "Heves County",
        "entity_id": "Q191604"
    },
    {
        "query_id": "422_331",
        "wiki_title": "Hood County, Texas",
        "entity_id": "Q485912"
    },
    {
        "query_id": "422_332",
        "wiki_title": "Alaska",
        "entity_id": "Q797"
    },
    {
        "query_id": "422_333",
        "wiki_title": "Australia",
        "entity_id": "Q408"
    },
    {
        "query_id": "422_334",
        "wiki_title": "Neutral Municipality",
        "entity_id": "Q658161"
    },
    {
        "query_id": "422_335",
        "wiki_title": "Honduras",
        "entity_id": "Q783"
    },
    {
        "query_id": "422_336",
        "wiki_title": "Han dynasty",
        "entity_id": "Q7209"
    },
    {
        "query_id": "422_337",
        "wiki_title": "Kansas",
        "entity_id": "Q1558"
    },
    {
        "query_id": "422_338",
        "wiki_title": "Ceará",
        "entity_id": "Q40123"
    },
    {
        "query_id": "422_339",
        "wiki_title": "Ashfield District",
        "entity_id": "Q600996"
    },
    {
        "query_id": "422_340",
        "wiki_title": "Val d'Aran",
        "entity_id": "Q12602"
    },
    {
        "query_id": "422_341",
        "wiki_title": "Ukrainian Soviet Socialist Republic",
        "entity_id": "Q133356"
    },
    {
        "query_id": "422_342",
        "wiki_title": "Minnesota",
        "entity_id": "Q1527"
    },
    {
        "query_id": "422_343",
        "wiki_title": "Lampasas County, Texas",
        "entity_id": "Q113919"
    },
    {
        "query_id": "422_344",
        "wiki_title": "Taitung County",
        "entity_id": "Q249904"
    },
    {
        "query_id": "422_345",
        "wiki_title": "Solomon Islands",
        "entity_id": "Q685"
    },
    {
        "query_id": "422_346",
        "wiki_title": "Bhutan",
        "entity_id": "Q917"
    },
    {
        "query_id": "422_347",
        "wiki_title": "Puntland",
        "entity_id": "Q485112"
    },
    {
        "query_id": "422_348",
        "wiki_title": "Mexico",
        "entity_id": "Q96"
    },
    {
        "query_id": "422_349",
        "wiki_title": "Roraima",
        "entity_id": "Q42508"
    },
    {
        "query_id": "422_350",
        "wiki_title": "Highland (council area)",
        "entity_id": "Q208279"
    },
    {
        "query_id": "422_351",
        "wiki_title": "Srednekansky District",
        "entity_id": "Q1043241"
    },
    {
        "query_id": "422_352",
        "wiki_title": "Tennessee",
        "entity_id": "Q1509"
    },
    {
        "query_id": "422_353",
        "wiki_title": "Takamatsu Domain",
        "entity_id": "Q1036915"
    },
    {
        "query_id": "422_354",
        "wiki_title": "New Mexico",
        "entity_id": "Q1522"
    },
    {
        "query_id": "422_355",
        "wiki_title": "Texas",
        "entity_id": "Q1439"
    },
    {
        "query_id": "422_356",
        "wiki_title": "Zakarpattia Oblast",
        "entity_id": "Q170213"
    },
    {
        "query_id": "422_357",
        "wiki_title": "Minas Gerais",
        "entity_id": "Q39109"
    },
    {
        "query_id": "422_358",
        "wiki_title": "Littoral Region (Cameroon)",
        "entity_id": "Q845172"
    },
    {
        "query_id": "422_359",
        "wiki_title": "Uzbekistan",
        "entity_id": "Q265"
    },
    {
        "query_id": "422_360",
        "wiki_title": "County Cork",
        "entity_id": "Q162475"
    },
    {
        "query_id": "422_361",
        "wiki_title": "Lincolnshire",
        "entity_id": "Q23090"
    },
    {
        "query_id": "422_362",
        "wiki_title": "Cantabria",
        "entity_id": "Q3946"
    },
    {
        "query_id": "422_363",
        "wiki_title": "Deux-Nèthes",
        "entity_id": "Q1206596"
    },
    {
        "query_id": "422_364",
        "wiki_title": "Northern Ireland",
        "entity_id": "Q26"
    },
    {
        "query_id": "422_365",
        "wiki_title": "Himachal Pradesh",
        "entity_id": "Q1177"
    },
    {
        "query_id": "422_366",
        "wiki_title": "New Brunswick",
        "entity_id": "Q1965"
    },
    {
        "query_id": "422_367",
        "wiki_title": "Quebec",
        "entity_id": "Q176"
    },
    {
        "query_id": "422_368",
        "wiki_title": "Oklahoma",
        "entity_id": "Q1649"
    },
    {
        "query_id": "422_369",
        "wiki_title": "Metropolitan Borough of Bury",
        "entity_id": "Q512036"
    },
    {
        "query_id": "422_370",
        "wiki_title": "Eden District",
        "entity_id": "Q301637"
    },
    {
        "query_id": "422_371",
        "wiki_title": "Brunei",
        "entity_id": "Q921"
    },
    {
        "query_id": "422_372",
        "wiki_title": "Gmina Andrespol",
        "entity_id": "Q2026294"
    },
    {
        "query_id": "422_373",
        "wiki_title": "Second Spanish Republic",
        "entity_id": "Q178038"
    },
    {
        "query_id": "422_374",
        "wiki_title": "Vozhegodsky District",
        "entity_id": "Q2218459"
    },
    {
        "query_id": "422_375",
        "wiki_title": "Curaçao",
        "entity_id": "Q25279"
    },
    {
        "query_id": "422_376",
        "wiki_title": "Yukon",
        "entity_id": "Q2009"
    },
    {
        "query_id": "422_377",
        "wiki_title": "Switzerland",
        "entity_id": "Q39"
    },
    {
        "query_id": "422_378",
        "wiki_title": "Cacheu Region",
        "entity_id": "Q780838"
    },
    {
        "query_id": "422_379",
        "wiki_title": "Madison County, North Carolina",
        "entity_id": "Q506300"
    },
    {
        "query_id": "422_380",
        "wiki_title": "Kuwait",
        "entity_id": "Q817"
    },
    {
        "query_id": "422_381",
        "wiki_title": "Sri Lanka",
        "entity_id": "Q854"
    },
    {
        "query_id": "422_382",
        "wiki_title": "Jamnagar district",
        "entity_id": "Q2982118"
    },
    {
        "query_id": "422_383",
        "wiki_title": "Scotland",
        "entity_id": "Q22"
    },
    {
        "query_id": "422_384",
        "wiki_title": "Wu (state)",
        "entity_id": "Q912068"
    },
    {
        "query_id": "422_385",
        "wiki_title": "La Matapédia Regional County Municipality",
        "entity_id": "Q1798945"
    },
    {
        "query_id": "422_386",
        "wiki_title": "Crete",
        "entity_id": "Q34374"
    },
    {
        "query_id": "422_387",
        "wiki_title": "El Salvador",
        "entity_id": "Q792"
    },
    {
        "query_id": "422_388",
        "wiki_title": "Ontario",
        "entity_id": "Q1904"
    },
    {
        "query_id": "422_389",
        "wiki_title": "Burundi",
        "entity_id": "Q967"
    },
    {
        "query_id": "422_390",
        "wiki_title": "Arrondissement of Nogent-le-Rotrou",
        "entity_id": "Q701961"
    },
    {
        "query_id": "422_391",
        "wiki_title": "Cao Wei",
        "entity_id": "Q320930"
    },
    {
        "query_id": "422_392",
        "wiki_title": "Sierra Leone",
        "entity_id": "Q1044"
    },
    {
        "query_id": "422_393",
        "wiki_title": "Pakistan",
        "entity_id": "Q843"
    },
    {
        "query_id": "422_394",
        "wiki_title": "Silla",
        "entity_id": "Q28456"
    },
    {
        "query_id": "422_395",
        "wiki_title": "Sweet Grass County, Montana",
        "entity_id": "Q496616"
    },
    {
        "query_id": "422_396",
        "wiki_title": "Biombo Region",
        "entity_id": "Q872228"
    },
    {
        "query_id": "422_397",
        "wiki_title": "Colorado",
        "entity_id": "Q1261"
    },
    {
        "query_id": "422_398",
        "wiki_title": "South Ossetia",
        "entity_id": "Q23427"
    },
    {
        "query_id": "422_399",
        "wiki_title": "Commonwealth of England",
        "entity_id": "Q330362"
    },
    {
        "query_id": "422_400",
        "wiki_title": "Lower Saxony",
        "entity_id": "Q1197"
    },
    {
        "query_id": "422_401",
        "wiki_title": "Arizona",
        "entity_id": "Q816"
    },
    {
        "query_id": "422_402",
        "wiki_title": "Province of Florence",
        "entity_id": "Q16172"
    },
    {
        "query_id": "422_403",
        "wiki_title": "Centre Region, Burkina Faso",
        "entity_id": "Q515655"
    },
    {
        "query_id": "422_404",
        "wiki_title": "Tocantins",
        "entity_id": "Q43695"
    },
    {
        "query_id": "422_405",
        "wiki_title": "Equatorial Guinea",
        "entity_id": "Q983"
    },
    {
        "query_id": "422_406",
        "wiki_title": "Sindh",
        "entity_id": "Q37211"
    },
    {
        "query_id": "422_407",
        "wiki_title": "Kabul Province",
        "entity_id": "Q188933"
    },
    {
        "query_id": "422_408",
        "wiki_title": "Finland",
        "entity_id": "Q33"
    },
    {
        "query_id": "422_409",
        "wiki_title": "Qashqadaryo Region",
        "entity_id": "Q487577"
    },
    {
        "query_id": "422_410",
        "wiki_title": "South Africa",
        "entity_id": "Q258"
    },
    {
        "query_id": "422_411",
        "wiki_title": "Ondo State",
        "entity_id": "Q836654"
    },
    {
        "query_id": "422_412",
        "wiki_title": "India",
        "entity_id": "Q668"
    },
    {
        "query_id": "422_413",
        "wiki_title": "Saraburi Province",
        "entity_id": "Q337627"
    },
    {
        "query_id": "422_414",
        "wiki_title": "Bolivia",
        "entity_id": "Q750"
    },
    {
        "query_id": "422_415",
        "wiki_title": "Shire of Cook",
        "entity_id": "Q1069392"
    },
    {
        "query_id": "422_416",
        "wiki_title": "Angola",
        "entity_id": "Q916"
    },
    {
        "query_id": "422_417",
        "wiki_title": "Newfoundland and Labrador",
        "entity_id": "Q2003"
    },
    {
        "query_id": "422_418",
        "wiki_title": "Confederate States of America",
        "entity_id": "Q81931"
    },
    {
        "query_id": "422_419",
        "wiki_title": "United Arab Emirates",
        "entity_id": "Q878"
    },
    {
        "query_id": "422_420",
        "wiki_title": "Deir ez-Zor Governorate",
        "entity_id": "Q232387"
    },
    {
        "query_id": "422_421",
        "wiki_title": "Gunnedah Shire",
        "entity_id": "Q753458"
    },
    {
        "query_id": "422_422",
        "wiki_title": "South Sudan",
        "entity_id": "Q958"
    },
    {
        "query_id": "422_423",
        "wiki_title": "France",
        "entity_id": "Q142"
    },
    {
        "query_id": "422_424",
        "wiki_title": "Likouala Department",
        "entity_id": "Q863554"
    },
    {
        "query_id": "422_425",
        "wiki_title": "Niue",
        "entity_id": "Q34020"
    },
    {
        "query_id": "422_426",
        "wiki_title": "Union of South Africa",
        "entity_id": "Q193619"
    },
    {
        "query_id": "422_427",
        "wiki_title": "Weimar Republic",
        "entity_id": "Q41304"
    },
    {
        "query_id": "422_428",
        "wiki_title": "Suriname",
        "entity_id": "Q730"
    },
    {
        "query_id": "422_429",
        "wiki_title": "Clay County, Kansas",
        "entity_id": "Q376120"
    },
    {
        "query_id": "422_430",
        "wiki_title": "Atenas (canton)",
        "entity_id": "Q2406261"
    },
    {
        "query_id": "422_431",
        "wiki_title": "Meissen (district)",
        "entity_id": "Q6313"
    },
    {
        "query_id": "422_432",
        "wiki_title": "Niger State",
        "entity_id": "Q503932"
    },
    {
        "query_id": "422_433",
        "wiki_title": "Kent",
        "entity_id": "Q23298"
    },
    {
        "query_id": "422_434",
        "wiki_title": "Medzilaborce District",
        "entity_id": "Q837884"
    },
    {
        "query_id": "422_435",
        "wiki_title": "French Guiana",
        "entity_id": "Q3769"
    },
    {
        "query_id": "422_436",
        "wiki_title": "Ehime Prefecture",
        "entity_id": "Q123376"
    },
    {
        "query_id": "422_437",
        "wiki_title": "Norfolk",
        "entity_id": "Q23109"
    },
    {
        "query_id": "422_438",
        "wiki_title": "Molokovsky District",
        "entity_id": "Q394896"
    },
    {
        "query_id": "422_439",
        "wiki_title": "North Korea",
        "entity_id": "Q423"
    },
    {
        "query_id": "422_440",
        "wiki_title": "Tajikistan",
        "entity_id": "Q863"
    },
    {
        "query_id": "422_441",
        "wiki_title": "Jamaica",
        "entity_id": "Q766"
    },
    {
        "query_id": "422_442",
        "wiki_title": "Union of South Africa",
        "entity_id": "Q193619"
    },
    {
        "query_id": "422_443",
        "wiki_title": "Nord (French department)",
        "entity_id": "Q12661"
    },
    {
        "query_id": "422_444",
        "wiki_title": "Poland",
        "entity_id": "Q36"
    },
    {
        "query_id": "422_445",
        "wiki_title": "Poni Province",
        "entity_id": "Q953657"
    },
    {
        "query_id": "422_446",
        "wiki_title": "Negros Oriental",
        "entity_id": "Q13863"
    },
    {
        "query_id": "422_447",
        "wiki_title": "South Korea",
        "entity_id": "Q884"
    },
    {
        "query_id": "422_448",
        "wiki_title": "Bulgaria",
        "entity_id": "Q219"
    },
    {
        "query_id": "422_449",
        "wiki_title": "Nitra Region",
        "entity_id": "Q184548"
    },
    {
        "query_id": "422_450",
        "wiki_title": "Germany",
        "entity_id": "Q183"
    },
    {
        "query_id": "422_451",
        "wiki_title": "New Caledonia",
        "entity_id": "Q33788"
    },
    {
        "query_id": "422_452",
        "wiki_title": "Bailiwick of Guernsey",
        "entity_id": "Q25230"
    },
    {
        "query_id": "422_453",
        "wiki_title": "Wisconsin",
        "entity_id": "Q1537"
    },
    {
        "query_id": "422_454",
        "wiki_title": "Kingdom of England",
        "entity_id": "Q179876"
    },
    {
        "query_id": "422_455",
        "wiki_title": "Buckinghamshire",
        "entity_id": "Q23229"
    },
    {
        "query_id": "422_456",
        "wiki_title": "Vietnam",
        "entity_id": "Q881"
    },
    {
        "query_id": "422_457",
        "wiki_title": "Estonia",
        "entity_id": "Q191"
    },
    {
        "query_id": "422_458",
        "wiki_title": "Alabama",
        "entity_id": "Q173"
    },
    {
        "query_id": "422_459",
        "wiki_title": "Levice District",
        "entity_id": "Q777394"
    },
    {
        "query_id": "422_460",
        "wiki_title": "Montserrat",
        "entity_id": "Q13353"
    },
    {
        "query_id": "422_461",
        "wiki_title": "Croatia",
        "entity_id": "Q224"
    },
    {
        "query_id": "422_462",
        "wiki_title": "Iron County, Missouri",
        "entity_id": "Q490121"
    },
    {
        "query_id": "422_463",
        "wiki_title": "Kenya",
        "entity_id": "Q114"
    },
    {
        "query_id": "422_464",
        "wiki_title": "American Samoa",
        "entity_id": "Q16641"
    },
    {
        "query_id": "422_465",
        "wiki_title": "Baldwin County, Alabama",
        "entity_id": "Q156163"
    },
    {
        "query_id": "422_466",
        "wiki_title": "British Raj",
        "entity_id": "Q129286"
    },
    {
        "query_id": "422_467",
        "wiki_title": "Quneitra Governorate",
        "entity_id": "Q219690"
    },
    {
        "query_id": "422_468",
        "wiki_title": "Cagayan",
        "entity_id": "Q13759"
    },
    {
        "query_id": "422_469",
        "wiki_title": "San Mateo County, California",
        "entity_id": "Q108101"
    },
    {
        "query_id": "422_470",
        "wiki_title": "Arrondissement of Lannion",
        "entity_id": "Q584641"
    },
    {
        "query_id": "422_471",
        "wiki_title": "Katsina State",
        "entity_id": "Q657821"
    },
    {
        "query_id": "422_472",
        "wiki_title": "Puerto Rico",
        "entity_id": "Q1183"
    },
    {
        "query_id": "422_473",
        "wiki_title": "Yadkin County, North Carolina",
        "entity_id": "Q497284"
    },
    {
        "query_id": "422_474",
        "wiki_title": "Byaroza District",
        "entity_id": "Q545069"
    },
    {
        "query_id": "422_475",
        "wiki_title": "City of Melbourne",
        "entity_id": "Q1919098"
    },
    {
        "query_id": "422_476",
        "wiki_title": "Belgrade Oblast",
        "entity_id": "Q4882643"
    },
    {
        "query_id": "422_477",
        "wiki_title": "Bundibugyo District",
        "entity_id": "Q1362129"
    },
    {
        "query_id": "422_478",
        "wiki_title": "Świętokrzyskie Voivodeship",
        "entity_id": "Q54183"
    },
    {
        "query_id": "422_479",
        "wiki_title": "Commonwealth of the Philippines",
        "entity_id": "Q146328"
    },
    {
        "query_id": "422_480",
        "wiki_title": "Trinidad and Tobago",
        "entity_id": "Q754"
    },
    {
        "query_id": "422_481",
        "wiki_title": "Oregon",
        "entity_id": "Q824"
    },
    {
        "query_id": "422_482",
        "wiki_title": "North Dakota",
        "entity_id": "Q1207"
    },
    {
        "query_id": "422_483",
        "wiki_title": "Libya",
        "entity_id": "Q1016"
    },
    {
        "query_id": "422_484",
        "wiki_title": "Lesotho",
        "entity_id": "Q1013"
    },
    {
        "query_id": "422_485",
        "wiki_title": "Niger",
        "entity_id": "Q1032"
    },
    {
        "query_id": "422_486",
        "wiki_title": "Tarnogsky District",
        "entity_id": "Q2627848"
    },
    {
        "query_id": "422_487",
        "wiki_title": "Outer Hebrides",
        "entity_id": "Q80967"
    },
    {
        "query_id": "422_488",
        "wiki_title": "European Economic Community",
        "entity_id": "Q52847"
    },
    {
        "query_id": "422_489",
        "wiki_title": "Democratic Republic of the Congo",
        "entity_id": "Q974"
    },
    {
        "query_id": "422_490",
        "wiki_title": "Gulf Province",
        "entity_id": "Q874980"
    },
    {
        "query_id": "422_491",
        "wiki_title": "Sucha County",
        "entity_id": "Q1280815"
    },
    {
        "query_id": "422_492",
        "wiki_title": "Austrian Empire",
        "entity_id": "Q131964"
    },
    {
        "query_id": "422_493",
        "wiki_title": "Khouribga Province",
        "entity_id": "Q1740686"
    },
    {
        "query_id": "422_494",
        "wiki_title": "Chinese Soviet Republic",
        "entity_id": "Q1135255"
    },
    {
        "query_id": "422_495",
        "wiki_title": "Kingdom of Hanover",
        "entity_id": "Q164079"
    },
    {
        "query_id": "422_496",
        "wiki_title": "The Gambia",
        "entity_id": "Q1005"
    },
    {
        "query_id": "422_497",
        "wiki_title": "4th of August Regime",
        "entity_id": "Q1358836"
    },
    {
        "query_id": "422_498",
        "wiki_title": "Canton of Mirambeau",
        "entity_id": "Q1236432"
    },
    {
        "query_id": "422_499",
        "wiki_title": "Unity (state)",
        "entity_id": "Q319965"
    },
    {
        "query_id": "422_500",
        "wiki_title": "Borough of Boston",
        "entity_id": "Q894076"
    },
    {
        "query_id": "422_501",
        "wiki_title": "Neuburg-Schrobenhausen",
        "entity_id": "Q10493"
    },
    {
        "query_id": "422_502",
        "wiki_title": "Province of Canada",
        "entity_id": "Q1121436"
    },
    {
        "query_id": "422_503",
        "wiki_title": "Cyprus",
        "entity_id": "Q229"
    },
    {
        "query_id": "422_504",
        "wiki_title": "Guatemala",
        "entity_id": "Q774"
    },
    {
        "query_id": "422_505",
        "wiki_title": "Tunisia",
        "entity_id": "Q948"
    },
    {
        "query_id": "422_506",
        "wiki_title": "Jask County",
        "entity_id": "Q1280087"
    },
    {
        "query_id": "422_507",
        "wiki_title": "Odrysian kingdom",
        "entity_id": "Q870517"
    },
    {
        "query_id": "422_508",
        "wiki_title": "Tartu County",
        "entity_id": "Q192370"
    },
    {
        "query_id": "422_509",
        "wiki_title": "Balqa Governorate",
        "entity_id": "Q721431"
    },
    {
        "query_id": "422_510",
        "wiki_title": "Western Visayas",
        "entity_id": "Q13665"
    },
    {
        "query_id": "422_511",
        "wiki_title": "Sultanate of Rum",
        "entity_id": "Q975405"
    },
    {
        "query_id": "422_512",
        "wiki_title": "Slovenia",
        "entity_id": "Q215"
    },
    {
        "query_id": "422_513",
        "wiki_title": "Romania",
        "entity_id": "Q218"
    },
    {
        "query_id": "422_514",
        "wiki_title": "McDowell County, West Virginia",
        "entity_id": "Q501804"
    },
    {
        "query_id": "422_515",
        "wiki_title": "Limburg (Belgium)",
        "entity_id": "Q1095"
    },
    {
        "query_id": "422_516",
        "wiki_title": "Ter (department)",
        "entity_id": "Q1090691"
    },
    {
        "query_id": "422_517",
        "wiki_title": "Indiana",
        "entity_id": "Q1415"
    },
    {
        "query_id": "422_518",
        "wiki_title": "Egypt",
        "entity_id": "Q79"
    },
    {
        "query_id": "422_519",
        "wiki_title": "Manggarai Regency",
        "entity_id": "Q14143"
    },
    {
        "query_id": "422_520",
        "wiki_title": "South Australia",
        "entity_id": "Q35715"
    },
    {
        "query_id": "422_521",
        "wiki_title": "Piauí",
        "entity_id": "Q42722"
    },
    {
        "query_id": "422_522",
        "wiki_title": "Liberia",
        "entity_id": "Q1014"
    },
    {
        "query_id": "422_523",
        "wiki_title": "Lodi dynasty",
        "entity_id": "Q11709"
    },
    {
        "query_id": "422_524",
        "wiki_title": "Michigan",
        "entity_id": "Q1166"
    },
    {
        "query_id": "422_525",
        "wiki_title": "French Polynesia",
        "entity_id": "Q30971"
    },
    {
        "query_id": "422_526",
        "wiki_title": "Angus, Scotland",
        "entity_id": "Q202177"
    },
    {
        "query_id": "422_527",
        "wiki_title": "Golden Valley County, North Dakota",
        "entity_id": "Q48926"
    },
    {
        "query_id": "422_528",
        "wiki_title": "Spanish Empire",
        "entity_id": "Q80702"
    },
    {
        "query_id": "422_529",
        "wiki_title": "Plesetsky District",
        "entity_id": "Q2468373"
    },
    {
        "query_id": "422_530",
        "wiki_title": "Saint Lucia",
        "entity_id": "Q760"
    },
    {
        "query_id": "422_531",
        "wiki_title": "Merthyr Tydfil County Borough",
        "entity_id": "Q3306663"
    },
    {
        "query_id": "422_532",
        "wiki_title": "Commonwealth of Independent States",
        "entity_id": "Q7779"
    },
    {
        "query_id": "422_533",
        "wiki_title": "Polkowice County",
        "entity_id": "Q715538"
    },
    {
        "query_id": "422_534",
        "wiki_title": "Denmark",
        "entity_id": "Q35"
    },
    {
        "query_id": "422_535",
        "wiki_title": "Beiyang government",
        "entity_id": "Q814959"
    },
    {
        "query_id": "422_536",
        "wiki_title": "Western Australia",
        "entity_id": "Q3206"
    },
    {
        "query_id": "422_537",
        "wiki_title": "Belarus",
        "entity_id": "Q184"
    },
    {
        "query_id": "422_538",
        "wiki_title": "Guadeloupe",
        "entity_id": "Q17012"
    },
    {
        "query_id": "422_539",
        "wiki_title": "Ukraine",
        "entity_id": "Q212"
    },
    {
        "query_id": "422_540",
        "wiki_title": "Venezuela",
        "entity_id": "Q717"
    },
    {
        "query_id": "422_541",
        "wiki_title": "Marche",
        "entity_id": "Q1279"
    },
    {
        "query_id": "422_542",
        "wiki_title": "Appenzell Innerrhoden",
        "entity_id": "Q12094"
    },
    {
        "query_id": "422_543",
        "wiki_title": "Sangrur district",
        "entity_id": "Q1945515"
    },
    {
        "query_id": "422_544",
        "wiki_title": "Océan",
        "entity_id": "Q2445229"
    },
    {
        "query_id": "422_545",
        "wiki_title": "Hodh Ech Chargui Region",
        "entity_id": "Q12621"
    },
    {
        "query_id": "422_546",
        "wiki_title": "Province of Georgia",
        "entity_id": "Q785035"
    },
    {
        "query_id": "422_547",
        "wiki_title": "Lamphun Province",
        "entity_id": "Q240540"
    },
    {
        "query_id": "422_548",
        "wiki_title": "Adyghe Autonomous Oblast",
        "entity_id": "Q2478158"
    },
    {
        "query_id": "422_549",
        "wiki_title": "Ticino",
        "entity_id": "Q12724"
    },
    {
        "query_id": "422_550",
        "wiki_title": "Worth County, Georgia",
        "entity_id": "Q486154"
    },
    {
        "query_id": "422_551",
        "wiki_title": "Akmola Region",
        "entity_id": "Q485056"
    },
    {
        "query_id": "422_552",
        "wiki_title": "Saanen District",
        "entity_id": "Q666334"
    },
    {
        "query_id": "422_553",
        "wiki_title": "Faulk County, South Dakota",
        "entity_id": "Q495417"
    },
    {
        "query_id": "422_554",
        "wiki_title": "Botswana",
        "entity_id": "Q963"
    },
    {
        "query_id": "422_555",
        "wiki_title": "Northern Province, Sierra Leone",
        "entity_id": "Q912359"
    },
    {
        "query_id": "422_556",
        "wiki_title": "Far Eastern Republic",
        "entity_id": "Q61292"
    },
    {
        "query_id": "422_557",
        "wiki_title": "Bosnia and Herzegovina",
        "entity_id": "Q225"
    },
    {
        "query_id": "422_558",
        "wiki_title": "Emirate of Dubai",
        "entity_id": "Q613"
    },
    {
        "query_id": "422_559",
        "wiki_title": "Nugal, Somalia",
        "entity_id": "Q1046329"
    },
    {
        "query_id": "422_560",
        "wiki_title": "Plaza Municipality",
        "entity_id": "Q1149242"
    },
    {
        "query_id": "422_561",
        "wiki_title": "Friesland",
        "entity_id": "Q770"
    },
    {
        "query_id": "422_562",
        "wiki_title": "Utah",
        "entity_id": "Q829"
    },
    {
        "query_id": "422_563",
        "wiki_title": "Kingdom of Italy",
        "entity_id": "Q172579"
    },
    {
        "query_id": "422_564",
        "wiki_title": "Yan (state)",
        "entity_id": "Q1055713"
    },
    {
        "query_id": "422_565",
        "wiki_title": "Kavala (regional unit)",
        "entity_id": "Q1625595"
    },
    {
        "query_id": "422_566",
        "wiki_title": "Arrondissement of Florac",
        "entity_id": "Q512664"
    },
    {
        "query_id": "422_567",
        "wiki_title": "Syria",
        "entity_id": "Q858"
    },
    {
        "query_id": "422_568",
        "wiki_title": "Guinea",
        "entity_id": "Q1006"
    },
    {
        "query_id": "422_569",
        "wiki_title": "Kiribati",
        "entity_id": "Q710"
    },
    {
        "query_id": "422_570",
        "wiki_title": "Labuan",
        "entity_id": "Q214504"
    },
    {
        "query_id": "422_571",
        "wiki_title": "Loir-et-Cher",
        "entity_id": "Q12564"
    },
    {
        "query_id": "422_572",
        "wiki_title": "County Clare",
        "entity_id": "Q181862"
    },
    {
        "query_id": "422_573",
        "wiki_title": "Yalutorovsky District",
        "entity_id": "Q1657695"
    },
    {
        "query_id": "422_574",
        "wiki_title": "West Coast, New Zealand",
        "entity_id": "Q541468"
    },
    {
        "query_id": "422_575",
        "wiki_title": "Rwanda",
        "entity_id": "Q1037"
    },
    {
        "query_id": "422_576",
        "wiki_title": "Turks and Caicos Islands",
        "entity_id": "Q18221"
    },
    {
        "query_id": "422_577",
        "wiki_title": "Moldova",
        "entity_id": "Q217"
    },
    {
        "query_id": "422_578",
        "wiki_title": "Russia",
        "entity_id": "Q159"
    },
    {
        "query_id": "422_579",
        "wiki_title": "Itasca County, Minnesota",
        "entity_id": "Q486238"
    },
    {
        "query_id": "422_580",
        "wiki_title": "Morris County, New Jersey",
        "entity_id": "Q498163"
    },
    {
        "query_id": "422_581",
        "wiki_title": "State of Vietnam",
        "entity_id": "Q1193879"
    },
    {
        "query_id": "422_582",
        "wiki_title": "Devon",
        "entity_id": "Q23156"
    },
    {
        "query_id": "422_583",
        "wiki_title": "Hyderabad State",
        "entity_id": "Q1240096"
    },
    {
        "query_id": "422_584",
        "wiki_title": "Russian Empire",
        "entity_id": "Q34266"
    },
    {
        "query_id": "422_585",
        "wiki_title": "McLennan County, Texas",
        "entity_id": "Q111368"
    },
    {
        "query_id": "422_586",
        "wiki_title": "Southwest Region (Cameroon)",
        "entity_id": "Q607499"
    },
    {
        "query_id": "422_587",
        "wiki_title": "Ecuador",
        "entity_id": "Q736"
    },
    {
        "query_id": "422_588",
        "wiki_title": "Bass Coast Shire",
        "entity_id": "Q810446"
    },
    {
        "query_id": "422_589",
        "wiki_title": "Rabun County, Georgia",
        "entity_id": "Q503546"
    },
    {
        "query_id": "422_590",
        "wiki_title": "Hawaii",
        "entity_id": "Q782"
    },
    {
        "query_id": "422_591",
        "wiki_title": "Norway",
        "entity_id": "Q20"
    },
    {
        "query_id": "422_592",
        "wiki_title": "Republic of China (1912–1949)",
        "entity_id": "Q13426199"
    },
    {
        "query_id": "422_593",
        "wiki_title": "Lenawee County, Michigan",
        "entity_id": "Q167565"
    },
    {
        "query_id": "422_594",
        "wiki_title": "Guanabara (state)",
        "entity_id": "Q1155409"
    },
    {
        "query_id": "422_595",
        "wiki_title": "Van Buren County, Michigan",
        "entity_id": "Q137562"
    },
    {
        "query_id": "422_596",
        "wiki_title": "Goa",
        "entity_id": "Q1171"
    },
    {
        "query_id": "422_597",
        "wiki_title": "United Kingdom",
        "entity_id": "Q145"
    },
    {
        "query_id": "422_598",
        "wiki_title": "Tikhvinsky District",
        "entity_id": "Q506440"
    },
    {
        "query_id": "422_599",
        "wiki_title": "South Dakota",
        "entity_id": "Q1211"
    },
    {
        "query_id": "422_600",
        "wiki_title": "Gmina Osiecznica",
        "entity_id": "Q744429"
    },
    {
        "query_id": "422_601",
        "wiki_title": "Ain",
        "entity_id": "Q3083"
    },
    {
        "query_id": "422_602",
        "wiki_title": "Racine County, Wisconsin",
        "entity_id": "Q510122"
    },
    {
        "query_id": "422_603",
        "wiki_title": "Harding County, South Dakota",
        "entity_id": "Q492493"
    },
    {
        "query_id": "422_604",
        "wiki_title": "Illinois",
        "entity_id": "Q1204"
    },
    {
        "query_id": "422_605",
        "wiki_title": "Kingdom of Israel (Samaria)",
        "entity_id": "Q230407"
    },
    {
        "query_id": "422_606",
        "wiki_title": "Vimmerby Municipality",
        "entity_id": "Q505057"
    },
    {
        "query_id": "422_607",
        "wiki_title": "Mali",
        "entity_id": "Q912"
    },
    {
        "query_id": "422_608",
        "wiki_title": "Obwalden",
        "entity_id": "Q12573"
    },
    {
        "query_id": "422_609",
        "wiki_title": "Sésia",
        "entity_id": "Q290739"
    },
    {
        "query_id": "422_610",
        "wiki_title": "Himan and Heeb",
        "entity_id": "Q3459472"
    },
    {
        "query_id": "422_611",
        "wiki_title": "Han dynasty",
        "entity_id": "Q7209"
    },
    {
        "query_id": "422_612",
        "wiki_title": "Cape Verde",
        "entity_id": "Q1011"
    },
    {
        "query_id": "422_613",
        "wiki_title": "Colombia",
        "entity_id": "Q739"
    },
    {
        "query_id": "422_614",
        "wiki_title": "Pernambuco",
        "entity_id": "Q40942"
    },
    {
        "query_id": "422_615",
        "wiki_title": "California",
        "entity_id": "Q99"
    },
    {
        "query_id": "422_616",
        "wiki_title": "Rio Grande do Sul",
        "entity_id": "Q40030"
    },
    {
        "query_id": "422_617",
        "wiki_title": "Department of Puno",
        "entity_id": "Q205104"
    },
    {
        "query_id": "422_618",
        "wiki_title": "Meta Department",
        "entity_id": "Q238629"
    },
    {
        "query_id": "422_619",
        "wiki_title": "Grand Casablanca",
        "entity_id": "Q478222"
    },
    {
        "query_id": "422_620",
        "wiki_title": "Canada",
        "entity_id": "Q16"
    },
    {
        "query_id": "422_621",
        "wiki_title": "Dhule district",
        "entity_id": "Q1797383"
    },
    {
        "query_id": "422_622",
        "wiki_title": "Qatar",
        "entity_id": "Q846"
    },
    {
        "query_id": "422_623",
        "wiki_title": "Namibia",
        "entity_id": "Q1030"
    },
    {
        "query_id": "422_624",
        "wiki_title": "South Georgia and the South Sandwich Islands",
        "entity_id": "Q35086"
    },
    {
        "query_id": "422_625",
        "wiki_title": "Armenia",
        "entity_id": "Q399"
    },
    {
        "query_id": "422_626",
        "wiki_title": "Gmina Radomsko",
        "entity_id": "Q2403026"
    },
    {
        "query_id": "422_627",
        "wiki_title": "Ohio",
        "entity_id": "Q1397"
    },
    {
        "query_id": "422_628",
        "wiki_title": "Gmina Babice",
        "entity_id": "Q267939"
    },
    {
        "query_id": "422_629",
        "wiki_title": "Les Collines-de-l'Outaouais Regional County Municipality",
        "entity_id": "Q1451121"
    },
    {
        "query_id": "422_630",
        "wiki_title": "Kingdom of Italy",
        "entity_id": "Q172579"
    },
    {
        "query_id": "422_631",
        "wiki_title": "Achaea",
        "entity_id": "Q2495811"
    },
    {
        "query_id": "422_632",
        "wiki_title": "Chen (state)",
        "entity_id": "Q1069690"
    },
    {
        "query_id": "422_633",
        "wiki_title": "Lahaul and Spiti district",
        "entity_id": "Q837595"
    },
    {
        "query_id": "422_634",
        "wiki_title": "City of Bradford",
        "entity_id": "Q2834810"
    },
    {
        "query_id": "422_635",
        "wiki_title": "Idaho",
        "entity_id": "Q1221"
    },
    {
        "query_id": "422_636",
        "wiki_title": "Mississippi",
        "entity_id": "Q1494"
    },
    {
        "query_id": "422_637",
        "wiki_title": "Roman Republic",
        "entity_id": "Q17167"
    },
    {
        "query_id": "422_638",
        "wiki_title": "Aargau",
        "entity_id": "Q11972"
    },
    {
        "query_id": "422_639",
        "wiki_title": "Canton of Lucerne",
        "entity_id": "Q12121"
    },
    {
        "query_id": "422_640",
        "wiki_title": "Netherlands",
        "entity_id": "Q55"
    },
    {
        "query_id": "422_641",
        "wiki_title": "City Municipality of Celje",
        "entity_id": "Q3441823"
    },
    {
        "query_id": "422_642",
        "wiki_title": "Delhi",
        "entity_id": "Q1353"
    },
    {
        "query_id": "422_643",
        "wiki_title": "Palestinian territories",
        "entity_id": "Q407199"
    },
    {
        "query_id": "422_644",
        "wiki_title": "Louisiana",
        "entity_id": "Q1588"
    }
]