[
    {
        "query_id": "560_0",
        "wiki_title": "2012 Georgetown Hoyas men's soccer team",
        "entity_id": "Q4625659"
    },
    {
        "query_id": "560_1",
        "wiki_title": "Armand Raymond",
        "entity_id": "Q4792691"
    },
    {
        "query_id": "560_2",
        "wiki_title": "2014–15 Premier League of Bosnia and Herzegovina",
        "entity_id": "Q16875416"
    },
    {
        "query_id": "560_3",
        "wiki_title": "2008–09 Maltese Premier League",
        "entity_id": "Q1887835"
    },
    {
        "query_id": "560_4",
        "wiki_title": "Roy Emerson",
        "entity_id": "Q312545"
    },
    {
        "query_id": "560_5",
        "wiki_title": "Shaun Carey",
        "entity_id": "Q7490810"
    },
    {
        "query_id": "560_6",
        "wiki_title": "Jonas Villanueva",
        "entity_id": "Q6272301"
    },
    {
        "query_id": "560_7",
        "wiki_title": "Mustafa Keçeli",
        "entity_id": "Q1955557"
    },
    {
        "query_id": "560_8",
        "wiki_title": "Wembley Lions (speedway)",
        "entity_id": "Q265989"
    },
    {
        "query_id": "560_9",
        "wiki_title": "Exeter City F.C.",
        "entity_id": "Q48939"
    },
    {
        "query_id": "560_10",
        "wiki_title": "Inter Moengotapoe",
        "entity_id": "Q1665830"
    },
    {
        "query_id": "560_11",
        "wiki_title": "Luan Viana",
        "entity_id": "Q16745390"
    },
    {
        "query_id": "560_12",
        "wiki_title": "Alain Rakotondramanana",
        "entity_id": "Q4705696"
    },
    {
        "query_id": "560_13",
        "wiki_title": "Radik Zhaparov",
        "entity_id": "Q923792"
    },
    {
        "query_id": "560_14",
        "wiki_title": "Gianluca Comotto",
        "entity_id": "Q1873302"
    },
    {
        "query_id": "560_15",
        "wiki_title": "Tim Hoogland",
        "entity_id": "Q61792"
    },
    {
        "query_id": "560_16",
        "wiki_title": "2006 Korea Open",
        "entity_id": "Q1715123"
    },
    {
        "query_id": "560_17",
        "wiki_title": "Fly route",
        "entity_id": "Q8564110"
    },
    {
        "query_id": "560_18",
        "wiki_title": "Indrek Pertelson",
        "entity_id": "Q1374905"
    },
    {
        "query_id": "560_19",
        "wiki_title": "Sol Kyong",
        "entity_id": "Q14756847"
    },
    {
        "query_id": "560_20",
        "wiki_title": "Saidi Tama Nduwimana",
        "entity_id": "Q16232902"
    },
    {
        "query_id": "560_21",
        "wiki_title": "Luis Rivera (gymnast)",
        "entity_id": "Q6701052"
    },
    {
        "query_id": "560_22",
        "wiki_title": "2006–07 Primera B Nacional",
        "entity_id": "Q9088711"
    },
    {
        "query_id": "560_23",
        "wiki_title": "Grantham Town F.C.",
        "entity_id": "Q18292"
    },
    {
        "query_id": "560_24",
        "wiki_title": "Willie McCarter",
        "entity_id": "Q4020208"
    },
    {
        "query_id": "560_25",
        "wiki_title": "Günter Kutowski",
        "entity_id": "Q877511"
    },
    {
        "query_id": "560_26",
        "wiki_title": "Birmingham City F.C.",
        "entity_id": "Q19444"
    },
    {
        "query_id": "560_27",
        "wiki_title": "1994 Swedish Open",
        "entity_id": "Q14374183"
    },
    {
        "query_id": "560_28",
        "wiki_title": "Josip Duvančić",
        "entity_id": "Q6290858"
    },
    {
        "query_id": "560_29",
        "wiki_title": "Najeh Humoud",
        "entity_id": "Q6959967"
    },
    {
        "query_id": "560_30",
        "wiki_title": "2004 Legg Mason Tennis Classic",
        "entity_id": "Q3829666"
    },
    {
        "query_id": "560_31",
        "wiki_title": "Dorus de Vries",
        "entity_id": "Q1250853"
    },
    {
        "query_id": "560_32",
        "wiki_title": "Luciano Vella",
        "entity_id": "Q3822816"
    },
    {
        "query_id": "560_33",
        "wiki_title": "1988–89 FA Cup qualifying rounds",
        "entity_id": "Q4584909"
    },
    {
        "query_id": "560_34",
        "wiki_title": "Javi Salero",
        "entity_id": "Q16231722"
    },
    {
        "query_id": "560_35",
        "wiki_title": "Brice Dulin",
        "entity_id": "Q2925089"
    },
    {
        "query_id": "560_36",
        "wiki_title": "Kasperi Kapanen",
        "entity_id": "Q11870266"
    },
    {
        "query_id": "560_37",
        "wiki_title": "Valeri Zelepukin",
        "entity_id": "Q2007327"
    },
    {
        "query_id": "560_38",
        "wiki_title": "Eisstadion am Pulverturm",
        "entity_id": "Q1320679"
    },
    {
        "query_id": "560_39",
        "wiki_title": "James Thomas (footballer)",
        "entity_id": "Q3806739"
    },
    {
        "query_id": "560_40",
        "wiki_title": "Wong Pei Tty",
        "entity_id": "Q434772"
    },
    {
        "query_id": "560_41",
        "wiki_title": "Alain Laurier",
        "entity_id": "Q2829988"
    },
    {
        "query_id": "560_42",
        "wiki_title": "David González (footballer, born 1981)",
        "entity_id": "Q8354119"
    },
    {
        "query_id": "560_43",
        "wiki_title": "1989–90 1. Slovenská národná hokejová liga season",
        "entity_id": "Q1751984"
    },
    {
        "query_id": "560_44",
        "wiki_title": "Simon Tahamata",
        "entity_id": "Q1391203"
    },
    {
        "query_id": "560_45",
        "wiki_title": "1923 in Brazilian football",
        "entity_id": "Q4561414"
    },
    {
        "query_id": "560_46",
        "wiki_title": "Ye Zhibin",
        "entity_id": "Q8050781"
    },
    {
        "query_id": "560_47",
        "wiki_title": "Dipu Ghosh",
        "entity_id": "Q1227350"
    },
    {
        "query_id": "560_48",
        "wiki_title": "Matteo Pivotto",
        "entity_id": "Q3852180"
    },
    {
        "query_id": "560_49",
        "wiki_title": "Earned run average",
        "entity_id": "Q1145091"
    },
    {
        "query_id": "560_50",
        "wiki_title": "Imbi Hoop",
        "entity_id": "Q1437083"
    },
    {
        "query_id": "560_51",
        "wiki_title": "Gerd Schwidrowski",
        "entity_id": "Q5550460"
    },
    {
        "query_id": "560_52",
        "wiki_title": "2014 Powiat Poznański Open",
        "entity_id": "Q17361964"
    },
    {
        "query_id": "560_53",
        "wiki_title": "1997 Conference USA Baseball Tournament",
        "entity_id": "Q4592318"
    },
    {
        "query_id": "560_54",
        "wiki_title": "Vasili Penyasov",
        "entity_id": "Q7916690"
    },
    {
        "query_id": "560_55",
        "wiki_title": "Andrei Bogomolov",
        "entity_id": "Q4755735"
    },
    {
        "query_id": "560_56",
        "wiki_title": "Roberto Nani",
        "entity_id": "Q772623"
    },
    {
        "query_id": "560_57",
        "wiki_title": "Márcio Bittencourt",
        "entity_id": "Q919307"
    },
    {
        "query_id": "560_58",
        "wiki_title": "Dumitru Hubert",
        "entity_id": "Q2633180"
    },
    {
        "query_id": "560_59",
        "wiki_title": "James MacKenzie (rugby union)",
        "entity_id": "Q3161236"
    },
    {
        "query_id": "560_60",
        "wiki_title": "Friedhelm Konietzka",
        "entity_id": "Q486573"
    },
    {
        "query_id": "560_61",
        "wiki_title": "Stadio Brianteo",
        "entity_id": "Q1851616"
    },
    {
        "query_id": "560_62",
        "wiki_title": "Warrenpoint Town F.C.",
        "entity_id": "Q2252351"
    },
    {
        "query_id": "560_63",
        "wiki_title": "1991 CONCACAF Gold Cup",
        "entity_id": "Q240629"
    },
    {
        "query_id": "560_64",
        "wiki_title": "Christophe Ott",
        "entity_id": "Q5111790"
    },
    {
        "query_id": "560_65",
        "wiki_title": "Stephen Connor",
        "entity_id": "Q7608934"
    },
    {
        "query_id": "560_66",
        "wiki_title": "FC Enerhetyk Burshtyn",
        "entity_id": "Q2223870"
    },
    {
        "query_id": "560_67",
        "wiki_title": "Ladislav Žák (footballer)",
        "entity_id": "Q6469741"
    },
    {
        "query_id": "560_68",
        "wiki_title": "2002 Euro Beach Soccer Cup",
        "entity_id": "Q4243734"
    },
    {
        "query_id": "560_69",
        "wiki_title": "Sebastián Morquio",
        "entity_id": "Q32158"
    },
    {
        "query_id": "560_70",
        "wiki_title": "Paul Hoffman (basketball)",
        "entity_id": "Q1622629"
    },
    {
        "query_id": "560_71",
        "wiki_title": "Cho Keung-yeon",
        "entity_id": "Q5103368"
    },
    {
        "query_id": "560_72",
        "wiki_title": "Frank Allcock",
        "entity_id": "Q5484990"
    },
    {
        "query_id": "560_73",
        "wiki_title": "Radek Opršal",
        "entity_id": "Q3928620"
    },
    {
        "query_id": "560_74",
        "wiki_title": "David Homoláč",
        "entity_id": "Q2044032"
    },
    {
        "query_id": "560_75",
        "wiki_title": "Gord Gallant",
        "entity_id": "Q3110846"
    },
    {
        "query_id": "560_76",
        "wiki_title": "Giorgio Cagnotto",
        "entity_id": "Q716469"
    },
    {
        "query_id": "560_77",
        "wiki_title": "2008–09 FA Cup",
        "entity_id": "Q615034"
    },
    {
        "query_id": "560_78",
        "wiki_title": "1952 NFL season",
        "entity_id": "Q1754805"
    },
    {
        "query_id": "560_79",
        "wiki_title": "Willy Roy",
        "entity_id": "Q2811164"
    },
    {
        "query_id": "560_80",
        "wiki_title": "Vítor Valente",
        "entity_id": "Q7944813"
    },
    {
        "query_id": "560_81",
        "wiki_title": "2010–11 Cruz Azul season",
        "entity_id": "Q4619373"
    },
    {
        "query_id": "560_82",
        "wiki_title": "Alex Crombie",
        "entity_id": "Q4716864"
    },
    {
        "query_id": "560_83",
        "wiki_title": "Club Libertad",
        "entity_id": "Q848642"
    },
    {
        "query_id": "560_84",
        "wiki_title": "2013 Torneo di Viareggio",
        "entity_id": "Q3994842"
    },
    {
        "query_id": "560_85",
        "wiki_title": "Julián Lalinde",
        "entity_id": "Q2838461"
    },
    {
        "query_id": "560_86",
        "wiki_title": "Barry Silkman",
        "entity_id": "Q4864739"
    },
    {
        "query_id": "560_87",
        "wiki_title": "World Triathlon",
        "entity_id": "Q637663"
    },
    {
        "query_id": "560_88",
        "wiki_title": "Diego Díaz (Spanish footballer)",
        "entity_id": "Q4887578"
    },
    {
        "query_id": "560_89",
        "wiki_title": "Ligue Magnus",
        "entity_id": "Q1536496"
    },
    {
        "query_id": "560_90",
        "wiki_title": "Kaunas Sports Hall",
        "entity_id": "Q1483787"
    },
    {
        "query_id": "560_91",
        "wiki_title": "Josh Vanlandingham",
        "entity_id": "Q6289470"
    },
    {
        "query_id": "560_92",
        "wiki_title": "Sporting News",
        "entity_id": "Q951872"
    },
    {
        "query_id": "560_93",
        "wiki_title": "FC Zalău",
        "entity_id": "Q5425252"
    },
    {
        "query_id": "560_94",
        "wiki_title": "Adílson Batista",
        "entity_id": "Q380411"
    },
    {
        "query_id": "560_95",
        "wiki_title": "Vladislav Matviyenko",
        "entity_id": "Q166166"
    },
    {
        "query_id": "560_96",
        "wiki_title": "Vyacheslav Chadov",
        "entity_id": "Q10479115"
    },
    {
        "query_id": "560_97",
        "wiki_title": "Ito (footballer, born 1975)",
        "entity_id": "Q2857529"
    },
    {
        "query_id": "560_98",
        "wiki_title": "Koumiba Djossouvi",
        "entity_id": "Q15720838"
    },
    {
        "query_id": "560_99",
        "wiki_title": "2010–11 South West Peninsula League",
        "entity_id": "Q16255947"
    },
    {
        "query_id": "560_100",
        "wiki_title": "Angela Maxwell",
        "entity_id": "Q12061521"
    },
    {
        "query_id": "560_101",
        "wiki_title": "Li Shuai (footballer, born 1982)",
        "entity_id": "Q4260751"
    },
    {
        "query_id": "560_102",
        "wiki_title": "Robert Braet",
        "entity_id": "Q1625049"
    },
    {
        "query_id": "560_103",
        "wiki_title": "Housain Al-Mogahwi",
        "entity_id": "Q10558666"
    },
    {
        "query_id": "560_104",
        "wiki_title": "Walter Pfeiffer (footballer)",
        "entity_id": "Q12344117"
    },
    {
        "query_id": "560_105",
        "wiki_title": "HK Vojvodina",
        "entity_id": "Q1563975"
    },
    {
        "query_id": "560_106",
        "wiki_title": "Jonathan Rossini",
        "entity_id": "Q677852"
    },
    {
        "query_id": "560_107",
        "wiki_title": "Badminton Association of Indonesia",
        "entity_id": "Q2071859"
    },
    {
        "query_id": "560_108",
        "wiki_title": "USR (Guadeloupe football club)",
        "entity_id": "Q16338138"
    },
    {
        "query_id": "560_109",
        "wiki_title": "Joey Harrington",
        "entity_id": "Q3180317"
    },
    {
        "query_id": "560_110",
        "wiki_title": "Łukasz Szukała",
        "entity_id": "Q384119"
    },
    {
        "query_id": "560_111",
        "wiki_title": "Chapi (footballer)",
        "entity_id": "Q3392746"
    },
    {
        "query_id": "560_112",
        "wiki_title": "Carl Hagelin",
        "entity_id": "Q1038576"
    },
    {
        "query_id": "560_113",
        "wiki_title": "Miran Tepeš",
        "entity_id": "Q723186"
    },
    {
        "query_id": "560_114",
        "wiki_title": "Archie Needham",
        "entity_id": "Q15997993"
    },
    {
        "query_id": "560_115",
        "wiki_title": "Jim Thomas (basketball)",
        "entity_id": "Q3808382"
    },
    {
        "query_id": "560_116",
        "wiki_title": "Rotherham County F.C.",
        "entity_id": "Q2612665"
    },
    {
        "query_id": "560_117",
        "wiki_title": "1990–91 British Basketball League season",
        "entity_id": "Q18089652"
    },
    {
        "query_id": "560_118",
        "wiki_title": "Moneygall GAA",
        "entity_id": "Q15255089"
    },
    {
        "query_id": "560_119",
        "wiki_title": "Bryce Harper",
        "entity_id": "Q2524302"
    },
    {
        "query_id": "560_120",
        "wiki_title": "FC Dynamo Brest",
        "entity_id": "Q772725"
    },
    {
        "query_id": "560_121",
        "wiki_title": "Bernhard Winkler",
        "entity_id": "Q826176"
    },
    {
        "query_id": "560_122",
        "wiki_title": "Linebacker",
        "entity_id": "Q528145"
    },
    {
        "query_id": "560_123",
        "wiki_title": "Ozren Perić",
        "entity_id": "Q574668"
    },
    {
        "query_id": "560_124",
        "wiki_title": "Logi Geirsson",
        "entity_id": "Q1397063"
    },
    {
        "query_id": "560_125",
        "wiki_title": "Siavash Yazdani",
        "entity_id": "Q18358361"
    },
    {
        "query_id": "560_126",
        "wiki_title": "Matty Blair",
        "entity_id": "Q6791903"
    },
    {
        "query_id": "560_127",
        "wiki_title": "Carlaw Park",
        "entity_id": "Q5041128"
    },
    {
        "query_id": "560_128",
        "wiki_title": "Zanzibar national under-20 football team",
        "entity_id": "Q8066306"
    },
    {
        "query_id": "560_129",
        "wiki_title": "Mo Hamdaoui",
        "entity_id": "Q18686560"
    },
    {
        "query_id": "560_130",
        "wiki_title": "Toni Kukoč",
        "entity_id": "Q245222"
    },
    {
        "query_id": "560_131",
        "wiki_title": "Giovanni Fanello",
        "entity_id": "Q3107169"
    },
    {
        "query_id": "560_132",
        "wiki_title": "2001–02 Division 1 season (Swedish ice hockey)",
        "entity_id": "Q1719094"
    },
    {
        "query_id": "560_133",
        "wiki_title": "Bob Priddy (basketball)",
        "entity_id": "Q3641332"
    },
    {
        "query_id": "560_134",
        "wiki_title": "Jin Zhiyang",
        "entity_id": "Q3808454"
    },
    {
        "query_id": "560_135",
        "wiki_title": "Israel Andrade",
        "entity_id": "Q3803377"
    },
    {
        "query_id": "560_136",
        "wiki_title": "Patrick Edema",
        "entity_id": "Q14944333"
    },
    {
        "query_id": "560_137",
        "wiki_title": "Gus Bodnar",
        "entity_id": "Q440951"
    },
    {
        "query_id": "560_138",
        "wiki_title": "Rugby Africa",
        "entity_id": "Q1125520"
    },
    {
        "query_id": "560_139",
        "wiki_title": "Agustín Elduayen",
        "entity_id": "Q2634439"
    },
    {
        "query_id": "560_140",
        "wiki_title": "Yoo Yong-sung",
        "entity_id": "Q497621"
    },
    {
        "query_id": "560_141",
        "wiki_title": "Rick Fisher (basketball)",
        "entity_id": "Q7000915"
    },
    {
        "query_id": "560_142",
        "wiki_title": "Sébastien Chevallier",
        "entity_id": "Q2379329"
    },
    {
        "query_id": "560_143",
        "wiki_title": "Bedworth United F.C.",
        "entity_id": "Q4879475"
    },
    {
        "query_id": "560_144",
        "wiki_title": "Frank Moss (footballer, born 1895)",
        "entity_id": "Q3751887"
    },
    {
        "query_id": "560_145",
        "wiki_title": "Tigers Tübingen",
        "entity_id": "Q461647"
    },
    {
        "query_id": "560_146",
        "wiki_title": "ProKennex",
        "entity_id": "Q3406133"
    },
    {
        "query_id": "560_147",
        "wiki_title": "João Schlittler",
        "entity_id": "Q617494"
    },
    {
        "query_id": "560_148",
        "wiki_title": "Andrew Tucker (soccer)",
        "entity_id": "Q4758767"
    },
    {
        "query_id": "560_149",
        "wiki_title": "Tranmere Rovers F.C.",
        "entity_id": "Q19637"
    },
    {
        "query_id": "560_150",
        "wiki_title": "Indonesia Education League",
        "entity_id": "Q6025845"
    },
    {
        "query_id": "560_151",
        "wiki_title": "Bobby Cram",
        "entity_id": "Q4934889"
    },
    {
        "query_id": "560_152",
        "wiki_title": "LA Galaxy",
        "entity_id": "Q204357"
    },
    {
        "query_id": "560_153",
        "wiki_title": "Adam Bennett",
        "entity_id": "Q2823920"
    },
    {
        "query_id": "560_154",
        "wiki_title": "John Muse (businessman)",
        "entity_id": "Q6250003"
    },
    {
        "query_id": "560_155",
        "wiki_title": "Ramón Rodríguez (footballer)",
        "entity_id": "Q7290553"
    },
    {
        "query_id": "560_156",
        "wiki_title": "Leonardo Torres",
        "entity_id": "Q6526104"
    },
    {
        "query_id": "560_157",
        "wiki_title": "Anderson (footballer, born 1988)",
        "entity_id": "Q484772"
    },
    {
        "query_id": "560_158",
        "wiki_title": "Olympique Lyonnais Féminin",
        "entity_id": "Q1276685"
    },
    {
        "query_id": "560_159",
        "wiki_title": "1994–95 Belgian First Division",
        "entity_id": "Q1926444"
    },
    {
        "query_id": "560_160",
        "wiki_title": "Mark Jonas",
        "entity_id": "Q9029280"
    },
    {
        "query_id": "560_161",
        "wiki_title": "Roland Zajmi",
        "entity_id": "Q3940246"
    },
    {
        "query_id": "560_162",
        "wiki_title": "Penalty (ice hockey)",
        "entity_id": "Q2068602"
    },
    {
        "query_id": "560_163",
        "wiki_title": "Oleg Imrekov",
        "entity_id": "Q7086065"
    },
    {
        "query_id": "560_164",
        "wiki_title": "Tommy Ord",
        "entity_id": "Q7819765"
    },
    {
        "query_id": "560_165",
        "wiki_title": "Pablo Ceppelini",
        "entity_id": "Q2633057"
    },
    {
        "query_id": "560_166",
        "wiki_title": "Tony Millington",
        "entity_id": "Q7822985"
    },
    {
        "query_id": "560_167",
        "wiki_title": "1909–10 Netherlands Football League Championship",
        "entity_id": "Q2442178"
    },
    {
        "query_id": "560_168",
        "wiki_title": "Margarita Louis-Dreyfus",
        "entity_id": "Q654978"
    },
    {
        "query_id": "560_169",
        "wiki_title": "Dragons (rugby union)",
        "entity_id": "Q82216"
    },
    {
        "query_id": "560_170",
        "wiki_title": "Ali Sami Yachir",
        "entity_id": "Q2836337"
    },
    {
        "query_id": "560_171",
        "wiki_title": "Boreham Wood F.C.",
        "entity_id": "Q4094837"
    },
    {
        "query_id": "560_172",
        "wiki_title": "Gergő Kovács",
        "entity_id": "Q1120098"
    },
    {
        "query_id": "560_173",
        "wiki_title": "David Coulthard",
        "entity_id": "Q172832"
    },
    {
        "query_id": "560_174",
        "wiki_title": "Brunei Barracudas",
        "entity_id": "Q4978911"
    },
    {
        "query_id": "560_175",
        "wiki_title": "1889 College Football All-America Team",
        "entity_id": "Q4556348"
    },
    {
        "query_id": "560_176",
        "wiki_title": "Daigo Watanabe",
        "entity_id": "Q275844"
    },
    {
        "query_id": "560_177",
        "wiki_title": "2000 UEFA European Under-16 Championship",
        "entity_id": "Q264437"
    },
    {
        "query_id": "560_178",
        "wiki_title": "Eastern Grass Court Championships",
        "entity_id": "Q2976477"
    },
    {
        "query_id": "560_179",
        "wiki_title": "Shuto Suzuki",
        "entity_id": "Q6148375"
    },
    {
        "query_id": "560_180",
        "wiki_title": "European Canoe Association",
        "entity_id": "Q2867672"
    },
    {
        "query_id": "560_181",
        "wiki_title": "Peggy Lokando",
        "entity_id": "Q7160684"
    },
    {
        "query_id": "560_182",
        "wiki_title": "Shabab Al-Khalil SC",
        "entity_id": "Q7459992"
    },
    {
        "query_id": "560_183",
        "wiki_title": "Hans Cornelis",
        "entity_id": "Q1858210"
    },
    {
        "query_id": "560_184",
        "wiki_title": "Masahito Noto",
        "entity_id": "Q15970879"
    },
    {
        "query_id": "560_185",
        "wiki_title": "Algiers Derby",
        "entity_id": "Q3023593"
    },
    {
        "query_id": "560_186",
        "wiki_title": "Elias MacDonald",
        "entity_id": "Q5360544"
    },
    {
        "query_id": "560_187",
        "wiki_title": "Atlético Madrid",
        "entity_id": "Q8701"
    },
    {
        "query_id": "560_188",
        "wiki_title": "Jason Kidd",
        "entity_id": "Q221341"
    },
    {
        "query_id": "560_189",
        "wiki_title": "FINA",
        "entity_id": "Q189289"
    },
    {
        "query_id": "560_190",
        "wiki_title": "Mikhail Petrusyov",
        "entity_id": "Q6849665"
    },
    {
        "query_id": "560_191",
        "wiki_title": "Kwak Hee-ju",
        "entity_id": "Q6450009"
    },
    {
        "query_id": "560_192",
        "wiki_title": "Jim Walsh (ice hockey)",
        "entity_id": "Q6198752"
    },
    {
        "query_id": "560_193",
        "wiki_title": "Australian Football League draft",
        "entity_id": "Q2819159"
    },
    {
        "query_id": "560_194",
        "wiki_title": "Thiago Quirino",
        "entity_id": "Q263411"
    },
    {
        "query_id": "560_195",
        "wiki_title": "Dan Parkinson (footballer)",
        "entity_id": "Q5214168"
    },
    {
        "query_id": "560_196",
        "wiki_title": "Tommy Greer",
        "entity_id": "Q7819468"
    },
    {
        "query_id": "560_197",
        "wiki_title": "Bill Wilkinson (ice hockey)",
        "entity_id": "Q4911376"
    },
    {
        "query_id": "560_198",
        "wiki_title": "Oscar Roig Iglesias",
        "entity_id": "Q7106233"
    },
    {
        "query_id": "560_199",
        "wiki_title": "Tight end",
        "entity_id": "Q1153176"
    },
    {
        "query_id": "560_200",
        "wiki_title": "Derby Carrillo",
        "entity_id": "Q5261422"
    },
    {
        "query_id": "560_201",
        "wiki_title": "Radoslav Rashkov",
        "entity_id": "Q16231901"
    },
    {
        "query_id": "560_202",
        "wiki_title": "William Quillian (tennis)",
        "entity_id": "Q8017162"
    },
    {
        "query_id": "560_203",
        "wiki_title": "1994–95 FIBA Women's European Champions Cup",
        "entity_id": "Q3060640"
    },
    {
        "query_id": "560_204",
        "wiki_title": "Niklas Stark",
        "entity_id": "Q3341549"
    },
    {
        "query_id": "560_205",
        "wiki_title": "Willi Kirsei",
        "entity_id": "Q1156407"
    },
    {
        "query_id": "560_206",
        "wiki_title": "Corby Town F.C.",
        "entity_id": "Q4232689"
    },
    {
        "query_id": "560_207",
        "wiki_title": "2013–14 Sheffield Shield season",
        "entity_id": "Q16971575"
    },
    {
        "query_id": "560_208",
        "wiki_title": "Bobby Windsor (footballer)",
        "entity_id": "Q4935732"
    },
    {
        "query_id": "560_209",
        "wiki_title": "Gimnasia y Esgrima de Santa Fe",
        "entity_id": "Q5562755"
    },
    {
        "query_id": "560_210",
        "wiki_title": "Buffalo Memorial Auditorium",
        "entity_id": "Q2927640"
    },
    {
        "query_id": "560_211",
        "wiki_title": "Didier Défago",
        "entity_id": "Q125096"
    },
    {
        "query_id": "560_212",
        "wiki_title": "América Futebol Clube (PE)",
        "entity_id": "Q4749632"
    },
    {
        "query_id": "560_213",
        "wiki_title": "Olympique Lillois",
        "entity_id": "Q2338486"
    },
    {
        "query_id": "560_214",
        "wiki_title": "Michael Gibson (soccer)",
        "entity_id": "Q6830606"
    },
    {
        "query_id": "560_215",
        "wiki_title": "Jennifer Robinson (figure skater)",
        "entity_id": "Q3177107"
    },
    {
        "query_id": "560_216",
        "wiki_title": "David Davidson (footballer, born 1934)",
        "entity_id": "Q5232837"
    },
    {
        "query_id": "560_217",
        "wiki_title": "Momo Wall Blamo",
        "entity_id": "Q6897386"
    },
    {
        "query_id": "560_218",
        "wiki_title": "Alexandru Chiculiță",
        "entity_id": "Q1644850"
    },
    {
        "query_id": "560_219",
        "wiki_title": "Irina Crasnoscioc",
        "entity_id": "Q3801958"
    },
    {
        "query_id": "560_220",
        "wiki_title": "Billy Whitehouse",
        "entity_id": "Q18358360"
    },
    {
        "query_id": "560_221",
        "wiki_title": "Nicolás Martínez (footballer, born 1987)",
        "entity_id": "Q6679195"
    },
    {
        "query_id": "560_222",
        "wiki_title": "Louis Perrée",
        "entity_id": "Q2599319"
    },
    {
        "query_id": "560_223",
        "wiki_title": "2011–12 Elon Phoenix men's basketball team",
        "entity_id": "Q4623602"
    },
    {
        "query_id": "560_224",
        "wiki_title": "Aud Brindley",
        "entity_id": "Q3718733"
    },
    {
        "query_id": "560_225",
        "wiki_title": "Gustavo García (1980s footballer)",
        "entity_id": "Q16242191"
    },
    {
        "query_id": "560_226",
        "wiki_title": "FIBT World Championships 1939",
        "entity_id": "Q684525"
    },
    {
        "query_id": "560_227",
        "wiki_title": "Frank Cornan",
        "entity_id": "Q5485966"
    },
    {
        "query_id": "560_228",
        "wiki_title": "Aleksandar Nikolić",
        "entity_id": "Q1282797"
    },
    {
        "query_id": "560_229",
        "wiki_title": "Gregor Zabret",
        "entity_id": "Q15244350"
    },
    {
        "query_id": "560_230",
        "wiki_title": "Italy men's national volleyball team",
        "entity_id": "Q1467139"
    },
    {
        "query_id": "560_231",
        "wiki_title": "Angus Macdonald (rugby union)",
        "entity_id": "Q2849814"
    },
    {
        "query_id": "560_232",
        "wiki_title": "Andrei Vițelaru",
        "entity_id": "Q4756001"
    },
    {
        "query_id": "560_233",
        "wiki_title": "Maryland Maniacs",
        "entity_id": "Q6781367"
    },
    {
        "query_id": "560_234",
        "wiki_title": "Fabien Farnolle",
        "entity_id": "Q3063598"
    },
    {
        "query_id": "560_235",
        "wiki_title": "Noël van Klaveren",
        "entity_id": "Q15514975"
    },
    {
        "query_id": "560_236",
        "wiki_title": "ONCE (cycling team)",
        "entity_id": "Q2790516"
    },
    {
        "query_id": "560_237",
        "wiki_title": "1973 Virginia Slims of Fort Lauderdale",
        "entity_id": "Q4014221"
    },
    {
        "query_id": "560_238",
        "wiki_title": "Chuck Bednarik",
        "entity_id": "Q1089096"
    },
    {
        "query_id": "560_239",
        "wiki_title": "Steve Tilson",
        "entity_id": "Q7614134"
    },
    {
        "query_id": "560_240",
        "wiki_title": "Jacob Eason",
        "entity_id": "Q18977946"
    },
    {
        "query_id": "560_241",
        "wiki_title": "Roberto Mussi",
        "entity_id": "Q552965"
    },
    {
        "query_id": "560_242",
        "wiki_title": "Laryea Kingston",
        "entity_id": "Q937703"
    },
    {
        "query_id": "560_243",
        "wiki_title": "Crease (cricket)",
        "entity_id": "Q5183411"
    },
    {
        "query_id": "560_244",
        "wiki_title": "Mohammed Amine Kabli",
        "entity_id": "Q3318363"
    },
    {
        "query_id": "560_245",
        "wiki_title": "Shahrul Azhar Ture",
        "entity_id": "Q7462290"
    },
    {
        "query_id": "560_246",
        "wiki_title": "1949 France rugby union tour of Argentina",
        "entity_id": "Q3996497"
    },
    {
        "query_id": "560_247",
        "wiki_title": "EuroBasket 1953",
        "entity_id": "Q263268"
    },
    {
        "query_id": "560_248",
        "wiki_title": "Jared Gaither",
        "entity_id": "Q6159967"
    },
    {
        "query_id": "560_249",
        "wiki_title": "Boston United F.C.",
        "entity_id": "Q894605"
    },
    {
        "query_id": "560_250",
        "wiki_title": "Maximiliano Cuberas",
        "entity_id": "Q6795752"
    },
    {
        "query_id": "560_251",
        "wiki_title": "All-Ireland Senior Club Camogie Championship 1970",
        "entity_id": "Q4728068"
    },
    {
        "query_id": "560_252",
        "wiki_title": "Alexei Ugarov",
        "entity_id": "Q1336430"
    },
    {
        "query_id": "560_253",
        "wiki_title": "Duncan Lambie",
        "entity_id": "Q1808538"
    },
    {
        "query_id": "560_254",
        "wiki_title": "Saša Janić",
        "entity_id": "Q1676277"
    },
    {
        "query_id": "560_255",
        "wiki_title": "Tony Wagstaff",
        "entity_id": "Q7823632"
    },
    {
        "query_id": "560_256",
        "wiki_title": "George Burley (English footballer)",
        "entity_id": "Q5537437"
    },
    {
        "query_id": "560_257",
        "wiki_title": "Canada women's national field hockey team",
        "entity_id": "Q666858"
    },
    {
        "query_id": "560_258",
        "wiki_title": "Losing chess",
        "entity_id": "Q1003361"
    },
    {
        "query_id": "560_259",
        "wiki_title": "Ed Wachter",
        "entity_id": "Q1282548"
    },
    {
        "query_id": "560_260",
        "wiki_title": "Guilherme Andrade",
        "entity_id": "Q1279052"
    },
    {
        "query_id": "560_261",
        "wiki_title": "Noëlle van Lottum",
        "entity_id": "Q511721"
    },
    {
        "query_id": "560_262",
        "wiki_title": "Abdoul Camara",
        "entity_id": "Q2530313"
    },
    {
        "query_id": "560_263",
        "wiki_title": "Szymon Szewczyk",
        "entity_id": "Q1888440"
    },
    {
        "query_id": "560_264",
        "wiki_title": "Elisabeta Guzganu-Tufan",
        "entity_id": "Q2603280"
    },
    {
        "query_id": "560_265",
        "wiki_title": "Enver Marić",
        "entity_id": "Q715882"
    },
    {
        "query_id": "560_266",
        "wiki_title": "Richard Varga (triathlete)",
        "entity_id": "Q125839"
    },
    {
        "query_id": "560_267",
        "wiki_title": "C.D. Federal",
        "entity_id": "Q5006046"
    },
    {
        "query_id": "560_268",
        "wiki_title": "Bence Balogh",
        "entity_id": "Q4886900"
    },
    {
        "query_id": "560_269",
        "wiki_title": "Tim Jackman",
        "entity_id": "Q438636"
    },
    {
        "query_id": "560_270",
        "wiki_title": "Andrew Blades",
        "entity_id": "Q2846568"
    },
    {
        "query_id": "560_271",
        "wiki_title": "Eric Snow",
        "entity_id": "Q930445"
    },
    {
        "query_id": "560_272",
        "wiki_title": "Mark Allen (triathlete)",
        "entity_id": "Q1388704"
    },
    {
        "query_id": "560_273",
        "wiki_title": "Steve Coppell",
        "entity_id": "Q438005"
    },
    {
        "query_id": "560_274",
        "wiki_title": "Cooper T65",
        "entity_id": "Q5167822"
    },
    {
        "query_id": "560_275",
        "wiki_title": "Bryan Schmidt",
        "entity_id": "Q4980358"
    },
    {
        "query_id": "560_276",
        "wiki_title": "Germany men's national handball team",
        "entity_id": "Q161047"
    },
    {
        "query_id": "560_277",
        "wiki_title": "Zaur Ramazanov",
        "entity_id": "Q2501059"
    },
    {
        "query_id": "560_278",
        "wiki_title": "David Nascimento",
        "entity_id": "Q2180988"
    },
    {
        "query_id": "560_279",
        "wiki_title": "Gerardo Galindo",
        "entity_id": "Q174551"
    },
    {
        "query_id": "560_280",
        "wiki_title": "KK Mašinac",
        "entity_id": "Q3191433"
    },
    {
        "query_id": "560_281",
        "wiki_title": "2004–05 Segunda División B",
        "entity_id": "Q931659"
    },
    {
        "query_id": "560_282",
        "wiki_title": "Pablo Aguilar (footballer, born 1984)",
        "entity_id": "Q17504750"
    },
    {
        "query_id": "560_283",
        "wiki_title": "Sava Paunović",
        "entity_id": "Q7427671"
    },
    {
        "query_id": "560_284",
        "wiki_title": "Östersunds FK",
        "entity_id": "Q306797"
    },
    {
        "query_id": "560_285",
        "wiki_title": "Slower ball",
        "entity_id": "Q7542151"
    },
    {
        "query_id": "560_286",
        "wiki_title": "Katie Taylor",
        "entity_id": "Q262699"
    },
    {
        "query_id": "560_287",
        "wiki_title": "Ayoze Díaz",
        "entity_id": "Q562383"
    },
    {
        "query_id": "560_288",
        "wiki_title": "1924–25 Arsenal F.C. season",
        "entity_id": "Q16245160"
    },
    {
        "query_id": "560_289",
        "wiki_title": "Daniel Harrwitz",
        "entity_id": "Q62035"
    },
    {
        "query_id": "560_290",
        "wiki_title": "Muhamed Konjić",
        "entity_id": "Q952722"
    },
    {
        "query_id": "560_291",
        "wiki_title": "Sam Loxton",
        "entity_id": "Q7407817"
    },
    {
        "query_id": "560_292",
        "wiki_title": "Vyacheslav Vedenin",
        "entity_id": "Q729031"
    },
    {
        "query_id": "560_293",
        "wiki_title": "Bobby Laing",
        "entity_id": "Q4935270"
    },
    {
        "query_id": "560_294",
        "wiki_title": "2008–09 National Indoor Soccer League season",
        "entity_id": "Q4612796"
    },
    {
        "query_id": "560_295",
        "wiki_title": "1994–95 Frauen-Bundesliga",
        "entity_id": "Q880548"
    },
    {
        "query_id": "560_296",
        "wiki_title": "Juan Hita",
        "entity_id": "Q9015726"
    },
    {
        "query_id": "560_297",
        "wiki_title": "Livia Altmann",
        "entity_id": "Q15803693"
    },
    {
        "query_id": "560_298",
        "wiki_title": "Granada Lions",
        "entity_id": "Q5594102"
    },
    {
        "query_id": "560_299",
        "wiki_title": "Francis (footballer, born 1981)",
        "entity_id": "Q2635435"
    },
    {
        "query_id": "560_300",
        "wiki_title": "José Luis Contaja",
        "entity_id": "Q6292742"
    },
    {
        "query_id": "560_301",
        "wiki_title": "Luis Maldonado (footballer, born 1985)",
        "entity_id": "Q6700500"
    },
    {
        "query_id": "560_302",
        "wiki_title": "Alexis Mendoza",
        "entity_id": "Q972611"
    },
    {
        "query_id": "560_303",
        "wiki_title": "Afyonkarahisarspor",
        "entity_id": "Q389629"
    },
    {
        "query_id": "560_304",
        "wiki_title": "Mohamad Korhani",
        "entity_id": "Q6890894"
    },
    {
        "query_id": "560_305",
        "wiki_title": "Canoeing at the 2014 Asian Games – Women's K-4 500 metres",
        "entity_id": "Q18386497"
    },
    {
        "query_id": "560_306",
        "wiki_title": "Andrés Bottiglieri",
        "entity_id": "Q4760159"
    },
    {
        "query_id": "560_307",
        "wiki_title": "Ernő Noskó",
        "entity_id": "Q1218682"
    },
    {
        "query_id": "560_308",
        "wiki_title": "Amdy Faye",
        "entity_id": "Q460512"
    },
    {
        "query_id": "560_309",
        "wiki_title": "Syarhey Ignatovich",
        "entity_id": "Q7659467"
    },
    {
        "query_id": "560_310",
        "wiki_title": "Hermann Gadner",
        "entity_id": "Q3101617"
    },
    {
        "query_id": "560_311",
        "wiki_title": "Mateo Pavlović",
        "entity_id": "Q71859"
    },
    {
        "query_id": "560_312",
        "wiki_title": "Radoslav Školník",
        "entity_id": "Q7281606"
    },
    {
        "query_id": "560_313",
        "wiki_title": "Cheltenham Town F.C.",
        "entity_id": "Q48932"
    },
    {
        "query_id": "560_314",
        "wiki_title": "Paulo Grilo",
        "entity_id": "Q7155222"
    },
    {
        "query_id": "560_315",
        "wiki_title": "Miljan Goljović",
        "entity_id": "Q1638755"
    },
    {
        "query_id": "560_316",
        "wiki_title": "Gábor Jánvári",
        "entity_id": "Q5625743"
    },
    {
        "query_id": "560_317",
        "wiki_title": "Izwan Mahbud",
        "entity_id": "Q1703329"
    },
    {
        "query_id": "560_318",
        "wiki_title": "Kateřina Nash",
        "entity_id": "Q742265"
    },
    {
        "query_id": "560_319",
        "wiki_title": "Farshad Falahatzadeh",
        "entity_id": "Q5436405"
    },
    {
        "query_id": "560_320",
        "wiki_title": "Carsten Hemmingsen",
        "entity_id": "Q2485811"
    },
    {
        "query_id": "560_321",
        "wiki_title": "Kim Sung-gan",
        "entity_id": "Q2522349"
    },
    {
        "query_id": "560_322",
        "wiki_title": "Artur Marciniak",
        "entity_id": "Q3624481"
    },
    {
        "query_id": "560_323",
        "wiki_title": "Jeffrey Aubynn",
        "entity_id": "Q187233"
    },
    {
        "query_id": "560_324",
        "wiki_title": "Luciano Lollo",
        "entity_id": "Q6696845"
    },
    {
        "query_id": "560_325",
        "wiki_title": "Cam Ward",
        "entity_id": "Q707642"
    },
    {
        "query_id": "560_326",
        "wiki_title": "1938 Wimbledon Championships – Women's Singles",
        "entity_id": "Q423171"
    },
    {
        "query_id": "560_327",
        "wiki_title": "Saimit Kabin United F.C.",
        "entity_id": "Q6640718"
    },
    {
        "query_id": "560_328",
        "wiki_title": "1995 Cook Islands Round Cup",
        "entity_id": "Q16837718"
    },
    {
        "query_id": "560_329",
        "wiki_title": "Mario Rigamonti",
        "entity_id": "Q1055773"
    },
    {
        "query_id": "560_330",
        "wiki_title": "Kuki (footballer)",
        "entity_id": "Q3960898"
    },
    {
        "query_id": "560_331",
        "wiki_title": "Cris Carter",
        "entity_id": "Q1140141"
    },
    {
        "query_id": "560_332",
        "wiki_title": "Gregor Balažic",
        "entity_id": "Q2579549"
    },
    {
        "query_id": "560_333",
        "wiki_title": "Hans Pieren",
        "entity_id": "Q686469"
    },
    {
        "query_id": "560_334",
        "wiki_title": "Adel Bousmal",
        "entity_id": "Q18939030"
    },
    {
        "query_id": "560_335",
        "wiki_title": "Mike van der Hoorn",
        "entity_id": "Q795493"
    },
    {
        "query_id": "560_336",
        "wiki_title": "Ugonna Onyekwe",
        "entity_id": "Q7877896"
    },
    {
        "query_id": "560_337",
        "wiki_title": "Scott Muirhead",
        "entity_id": "Q7436917"
    },
    {
        "query_id": "560_338",
        "wiki_title": "Deportivo San Pedro",
        "entity_id": "Q5260755"
    },
    {
        "query_id": "560_339",
        "wiki_title": "Shot (ice hockey)",
        "entity_id": "Q3306078"
    },
    {
        "query_id": "560_340",
        "wiki_title": "Congo women's national handball team",
        "entity_id": "Q3590652"
    },
    {
        "query_id": "560_341",
        "wiki_title": "Sofia Anker-Kofoed",
        "entity_id": "Q10673002"
    },
    {
        "query_id": "560_342",
        "wiki_title": "Kiribati men's national basketball team",
        "entity_id": "Q3873755"
    },
    {
        "query_id": "560_343",
        "wiki_title": "Sprawl (grappling)",
        "entity_id": "Q7580215"
    },
    {
        "query_id": "560_344",
        "wiki_title": "Rick Ley",
        "entity_id": "Q530015"
    },
    {
        "query_id": "560_345",
        "wiki_title": "Canton Bulldogs–Massillon Tigers betting scandal",
        "entity_id": "Q5033880"
    },
    {
        "query_id": "560_346",
        "wiki_title": "Samir Sarsare",
        "entity_id": "Q7409543"
    },
    {
        "query_id": "560_347",
        "wiki_title": "Turkish Seniors Open",
        "entity_id": "Q7855312"
    },
    {
        "query_id": "560_348",
        "wiki_title": "Njurunda SK",
        "entity_id": "Q1994341"
    },
    {
        "query_id": "560_349",
        "wiki_title": "Cam Brown (ice hockey)",
        "entity_id": "Q5024809"
    },
    {
        "query_id": "560_350",
        "wiki_title": "1991–92 Southend United F.C. season",
        "entity_id": "Q18589016"
    },
    {
        "query_id": "560_351",
        "wiki_title": "Wilson Rodrigues Fonseca",
        "entity_id": "Q2292579"
    },
    {
        "query_id": "560_352",
        "wiki_title": "Mike Edwards (footballer, born 1974)",
        "entity_id": "Q6846668"
    },
    {
        "query_id": "560_353",
        "wiki_title": "2009 Ukrainian Cup Final",
        "entity_id": "Q4615042"
    },
    {
        "query_id": "560_354",
        "wiki_title": "Christo van Rensburg",
        "entity_id": "Q1084238"
    },
    {
        "query_id": "560_355",
        "wiki_title": "Krasen Trifonov",
        "entity_id": "Q10492701"
    },
    {
        "query_id": "560_356",
        "wiki_title": "Tom Jordan (footballer)",
        "entity_id": "Q7816374"
    },
    {
        "query_id": "560_357",
        "wiki_title": "Lukáš Bodeček",
        "entity_id": "Q6702618"
    },
    {
        "query_id": "560_358",
        "wiki_title": "Deportivo Cali",
        "entity_id": "Q663400"
    },
    {
        "query_id": "560_359",
        "wiki_title": "Ernest Savard",
        "entity_id": "Q3057176"
    },
    {
        "query_id": "560_360",
        "wiki_title": "Huntsville Stars",
        "entity_id": "Q3497227"
    },
    {
        "query_id": "560_361",
        "wiki_title": "Ebrahim Asadi",
        "entity_id": "Q5331964"
    },
    {
        "query_id": "560_362",
        "wiki_title": "Layla Young",
        "entity_id": "Q6505603"
    },
    {
        "query_id": "560_363",
        "wiki_title": "Jeannot Gilbert",
        "entity_id": "Q3609051"
    },
    {
        "query_id": "560_364",
        "wiki_title": "David Campese",
        "entity_id": "Q1173922"
    },
    {
        "query_id": "560_365",
        "wiki_title": "Steal (basketball)",
        "entity_id": "Q1722555"
    },
    {
        "query_id": "560_366",
        "wiki_title": "Alexis Carra",
        "entity_id": "Q4721421"
    },
    {
        "query_id": "560_367",
        "wiki_title": "Roland Repiský",
        "entity_id": "Q7360402"
    },
    {
        "query_id": "560_368",
        "wiki_title": "Nigel Marples",
        "entity_id": "Q7032535"
    },
    {
        "query_id": "560_369",
        "wiki_title": "Valdemar Mota",
        "entity_id": "Q3553506"
    },
    {
        "query_id": "560_370",
        "wiki_title": "Stade d'Abidjan",
        "entity_id": "Q1653415"
    },
    {
        "query_id": "560_371",
        "wiki_title": "Marino Rahmberg",
        "entity_id": "Q731176"
    },
    {
        "query_id": "560_372",
        "wiki_title": "Marc Santo-Roman",
        "entity_id": "Q1658829"
    },
    {
        "query_id": "560_373",
        "wiki_title": "Ewen Fernandez",
        "entity_id": "Q1383028"
    },
    {
        "query_id": "560_374",
        "wiki_title": "James Coutts (footballer)",
        "entity_id": "Q6131805"
    },
    {
        "query_id": "560_375",
        "wiki_title": "Noumandiez Doué",
        "entity_id": "Q553226"
    },
    {
        "query_id": "560_376",
        "wiki_title": "Deontay Greenberry",
        "entity_id": "Q18705223"
    },
    {
        "query_id": "560_377",
        "wiki_title": "Houston Dynamo FC",
        "entity_id": "Q328313"
    },
    {
        "query_id": "560_378",
        "wiki_title": "Eran Biton",
        "entity_id": "Q17305699"
    },
    {
        "query_id": "560_379",
        "wiki_title": "Indianapolis 500",
        "entity_id": "Q8032"
    },
    {
        "query_id": "560_380",
        "wiki_title": "Sandar IL",
        "entity_id": "Q7415988"
    },
    {
        "query_id": "560_381",
        "wiki_title": "FK Mladost Bački Jarak",
        "entity_id": "Q3544952"
    },
    {
        "query_id": "560_382",
        "wiki_title": "Jamie White (footballer)",
        "entity_id": "Q6147623"
    },
    {
        "query_id": "560_383",
        "wiki_title": "Robbie Rouse",
        "entity_id": "Q7340987"
    },
    {
        "query_id": "560_384",
        "wiki_title": "2010 Hong Kong Super Series",
        "entity_id": "Q1626982"
    },
    {
        "query_id": "560_385",
        "wiki_title": "Fernando Baiano",
        "entity_id": "Q707463"
    },
    {
        "query_id": "560_386",
        "wiki_title": "Petr Bříza",
        "entity_id": "Q2001226"
    },
    {
        "query_id": "560_387",
        "wiki_title": "Macky Escalona",
        "entity_id": "Q8985191"
    },
    {
        "query_id": "560_388",
        "wiki_title": "Francesco Reda",
        "entity_id": "Q1338227"
    },
    {
        "query_id": "560_389",
        "wiki_title": "Pedro Ferreira-Mendes",
        "entity_id": "Q7159579"
    },
    {
        "query_id": "560_390",
        "wiki_title": "Hugo Rubio",
        "entity_id": "Q538311"
    },
    {
        "query_id": "560_391",
        "wiki_title": "E Sour El Ghozlane",
        "entity_id": "Q5324819"
    },
    {
        "query_id": "560_392",
        "wiki_title": "Adam Henley",
        "entity_id": "Q3604988"
    },
    {
        "query_id": "560_393",
        "wiki_title": "Jake Ballard",
        "entity_id": "Q3806266"
    },
    {
        "query_id": "560_394",
        "wiki_title": "1895 Home Nations Championship",
        "entity_id": "Q931070"
    },
    {
        "query_id": "560_395",
        "wiki_title": "Lek Kćira",
        "entity_id": "Q6520545"
    },
    {
        "query_id": "560_396",
        "wiki_title": "André Racicot",
        "entity_id": "Q2382412"
    },
    {
        "query_id": "560_397",
        "wiki_title": "Ivica Brzić",
        "entity_id": "Q2659979"
    },
    {
        "query_id": "560_398",
        "wiki_title": "Carlos Gómez (footballer, born 1952)",
        "entity_id": "Q203210"
    },
    {
        "query_id": "560_399",
        "wiki_title": "Richard Zedník",
        "entity_id": "Q722066"
    },
    {
        "query_id": "560_400",
        "wiki_title": "Face mask (gridiron football)",
        "entity_id": "Q3064085"
    },
    {
        "query_id": "560_401",
        "wiki_title": "Massimo Donati",
        "entity_id": "Q533727"
    },
    {
        "query_id": "560_402",
        "wiki_title": "Giorgio Venturin",
        "entity_id": "Q3765815"
    },
    {
        "query_id": "560_403",
        "wiki_title": "Stu Grimson",
        "entity_id": "Q446005"
    },
    {
        "query_id": "560_404",
        "wiki_title": "Daniel Manzato",
        "entity_id": "Q869773"
    },
    {
        "query_id": "560_405",
        "wiki_title": "Completion (American football)",
        "entity_id": "Q5156543"
    },
    {
        "query_id": "560_406",
        "wiki_title": "Stavros Stathakis",
        "entity_id": "Q3557249"
    },
    {
        "query_id": "560_407",
        "wiki_title": "1998–99 Slovenian Basketball League",
        "entity_id": "Q18345030"
    },
    {
        "query_id": "560_408",
        "wiki_title": "Reserve team",
        "entity_id": "Q2412834"
    },
    {
        "query_id": "560_409",
        "wiki_title": "John Parsons (footballer)",
        "entity_id": "Q6251994"
    },
    {
        "query_id": "560_410",
        "wiki_title": "List of Azerbaijan football transfers winter 2012",
        "entity_id": "Q6563095"
    },
    {
        "query_id": "560_411",
        "wiki_title": "Abdulhadi Khalaf (footballer)",
        "entity_id": "Q4665840"
    },
    {
        "query_id": "560_412",
        "wiki_title": "Josef Martínez",
        "entity_id": "Q2072675"
    },
    {
        "query_id": "560_413",
        "wiki_title": "VOKO-Irodion",
        "entity_id": "Q7907381"
    },
    {
        "query_id": "560_414",
        "wiki_title": "Paul Chapman (footballer, born 1951)",
        "entity_id": "Q16148201"
    },
    {
        "query_id": "560_415",
        "wiki_title": "National Stadium (Sierra Leone)",
        "entity_id": "Q1503980"
    },
    {
        "query_id": "560_416",
        "wiki_title": "Guyana women's national field hockey team",
        "entity_id": "Q16934617"
    },
    {
        "query_id": "560_417",
        "wiki_title": "Welling United F.C.",
        "entity_id": "Q955872"
    },
    {
        "query_id": "560_418",
        "wiki_title": "Atanas Atanasov (footballer, born 1969)",
        "entity_id": "Q12272534"
    },
    {
        "query_id": "560_419",
        "wiki_title": "Port Adelaide Football Club",
        "entity_id": "Q2738554"
    },
    {
        "query_id": "560_420",
        "wiki_title": "Romário Baldé",
        "entity_id": "Q17560726"
    },
    {
        "query_id": "560_421",
        "wiki_title": "John O'Brien (soccer)",
        "entity_id": "Q1332961"
    },
    {
        "query_id": "560_422",
        "wiki_title": "Abdoul Thiam",
        "entity_id": "Q4665161"
    },
    {
        "query_id": "560_423",
        "wiki_title": "Goalkeeper",
        "entity_id": "Q172964"
    },
    {
        "query_id": "560_424",
        "wiki_title": "Lobos BUAP Premier",
        "entity_id": "Q5978170"
    },
    {
        "query_id": "560_425",
        "wiki_title": "Harry Clay",
        "entity_id": "Q5667946"
    },
    {
        "query_id": "560_426",
        "wiki_title": "Roosevelt Chapman",
        "entity_id": "Q7366427"
    },
    {
        "query_id": "560_427",
        "wiki_title": "Henk Timmer",
        "entity_id": "Q334341"
    },
    {
        "query_id": "560_428",
        "wiki_title": "Joe Bretto",
        "entity_id": "Q6208784"
    },
    {
        "query_id": "560_429",
        "wiki_title": "The Maniacs",
        "entity_id": "Q18184116"
    },
    {
        "query_id": "560_430",
        "wiki_title": "Bennie Osler",
        "entity_id": "Q2896344"
    },
    {
        "query_id": "560_431",
        "wiki_title": "Pittsburgh Penguins",
        "entity_id": "Q193643"
    },
    {
        "query_id": "560_432",
        "wiki_title": "Maxwell Griffin",
        "entity_id": "Q6796104"
    },
    {
        "query_id": "560_433",
        "wiki_title": "St. Louis Blues",
        "entity_id": "Q207735"
    },
    {
        "query_id": "560_434",
        "wiki_title": "Yuri Koroviansky",
        "entity_id": "Q3573271"
    },
    {
        "query_id": "560_435",
        "wiki_title": "Kaisa Varis",
        "entity_id": "Q271105"
    },
    {
        "query_id": "560_436",
        "wiki_title": "Ron Douglas",
        "entity_id": "Q7363710"
    },
    {
        "query_id": "560_437",
        "wiki_title": "Graham Oates (footballer, born 1943)",
        "entity_id": "Q5593116"
    },
    {
        "query_id": "560_438",
        "wiki_title": "Edu Campabadal",
        "entity_id": "Q14609886"
    },
    {
        "query_id": "560_439",
        "wiki_title": "Albert Cox",
        "entity_id": "Q4709979"
    },
    {
        "query_id": "560_440",
        "wiki_title": "Neale McDermott",
        "entity_id": "Q6984229"
    },
    {
        "query_id": "560_441",
        "wiki_title": "Vinícius (footballer, born 1986)",
        "entity_id": "Q4013693"
    },
    {
        "query_id": "560_442",
        "wiki_title": "Amaury Sport Organisation",
        "entity_id": "Q372681"
    },
    {
        "query_id": "560_443",
        "wiki_title": "Bonus (basketball)",
        "entity_id": "Q4942650"
    },
    {
        "query_id": "560_444",
        "wiki_title": "Luka Glavas",
        "entity_id": "Q6701593"
    },
    {
        "query_id": "560_445",
        "wiki_title": "Noy Castillo",
        "entity_id": "Q12968756"
    },
    {
        "query_id": "560_446",
        "wiki_title": "Coventry City F.C.",
        "entity_id": "Q19580"
    },
    {
        "query_id": "560_447",
        "wiki_title": "Guo Ruilong",
        "entity_id": "Q9355356"
    },
    {
        "query_id": "560_448",
        "wiki_title": "Mehmet Gürkan Öztürk",
        "entity_id": "Q15715544"
    },
    {
        "query_id": "560_449",
        "wiki_title": "Kevin Colley",
        "entity_id": "Q6378776"
    },
    {
        "query_id": "560_450",
        "wiki_title": "Vancouver Whitecaps FC",
        "entity_id": "Q196107"
    },
    {
        "query_id": "560_451",
        "wiki_title": "1911–12 Scottish Cup",
        "entity_id": "Q2803599"
    },
    {
        "query_id": "560_452",
        "wiki_title": "2011–12 Athletic Bilbao season",
        "entity_id": "Q4623346"
    },
    {
        "query_id": "560_453",
        "wiki_title": "Chaker Zouaghi",
        "entity_id": "Q951653"
    },
    {
        "query_id": "560_454",
        "wiki_title": "Gridiron Australia",
        "entity_id": "Q3091510"
    },
    {
        "query_id": "560_455",
        "wiki_title": "Margaret Court",
        "entity_id": "Q202342"
    },
    {
        "query_id": "560_456",
        "wiki_title": "Hanworth Villa F.C.",
        "entity_id": "Q5327771"
    },
    {
        "query_id": "560_457",
        "wiki_title": "Nicolaas Cortlever",
        "entity_id": "Q1350763"
    },
    {
        "query_id": "560_458",
        "wiki_title": "American Basketball League (1996–1998)",
        "entity_id": "Q463520"
    },
    {
        "query_id": "560_459",
        "wiki_title": "Mario Aguilar (footballer)",
        "entity_id": "Q6764515"
    },
    {
        "query_id": "560_460",
        "wiki_title": "Marko Vidović",
        "entity_id": "Q6771275"
    },
    {
        "query_id": "560_461",
        "wiki_title": "Grip (badminton)",
        "entity_id": "Q765912"
    },
    {
        "query_id": "560_462",
        "wiki_title": "Drew Nicholas",
        "entity_id": "Q718794"
    },
    {
        "query_id": "560_463",
        "wiki_title": "Hwang Byung-ju",
        "entity_id": "Q5951871"
    },
    {
        "query_id": "560_464",
        "wiki_title": "Mark Smalley",
        "entity_id": "Q6769759"
    },
    {
        "query_id": "560_465",
        "wiki_title": "Nobuhiro Ishizaki",
        "entity_id": "Q4283187"
    },
    {
        "query_id": "560_466",
        "wiki_title": "Michal Vacek",
        "entity_id": "Q16753311"
    },
    {
        "query_id": "560_467",
        "wiki_title": "Ri Yong-jik",
        "entity_id": "Q15402035"
    },
    {
        "query_id": "560_468",
        "wiki_title": "1899 Wisconsin Badgers football team",
        "entity_id": "Q4557429"
    },
    {
        "query_id": "560_469",
        "wiki_title": "Ceyda Aktaş",
        "entity_id": "Q432213"
    },
    {
        "query_id": "560_470",
        "wiki_title": "Colombian Cycling Federation",
        "entity_id": "Q5147929"
    },
    {
        "query_id": "560_471",
        "wiki_title": "1920–21 Northern Football League",
        "entity_id": "Q4560958"
    },
    {
        "query_id": "560_472",
        "wiki_title": "Larissa Volpert",
        "entity_id": "Q2393163"
    },
    {
        "query_id": "560_473",
        "wiki_title": "Damla Çakıroğlu",
        "entity_id": "Q3012914"
    },
    {
        "query_id": "560_474",
        "wiki_title": "Madison (cycling)",
        "entity_id": "Q2596614"
    },
    {
        "query_id": "560_475",
        "wiki_title": "Nelson Semperena",
        "entity_id": "Q6990740"
    },
    {
        "query_id": "560_476",
        "wiki_title": "Waltteri Immonen",
        "entity_id": "Q3139022"
    },
    {
        "query_id": "560_477",
        "wiki_title": "James Rodríguez",
        "entity_id": "Q368441"
    },
    {
        "query_id": "560_478",
        "wiki_title": "McPherson Meade",
        "entity_id": "Q6802594"
    },
    {
        "query_id": "560_479",
        "wiki_title": "1995–96 Norwich City F.C. season",
        "entity_id": "Q18127111"
    },
    {
        "query_id": "560_480",
        "wiki_title": "King's Indian Defence",
        "entity_id": "Q899932"
    },
    {
        "query_id": "560_481",
        "wiki_title": "Jakob Friis-Hansen",
        "entity_id": "Q2640528"
    },
    {
        "query_id": "560_482",
        "wiki_title": "Université Nationale du Bénin FC",
        "entity_id": "Q18068900"
    },
    {
        "query_id": "560_483",
        "wiki_title": "Doncaster Rovers F.C.",
        "entity_id": "Q19589"
    },
    {
        "query_id": "560_484",
        "wiki_title": "Roberto Kettlun",
        "entity_id": "Q1277563"
    },
    {
        "query_id": "560_485",
        "wiki_title": "George Milburn",
        "entity_id": "Q5542472"
    },
    {
        "query_id": "560_486",
        "wiki_title": "Diego Polenta",
        "entity_id": "Q2499709"
    },
    {
        "query_id": "560_487",
        "wiki_title": "Pato Margetic",
        "entity_id": "Q7145967"
    },
    {
        "query_id": "560_488",
        "wiki_title": "1973 Alabama Crimson Tide football team",
        "entity_id": "Q16949470"
    },
    {
        "query_id": "560_489",
        "wiki_title": "2012 Uzbekistan First League",
        "entity_id": "Q4627147"
    },
    {
        "query_id": "560_490",
        "wiki_title": "First division (baseball)",
        "entity_id": "Q5454157"
    },
    {
        "query_id": "560_491",
        "wiki_title": "Peter Bircumshaw",
        "entity_id": "Q7172824"
    },
    {
        "query_id": "560_492",
        "wiki_title": "Nevio de Zordo",
        "entity_id": "Q955592"
    },
    {
        "query_id": "560_493",
        "wiki_title": "Wojciech Jarmuż",
        "entity_id": "Q4020624"
    },
    {
        "query_id": "560_494",
        "wiki_title": "Ricardo González (footballer, born 1965)",
        "entity_id": "Q3934280"
    },
    {
        "query_id": "560_495",
        "wiki_title": "Danilinho (footballer, born 1987)",
        "entity_id": "Q616009"
    },
    {
        "query_id": "560_496",
        "wiki_title": "Bernadette Szőcs",
        "entity_id": "Q16237036"
    },
    {
        "query_id": "560_497",
        "wiki_title": "Dimitri Pätzold",
        "entity_id": "Q68416"
    },
    {
        "query_id": "560_498",
        "wiki_title": "Scuderia Toro Rosso",
        "entity_id": "Q141818"
    },
    {
        "query_id": "560_499",
        "wiki_title": "Iowa Wild",
        "entity_id": "Q11753937"
    },
    {
        "query_id": "560_500",
        "wiki_title": "Miroslav Milutinović",
        "entity_id": "Q6874010"
    },
    {
        "query_id": "560_501",
        "wiki_title": "Best (footballer, born 1968)",
        "entity_id": "Q4896547"
    },
    {
        "query_id": "560_502",
        "wiki_title": "Jerry West",
        "entity_id": "Q311195"
    },
    {
        "query_id": "560_503",
        "wiki_title": "Cassiá",
        "entity_id": "Q10308048"
    },
    {
        "query_id": "560_504",
        "wiki_title": "2014 UMass Minutemen football team",
        "entity_id": "Q16973346"
    },
    {
        "query_id": "560_505",
        "wiki_title": "Chertsey Town F.C.",
        "entity_id": "Q5092593"
    },
    {
        "query_id": "560_506",
        "wiki_title": "James Haskell",
        "entity_id": "Q503407"
    },
    {
        "query_id": "560_507",
        "wiki_title": "Ralph Black (soccer)",
        "entity_id": "Q7287251"
    },
    {
        "query_id": "560_508",
        "wiki_title": "Handball Sport Verein Hamburg",
        "entity_id": "Q615848"
    },
    {
        "query_id": "560_509",
        "wiki_title": "Billy Dennehy",
        "entity_id": "Q2903620"
    },
    {
        "query_id": "560_510",
        "wiki_title": "Adrian Olah",
        "entity_id": "Q2825043"
    },
    {
        "query_id": "560_511",
        "wiki_title": "Ari (footballer, born 1980)",
        "entity_id": "Q2256072"
    },
    {
        "query_id": "560_512",
        "wiki_title": "Billy Lumley",
        "entity_id": "Q4912916"
    },
    {
        "query_id": "560_513",
        "wiki_title": "Ondřej Kušnír",
        "entity_id": "Q2425716"
    },
    {
        "query_id": "560_514",
        "wiki_title": "Mai Văn Hòa",
        "entity_id": "Q1747187"
    },
    {
        "query_id": "560_515",
        "wiki_title": "2010 Veikkausliiga",
        "entity_id": "Q1083360"
    },
    {
        "query_id": "560_516",
        "wiki_title": "Didi (footballer, born 1994)",
        "entity_id": "Q18638001"
    },
    {
        "query_id": "560_517",
        "wiki_title": "Christos Koutsospyros",
        "entity_id": "Q5113556"
    },
    {
        "query_id": "560_518",
        "wiki_title": "Ditte Kotzian",
        "entity_id": "Q78020"
    },
    {
        "query_id": "560_519",
        "wiki_title": "Run batted in",
        "entity_id": "Q1154724"
    },
    {
        "query_id": "560_520",
        "wiki_title": "Ademar Xavier",
        "entity_id": "Q4682130"
    },
    {
        "query_id": "560_521",
        "wiki_title": "Ball (rhythmic gymnastics)",
        "entity_id": "Q2356340"
    },
    {
        "query_id": "560_522",
        "wiki_title": "NK Zreče",
        "entity_id": "Q9194680"
    },
    {
        "query_id": "560_523",
        "wiki_title": "Jukka Tammi",
        "entity_id": "Q731719"
    },
    {
        "query_id": "560_524",
        "wiki_title": "Vitālijs Astafjevs",
        "entity_id": "Q362955"
    },
    {
        "query_id": "560_525",
        "wiki_title": "George Douglas (footballer)",
        "entity_id": "Q5538598"
    },
    {
        "query_id": "560_526",
        "wiki_title": "Ernest Street",
        "entity_id": "Q16066930"
    },
    {
        "query_id": "560_527",
        "wiki_title": "Mr. Olympia",
        "entity_id": "Q271725"
    },
    {
        "query_id": "560_528",
        "wiki_title": "St. Louis Cardinals",
        "entity_id": "Q504309"
    },
    {
        "query_id": "560_529",
        "wiki_title": "Juan Carlos Stauskas",
        "entity_id": "Q794483"
    },
    {
        "query_id": "560_530",
        "wiki_title": "2011 Chatham Cup",
        "entity_id": "Q4620709"
    },
    {
        "query_id": "560_531",
        "wiki_title": "1990–91 Saudi Premier League",
        "entity_id": "Q2949083"
    },
    {
        "query_id": "560_532",
        "wiki_title": "Christian Lee",
        "entity_id": "Q5109837"
    },
    {
        "query_id": "560_533",
        "wiki_title": "Maltese Women's Cup",
        "entity_id": "Q3000064"
    },
    {
        "query_id": "560_534",
        "wiki_title": "FK Radnički Pirot",
        "entity_id": "Q3063283"
    },
    {
        "query_id": "560_535",
        "wiki_title": "2009 Atlantic Coast Conference Baseball Tournament",
        "entity_id": "Q4613285"
    },
    {
        "query_id": "560_536",
        "wiki_title": "Timon Dobias",
        "entity_id": "Q7806926"
    },
    {
        "query_id": "560_537",
        "wiki_title": "János Farkas",
        "entity_id": "Q379345"
    },
    {
        "query_id": "560_538",
        "wiki_title": "Mutanda Kwesele",
        "entity_id": "Q10514852"
    },
    {
        "query_id": "560_539",
        "wiki_title": "History of Melbourne Knights FC",
        "entity_id": "Q5865469"
    },
    {
        "query_id": "560_540",
        "wiki_title": "Marc Hérold Gracien",
        "entity_id": "Q3845367"
    },
    {
        "query_id": "560_541",
        "wiki_title": "Bob Lanier",
        "entity_id": "Q888056"
    },
    {
        "query_id": "560_542",
        "wiki_title": "Barrie Aitchison",
        "entity_id": "Q10555078"
    },
    {
        "query_id": "560_543",
        "wiki_title": "Leyton Orient F.C.",
        "entity_id": "Q19595"
    },
    {
        "query_id": "560_544",
        "wiki_title": "Jean (footballer, born 1986)",
        "entity_id": "Q506861"
    },
    {
        "query_id": "560_545",
        "wiki_title": "Wallidan FC",
        "entity_id": "Q1788968"
    },
    {
        "query_id": "560_546",
        "wiki_title": "Oyanaisis Gelis",
        "entity_id": "Q7116230"
    }
]