[
    {
        "query_id": "97_0",
        "wiki_title": "Prague",
        "entity_id": "Q1085"
    },
    {
        "query_id": "97_1",
        "wiki_title": "Howard, South Dakota",
        "entity_id": "Q2089472"
    },
    {
        "query_id": "97_2",
        "wiki_title": "Brisbane",
        "entity_id": "Q34932"
    },
    {
        "query_id": "97_3",
        "wiki_title": "Stockholm",
        "entity_id": "Q1754"
    },
    {
        "query_id": "97_4",
        "wiki_title": "Halebidu",
        "entity_id": "Q1013556"
    },
    {
        "query_id": "97_5",
        "wiki_title": "Madrid",
        "entity_id": "Q2807"
    },
    {
        "query_id": "97_6",
        "wiki_title": "Tokyo",
        "entity_id": "Q1490"
    },
    {
        "query_id": "97_7",
        "wiki_title": "Kyelang",
        "entity_id": "Q932399"
    },
    {
        "query_id": "97_8",
        "wiki_title": "Turin",
        "entity_id": "Q495"
    },
    {
        "query_id": "97_9",
        "wiki_title": "Miller, South Dakota",
        "entity_id": "Q2474066"
    },
    {
        "query_id": "97_10",
        "wiki_title": "Port Elizabeth",
        "entity_id": "Q125434"
    },
    {
        "query_id": "97_11",
        "wiki_title": "Dai (Sixteen Kingdoms)",
        "entity_id": "Q1149098"
    },
    {
        "query_id": "97_12",
        "wiki_title": "Harare",
        "entity_id": "Q3921"
    },
    {
        "query_id": "97_13",
        "wiki_title": "Ye (Hebei)",
        "entity_id": "Q1274372"
    },
    {
        "query_id": "97_14",
        "wiki_title": "Kuala Lumpur",
        "entity_id": "Q1865"
    },
    {
        "query_id": "97_15",
        "wiki_title": "City of Brussels",
        "entity_id": "Q239"
    },
    {
        "query_id": "97_16",
        "wiki_title": "Providence, Rhode Island",
        "entity_id": "Q18383"
    },
    {
        "query_id": "97_17",
        "wiki_title": "Ufa",
        "entity_id": "Q911"
    },
    {
        "query_id": "97_18",
        "wiki_title": "Hanover",
        "entity_id": "Q1715"
    },
    {
        "query_id": "97_19",
        "wiki_title": "Ronneby",
        "entity_id": "Q823785"
    },
    {
        "query_id": "97_20",
        "wiki_title": "Ottawa",
        "entity_id": "Q1930"
    },
    {
        "query_id": "97_21",
        "wiki_title": "Athens",
        "entity_id": "Q1524"
    },
    {
        "query_id": "97_22",
        "wiki_title": "Frederick, Oklahoma",
        "entity_id": "Q165941"
    },
    {
        "query_id": "97_23",
        "wiki_title": "Cape Town",
        "entity_id": "Q5465"
    },
    {
        "query_id": "97_24",
        "wiki_title": "Xi'an",
        "entity_id": "Q5826"
    },
    {
        "query_id": "97_25",
        "wiki_title": "Magdeburg",
        "entity_id": "Q1733"
    },
    {
        "query_id": "97_26",
        "wiki_title": "Kabul",
        "entity_id": "Q5838"
    },
    {
        "query_id": "97_27",
        "wiki_title": "Westminster",
        "entity_id": "Q189960"
    },
    {
        "query_id": "97_28",
        "wiki_title": "Archer City, Texas",
        "entity_id": "Q632687"
    },
    {
        "query_id": "97_29",
        "wiki_title": "Milan",
        "entity_id": "Q490"
    },
    {
        "query_id": "97_30",
        "wiki_title": "Ufa",
        "entity_id": "Q911"
    },
    {
        "query_id": "97_31",
        "wiki_title": "San Bernardo, Chile",
        "entity_id": "Q56136"
    },
    {
        "query_id": "97_32",
        "wiki_title": "Philadelphia",
        "entity_id": "Q1345"
    },
    {
        "query_id": "97_33",
        "wiki_title": "The Valley, Anguilla",
        "entity_id": "Q30994"
    },
    {
        "query_id": "97_34",
        "wiki_title": "Ecbatana",
        "entity_id": "Q696193"
    },
    {
        "query_id": "97_35",
        "wiki_title": "Beijing",
        "entity_id": "Q956"
    },
    {
        "query_id": "97_36",
        "wiki_title": "Deggendorf",
        "entity_id": "Q16083"
    },
    {
        "query_id": "97_37",
        "wiki_title": "Garissa",
        "entity_id": "Q845717"
    },
    {
        "query_id": "97_38",
        "wiki_title": "Cape Town",
        "entity_id": "Q5465"
    },
    {
        "query_id": "97_39",
        "wiki_title": "Alessandria",
        "entity_id": "Q6088"
    },
    {
        "query_id": "97_40",
        "wiki_title": "Ghent",
        "entity_id": "Q1296"
    },
    {
        "query_id": "97_41",
        "wiki_title": "Kaberamaido",
        "entity_id": "Q2692015"
    },
    {
        "query_id": "97_42",
        "wiki_title": "Naval, Biliran",
        "entity_id": "Q277211"
    },
    {
        "query_id": "97_43",
        "wiki_title": "Barcelona",
        "entity_id": "Q1492"
    },
    {
        "query_id": "97_44",
        "wiki_title": "Lusaka",
        "entity_id": "Q3881"
    },
    {
        "query_id": "97_45",
        "wiki_title": "Charlottenlund",
        "entity_id": "Q1373658"
    },
    {
        "query_id": "97_46",
        "wiki_title": "Tank, Pakistan",
        "entity_id": "Q2605521"
    },
    {
        "query_id": "97_47",
        "wiki_title": "Los Angeles",
        "entity_id": "Q65"
    },
    {
        "query_id": "97_48",
        "wiki_title": "Odense",
        "entity_id": "Q25331"
    },
    {
        "query_id": "97_49",
        "wiki_title": "Singapore",
        "entity_id": "Q334"
    },
    {
        "query_id": "97_50",
        "wiki_title": "Osh",
        "entity_id": "Q47282"
    },
    {
        "query_id": "97_51",
        "wiki_title": "Mbabane",
        "entity_id": "Q3904"
    },
    {
        "query_id": "97_52",
        "wiki_title": "Mumbai",
        "entity_id": "Q1156"
    },
    {
        "query_id": "97_53",
        "wiki_title": "Stari Ras",
        "entity_id": "Q917814"
    },
    {
        "query_id": "97_54",
        "wiki_title": "Vienna",
        "entity_id": "Q1741"
    },
    {
        "query_id": "97_55",
        "wiki_title": "Milan",
        "entity_id": "Q490"
    },
    {
        "query_id": "97_56",
        "wiki_title": "Saint Paul, Minnesota",
        "entity_id": "Q28848"
    },
    {
        "query_id": "97_57",
        "wiki_title": "Busia, Uganda",
        "entity_id": "Q1280038"
    },
    {
        "query_id": "97_58",
        "wiki_title": "Phoenix, Arizona",
        "entity_id": "Q16556"
    },
    {
        "query_id": "97_59",
        "wiki_title": "Athens",
        "entity_id": "Q1524"
    },
    {
        "query_id": "97_60",
        "wiki_title": "Minneapolis, Kansas",
        "entity_id": "Q1931546"
    },
    {
        "query_id": "97_61",
        "wiki_title": "Nancy, France",
        "entity_id": "Q40898"
    },
    {
        "query_id": "97_62",
        "wiki_title": "Sunshine, Victoria",
        "entity_id": "Q7641406"
    },
    {
        "query_id": "97_63",
        "wiki_title": "Columbia, South Carolina",
        "entity_id": "Q38453"
    },
    {
        "query_id": "97_64",
        "wiki_title": "Chang'an",
        "entity_id": "Q6501000"
    },
    {
        "query_id": "97_65",
        "wiki_title": "Montana, Bulgaria",
        "entity_id": "Q220121"
    },
    {
        "query_id": "97_66",
        "wiki_title": "Rodez",
        "entity_id": "Q188780"
    },
    {
        "query_id": "97_67",
        "wiki_title": "Prague",
        "entity_id": "Q1085"
    },
    {
        "query_id": "97_68",
        "wiki_title": "Mendoza, Argentina",
        "entity_id": "Q44237"
    },
    {
        "query_id": "97_69",
        "wiki_title": "Alessandria",
        "entity_id": "Q6088"
    },
    {
        "query_id": "97_70",
        "wiki_title": "Pataliputra",
        "entity_id": "Q389755"
    },
    {
        "query_id": "97_71",
        "wiki_title": "Tura, Krasnoyarsk Krai",
        "entity_id": "Q997040"
    },
    {
        "query_id": "97_72",
        "wiki_title": "Krushari",
        "entity_id": "Q2990389"
    },
    {
        "query_id": "97_73",
        "wiki_title": "Vienna",
        "entity_id": "Q1741"
    },
    {
        "query_id": "97_74",
        "wiki_title": "Lutsk",
        "entity_id": "Q7550"
    },
    {
        "query_id": "97_75",
        "wiki_title": "Rome",
        "entity_id": "Q220"
    },
    {
        "query_id": "97_76",
        "wiki_title": "New York City",
        "entity_id": "Q60"
    },
    {
        "query_id": "97_77",
        "wiki_title": "Mexico City",
        "entity_id": "Q1489"
    },
    {
        "query_id": "97_78",
        "wiki_title": "Chbar Mon (town)",
        "entity_id": "Q2344811"
    },
    {
        "query_id": "97_79",
        "wiki_title": "Jordan, Guimaras",
        "entity_id": "Q313802"
    },
    {
        "query_id": "97_80",
        "wiki_title": "London",
        "entity_id": "Q84"
    },
    {
        "query_id": "97_81",
        "wiki_title": "Jerusalem",
        "entity_id": "Q1218"
    },
    {
        "query_id": "97_82",
        "wiki_title": "Teramo",
        "entity_id": "Q13137"
    },
    {
        "query_id": "97_83",
        "wiki_title": "Madison, Wisconsin",
        "entity_id": "Q43788"
    },
    {
        "query_id": "97_84",
        "wiki_title": "Budapest",
        "entity_id": "Q1781"
    },
    {
        "query_id": "97_85",
        "wiki_title": "Naka-ku, Yokohama",
        "entity_id": "Q1141068"
    },
    {
        "query_id": "97_86",
        "wiki_title": "Lake City, Colorado",
        "entity_id": "Q2278225"
    },
    {
        "query_id": "97_87",
        "wiki_title": "Tyler, Texas",
        "entity_id": "Q499169"
    },
    {
        "query_id": "97_88",
        "wiki_title": "Washington, North Carolina",
        "entity_id": "Q1026008"
    },
    {
        "query_id": "97_89",
        "wiki_title": "Rio de Janeiro",
        "entity_id": "Q8678"
    },
    {
        "query_id": "97_90",
        "wiki_title": "Hamilton, Bermuda",
        "entity_id": "Q30985"
    },
    {
        "query_id": "97_91",
        "wiki_title": "Totskoye",
        "entity_id": "Q2024266"
    },
    {
        "query_id": "97_92",
        "wiki_title": "Windsor, Ontario",
        "entity_id": "Q182625"
    },
    {
        "query_id": "97_93",
        "wiki_title": "Hallsberg",
        "entity_id": "Q1001505"
    },
    {
        "query_id": "97_94",
        "wiki_title": "Dharamshala",
        "entity_id": "Q186182"
    },
    {
        "query_id": "97_95",
        "wiki_title": "Beijing",
        "entity_id": "Q956"
    },
    {
        "query_id": "97_96",
        "wiki_title": "Bryan, Texas",
        "entity_id": "Q695556"
    },
    {
        "query_id": "97_97",
        "wiki_title": "Athens",
        "entity_id": "Q1524"
    },
    {
        "query_id": "97_98",
        "wiki_title": "Perth",
        "entity_id": "Q3183"
    },
    {
        "query_id": "97_99",
        "wiki_title": "Ramla",
        "entity_id": "Q221447"
    },
    {
        "query_id": "97_100",
        "wiki_title": "Stockholm",
        "entity_id": "Q1754"
    },
    {
        "query_id": "97_101",
        "wiki_title": "Sacramento, California",
        "entity_id": "Q18013"
    },
    {
        "query_id": "97_102",
        "wiki_title": "Chennai",
        "entity_id": "Q1352"
    },
    {
        "query_id": "97_103",
        "wiki_title": "Gap, Hautes-Alpes",
        "entity_id": "Q175081"
    },
    {
        "query_id": "97_104",
        "wiki_title": "Washington, D.C.",
        "entity_id": "Q61"
    },
    {
        "query_id": "97_105",
        "wiki_title": "Nikolsk, Vologda Oblast",
        "entity_id": "Q173047"
    },
    {
        "query_id": "97_106",
        "wiki_title": "Lille",
        "entity_id": "Q648"
    },
    {
        "query_id": "97_107",
        "wiki_title": "Sion, Switzerland",
        "entity_id": "Q68136"
    },
    {
        "query_id": "97_108",
        "wiki_title": "Nan, Thailand",
        "entity_id": "Q1014345"
    },
    {
        "query_id": "97_109",
        "wiki_title": "Mati, Davao Oriental",
        "entity_id": "Q314686"
    },
    {
        "query_id": "97_110",
        "wiki_title": "Sala, Sweden",
        "entity_id": "Q930262"
    },
    {
        "query_id": "97_111",
        "wiki_title": "Bad Ems",
        "entity_id": "Q490670"
    },
    {
        "query_id": "97_112",
        "wiki_title": "Turin",
        "entity_id": "Q495"
    },
    {
        "query_id": "97_113",
        "wiki_title": "Jefferson, North Carolina",
        "entity_id": "Q2029233"
    },
    {
        "query_id": "97_114",
        "wiki_title": "Osu, Accra",
        "entity_id": "Q1752686"
    },
    {
        "query_id": "97_115",
        "wiki_title": "Edo",
        "entity_id": "Q215646"
    },
    {
        "query_id": "97_116",
        "wiki_title": "Ho Chi Minh City",
        "entity_id": "Q1854"
    },
    {
        "query_id": "97_117",
        "wiki_title": "Zhengzhou",
        "entity_id": "Q30340"
    },
    {
        "query_id": "97_118",
        "wiki_title": "City of London",
        "entity_id": "Q23311"
    },
    {
        "query_id": "97_119",
        "wiki_title": "City of Brussels",
        "entity_id": "Q239"
    },
    {
        "query_id": "97_120",
        "wiki_title": "Most (city)",
        "entity_id": "Q146363"
    },
    {
        "query_id": "97_121",
        "wiki_title": "Miami, Oklahoma",
        "entity_id": "Q2350102"
    },
    {
        "query_id": "97_122",
        "wiki_title": "Karachi",
        "entity_id": "Q8660"
    },
    {
        "query_id": "97_123",
        "wiki_title": "Pordenone",
        "entity_id": "Q6606"
    },
    {
        "query_id": "97_124",
        "wiki_title": "Kuwait City",
        "entity_id": "Q35178"
    },
    {
        "query_id": "97_125",
        "wiki_title": "Delhi",
        "entity_id": "Q1353"
    },
    {
        "query_id": "97_126",
        "wiki_title": "Stockholm",
        "entity_id": "Q1754"
    },
    {
        "query_id": "97_127",
        "wiki_title": "Denver",
        "entity_id": "Q16554"
    },
    {
        "query_id": "97_128",
        "wiki_title": "Højby",
        "entity_id": "Q987338"
    },
    {
        "query_id": "97_129",
        "wiki_title": "Clanwilliam, Western Cape",
        "entity_id": "Q1025657"
    },
    {
        "query_id": "97_130",
        "wiki_title": "Mito, Ibaraki",
        "entity_id": "Q204249"
    },
    {
        "query_id": "97_131",
        "wiki_title": "Winner, South Dakota",
        "entity_id": "Q930440"
    },
    {
        "query_id": "97_132",
        "wiki_title": "Gregory, South Dakota",
        "entity_id": "Q2171759"
    },
    {
        "query_id": "97_133",
        "wiki_title": "Wa, Ghana",
        "entity_id": "Q250733"
    },
    {
        "query_id": "97_134",
        "wiki_title": "Stockholm",
        "entity_id": "Q1754"
    },
    {
        "query_id": "97_135",
        "wiki_title": "Lima",
        "entity_id": "Q2868"
    },
    {
        "query_id": "97_136",
        "wiki_title": "Freetown",
        "entity_id": "Q3780"
    },
    {
        "query_id": "97_137",
        "wiki_title": "Harare",
        "entity_id": "Q3921"
    },
    {
        "query_id": "97_138",
        "wiki_title": "Kingisepp",
        "entity_id": "Q15270"
    },
    {
        "query_id": "97_139",
        "wiki_title": "Brussels",
        "entity_id": "Q240"
    },
    {
        "query_id": "97_140",
        "wiki_title": "Babylon",
        "entity_id": "Q5684"
    },
    {
        "query_id": "97_141",
        "wiki_title": "Pavlovsky Posad",
        "entity_id": "Q177908"
    },
    {
        "query_id": "97_142",
        "wiki_title": "Palembang",
        "entity_id": "Q8131"
    },
    {
        "query_id": "97_143",
        "wiki_title": "Vienna",
        "entity_id": "Q1741"
    },
    {
        "query_id": "97_144",
        "wiki_title": "Kozan, Adana",
        "entity_id": "Q926426"
    },
    {
        "query_id": "97_145",
        "wiki_title": "Atlanta",
        "entity_id": "Q23556"
    },
    {
        "query_id": "97_146",
        "wiki_title": "Iba, Zambales",
        "entity_id": "Q56566"
    },
    {
        "query_id": "97_147",
        "wiki_title": "Saga (city)",
        "entity_id": "Q209766"
    },
    {
        "query_id": "97_148",
        "wiki_title": "Harare",
        "entity_id": "Q3921"
    },
    {
        "query_id": "97_149",
        "wiki_title": "Quebec City",
        "entity_id": "Q2145"
    },
    {
        "query_id": "97_150",
        "wiki_title": "Florence",
        "entity_id": "Q2044"
    },
    {
        "query_id": "97_151",
        "wiki_title": "Magdeburg",
        "entity_id": "Q1733"
    },
    {
        "query_id": "97_152",
        "wiki_title": "Jackson, Mississippi",
        "entity_id": "Q28198"
    },
    {
        "query_id": "97_153",
        "wiki_title": "Boston, Texas",
        "entity_id": "Q3020365"
    },
    {
        "query_id": "97_154",
        "wiki_title": "Minas, Uruguay",
        "entity_id": "Q868205"
    },
    {
        "query_id": "97_155",
        "wiki_title": "Pierre, South Dakota",
        "entity_id": "Q40747"
    },
    {
        "query_id": "97_156",
        "wiki_title": "Preston, Victoria",
        "entity_id": "Q1471471"
    },
    {
        "query_id": "97_157",
        "wiki_title": "Seminole, Texas",
        "entity_id": "Q502024"
    },
    {
        "query_id": "97_158",
        "wiki_title": "Tours",
        "entity_id": "Q288"
    },
    {
        "query_id": "97_159",
        "wiki_title": "Jerusalem",
        "entity_id": "Q1218"
    },
    {
        "query_id": "97_160",
        "wiki_title": "Rome",
        "entity_id": "Q220"
    },
    {
        "query_id": "97_161",
        "wiki_title": "Adelaide",
        "entity_id": "Q5112"
    },
    {
        "query_id": "97_162",
        "wiki_title": "London",
        "entity_id": "Q84"
    },
    {
        "query_id": "97_163",
        "wiki_title": "Florence",
        "entity_id": "Q2044"
    },
    {
        "query_id": "97_164",
        "wiki_title": "Jayapura",
        "entity_id": "Q27860"
    },
    {
        "query_id": "97_165",
        "wiki_title": "Sydney",
        "entity_id": "Q3130"
    },
    {
        "query_id": "97_166",
        "wiki_title": "Ica, Peru",
        "entity_id": "Q840712"
    },
    {
        "query_id": "97_167",
        "wiki_title": "Jerusalem",
        "entity_id": "Q1218"
    },
    {
        "query_id": "97_168",
        "wiki_title": "Vienna",
        "entity_id": "Q1741"
    },
    {
        "query_id": "97_169",
        "wiki_title": "Algiers",
        "entity_id": "Q3561"
    },
    {
        "query_id": "97_170",
        "wiki_title": "Muskogee, Oklahoma",
        "entity_id": "Q524233"
    },
    {
        "query_id": "97_171",
        "wiki_title": "Asti",
        "entity_id": "Q6122"
    },
    {
        "query_id": "97_172",
        "wiki_title": "Kluczewsko",
        "entity_id": "Q2880000"
    },
    {
        "query_id": "97_173",
        "wiki_title": "Austin, Texas",
        "entity_id": "Q16559"
    },
    {
        "query_id": "97_174",
        "wiki_title": "Jesús, Peru",
        "entity_id": "Q125646"
    },
    {
        "query_id": "97_175",
        "wiki_title": "Rio de Janeiro",
        "entity_id": "Q8678"
    },
    {
        "query_id": "97_176",
        "wiki_title": "London",
        "entity_id": "Q84"
    },
    {
        "query_id": "97_177",
        "wiki_title": "City of Brussels",
        "entity_id": "Q239"
    },
    {
        "query_id": "97_178",
        "wiki_title": "Kanchanaburi",
        "entity_id": "Q239121"
    },
    {
        "query_id": "97_179",
        "wiki_title": "Budapest",
        "entity_id": "Q1781"
    },
    {
        "query_id": "97_180",
        "wiki_title": "Port Elizabeth",
        "entity_id": "Q125434"
    },
    {
        "query_id": "97_181",
        "wiki_title": "Ada, Oklahoma",
        "entity_id": "Q345921"
    },
    {
        "query_id": "97_182",
        "wiki_title": "Syracuse, Sicily",
        "entity_id": "Q13670"
    },
    {
        "query_id": "97_183",
        "wiki_title": "Delhi",
        "entity_id": "Q1353"
    },
    {
        "query_id": "97_184",
        "wiki_title": "Tokyo",
        "entity_id": "Q1490"
    },
    {
        "query_id": "97_185",
        "wiki_title": "Leningradskaya (rural locality)",
        "entity_id": "Q519788"
    },
    {
        "query_id": "97_186",
        "wiki_title": "Dublin",
        "entity_id": "Q1761"
    },
    {
        "query_id": "97_187",
        "wiki_title": "Phillips, Wisconsin",
        "entity_id": "Q1569601"
    },
    {
        "query_id": "97_188",
        "wiki_title": "Milan",
        "entity_id": "Q490"
    },
    {
        "query_id": "97_189",
        "wiki_title": "Oxford",
        "entity_id": "Q34217"
    },
    {
        "query_id": "97_190",
        "wiki_title": "Como",
        "entity_id": "Q1308"
    },
    {
        "query_id": "97_191",
        "wiki_title": "Otuzco",
        "entity_id": "Q3056421"
    },
    {
        "query_id": "97_192",
        "wiki_title": "Anand, Gujarat",
        "entity_id": "Q1798750"
    },
    {
        "query_id": "97_193",
        "wiki_title": "Spas-Demensk",
        "entity_id": "Q196435"
    },
    {
        "query_id": "97_194",
        "wiki_title": "Athens",
        "entity_id": "Q1524"
    },
    {
        "query_id": "97_195",
        "wiki_title": "Boston",
        "entity_id": "Q100"
    },
    {
        "query_id": "97_196",
        "wiki_title": "Yungay, Peru",
        "entity_id": "Q919678"
    },
    {
        "query_id": "97_197",
        "wiki_title": "Kuala Lumpur",
        "entity_id": "Q1865"
    },
    {
        "query_id": "97_198",
        "wiki_title": "Houston",
        "entity_id": "Q16555"
    },
    {
        "query_id": "97_199",
        "wiki_title": "Ho, Ghana",
        "entity_id": "Q615006"
    },
    {
        "query_id": "97_200",
        "wiki_title": "Rome",
        "entity_id": "Q220"
    },
    {
        "query_id": "97_201",
        "wiki_title": "Adana",
        "entity_id": "Q38545"
    },
    {
        "query_id": "97_202",
        "wiki_title": "Pishin, Pakistan",
        "entity_id": "Q2449537"
    },
    {
        "query_id": "97_203",
        "wiki_title": "Prochowice",
        "entity_id": "Q988485"
    },
    {
        "query_id": "97_204",
        "wiki_title": "Pierre, South Dakota",
        "entity_id": "Q40747"
    },
    {
        "query_id": "97_205",
        "wiki_title": "Nice",
        "entity_id": "Q33959"
    },
    {
        "query_id": "97_206",
        "wiki_title": "Saint Paul, Minnesota",
        "entity_id": "Q28848"
    },
    {
        "query_id": "97_207",
        "wiki_title": "Magdeburg",
        "entity_id": "Q1733"
    },
    {
        "query_id": "97_208",
        "wiki_title": "Nora, Sweden",
        "entity_id": "Q83679"
    },
    {
        "query_id": "97_209",
        "wiki_title": "Guiyang",
        "entity_id": "Q192271"
    },
    {
        "query_id": "97_210",
        "wiki_title": "Hamilton, South Lanarkshire",
        "entity_id": "Q4131"
    },
    {
        "query_id": "97_211",
        "wiki_title": "Melbourne",
        "entity_id": "Q3141"
    },
    {
        "query_id": "97_212",
        "wiki_title": "Harper, Liberia",
        "entity_id": "Q1019486"
    },
    {
        "query_id": "97_213",
        "wiki_title": "St. George, Utah",
        "entity_id": "Q52472"
    },
    {
        "query_id": "97_214",
        "wiki_title": "Turin",
        "entity_id": "Q495"
    },
    {
        "query_id": "97_215",
        "wiki_title": "Newcastle, New South Wales",
        "entity_id": "Q57278"
    },
    {
        "query_id": "97_216",
        "wiki_title": "Eisenstadt",
        "entity_id": "Q126321"
    },
    {
        "query_id": "97_217",
        "wiki_title": "Cleveland, Queensland",
        "entity_id": "Q5132034"
    },
    {
        "query_id": "97_218",
        "wiki_title": "Delhi",
        "entity_id": "Q1353"
    },
    {
        "query_id": "97_219",
        "wiki_title": "Babylon",
        "entity_id": "Q5684"
    },
    {
        "query_id": "97_220",
        "wiki_title": "Duncan, Oklahoma",
        "entity_id": "Q3041247"
    },
    {
        "query_id": "97_221",
        "wiki_title": "Boston",
        "entity_id": "Q100"
    },
    {
        "query_id": "97_222",
        "wiki_title": "London",
        "entity_id": "Q84"
    },
    {
        "query_id": "97_223",
        "wiki_title": "Flandreau, South Dakota",
        "entity_id": "Q675049"
    },
    {
        "query_id": "97_224",
        "wiki_title": "Ouagadougou",
        "entity_id": "Q3777"
    },
    {
        "query_id": "97_225",
        "wiki_title": "Mons",
        "entity_id": "Q83407"
    },
    {
        "query_id": "97_226",
        "wiki_title": "Boulsa",
        "entity_id": "Q895110"
    },
    {
        "query_id": "97_227",
        "wiki_title": "Lund",
        "entity_id": "Q2167"
    },
    {
        "query_id": "97_228",
        "wiki_title": "Chester",
        "entity_id": "Q170263"
    },
    {
        "query_id": "97_229",
        "wiki_title": "Lima",
        "entity_id": "Q2868"
    },
    {
        "query_id": "97_230",
        "wiki_title": "Jay, Oklahoma",
        "entity_id": "Q733055"
    },
    {
        "query_id": "97_231",
        "wiki_title": "Ennis",
        "entity_id": "Q209128"
    },
    {
        "query_id": "97_232",
        "wiki_title": "Mamuju (city)",
        "entity_id": "Q1070920"
    },
    {
        "query_id": "97_233",
        "wiki_title": "Prague",
        "entity_id": "Q1085"
    },
    {
        "query_id": "97_234",
        "wiki_title": "Roma, Queensland",
        "entity_id": "Q2063327"
    },
    {
        "query_id": "97_235",
        "wiki_title": "Berlin",
        "entity_id": "Q64"
    },
    {
        "query_id": "97_236",
        "wiki_title": "Orléans",
        "entity_id": "Q6548"
    },
    {
        "query_id": "97_237",
        "wiki_title": "City of Brussels",
        "entity_id": "Q239"
    },
    {
        "query_id": "97_238",
        "wiki_title": "Vienna",
        "entity_id": "Q1741"
    },
    {
        "query_id": "97_239",
        "wiki_title": "Martin, South Dakota",
        "entity_id": "Q281028"
    },
    {
        "query_id": "97_240",
        "wiki_title": "Portland, Oregon",
        "entity_id": "Q6106"
    },
    {
        "query_id": "97_241",
        "wiki_title": "Fraga",
        "entity_id": "Q904212"
    },
    {
        "query_id": "97_242",
        "wiki_title": "Brisbane",
        "entity_id": "Q34932"
    },
    {
        "query_id": "97_243",
        "wiki_title": "Brussels",
        "entity_id": "Q240"
    },
    {
        "query_id": "97_244",
        "wiki_title": "Rio de Janeiro",
        "entity_id": "Q8678"
    },
    {
        "query_id": "97_245",
        "wiki_title": "Riga",
        "entity_id": "Q1773"
    },
    {
        "query_id": "97_246",
        "wiki_title": "Windsor, Vermont",
        "entity_id": "Q1939361"
    },
    {
        "query_id": "97_247",
        "wiki_title": "Cape Town",
        "entity_id": "Q5465"
    },
    {
        "query_id": "97_248",
        "wiki_title": "Florence",
        "entity_id": "Q2044"
    },
    {
        "query_id": "97_249",
        "wiki_title": "Agen",
        "entity_id": "Q6625"
    },
    {
        "query_id": "97_250",
        "wiki_title": "Tsu, Mie",
        "entity_id": "Q203027"
    },
    {
        "query_id": "97_251",
        "wiki_title": "Beijing",
        "entity_id": "Q956"
    },
    {
        "query_id": "97_252",
        "wiki_title": "Oral, Kazakhstan",
        "entity_id": "Q487439"
    },
    {
        "query_id": "97_253",
        "wiki_title": "Prague",
        "entity_id": "Q1085"
    },
    {
        "query_id": "97_254",
        "wiki_title": "Saga (city)",
        "entity_id": "Q209766"
    },
    {
        "query_id": "97_255",
        "wiki_title": "London",
        "entity_id": "Q84"
    },
    {
        "query_id": "97_256",
        "wiki_title": "Delhi",
        "entity_id": "Q1353"
    },
    {
        "query_id": "97_257",
        "wiki_title": "Manga, Burkina Faso",
        "entity_id": "Q999498"
    },
    {
        "query_id": "97_258",
        "wiki_title": "Dublin",
        "entity_id": "Q1761"
    },
    {
        "query_id": "97_259",
        "wiki_title": "Ipoh",
        "entity_id": "Q271619"
    },
    {
        "query_id": "97_260",
        "wiki_title": "Santiago",
        "entity_id": "Q2887"
    },
    {
        "query_id": "97_261",
        "wiki_title": "Vic",
        "entity_id": "Q13855"
    },
    {
        "query_id": "97_262",
        "wiki_title": "London",
        "entity_id": "Q84"
    },
    {
        "query_id": "97_263",
        "wiki_title": "Bolsheustyikinskoye",
        "entity_id": "Q3792514"
    },
    {
        "query_id": "97_264",
        "wiki_title": "Brussels",
        "entity_id": "Q240"
    },
    {
        "query_id": "97_265",
        "wiki_title": "Jerusalem",
        "entity_id": "Q1218"
    },
    {
        "query_id": "97_266",
        "wiki_title": "London",
        "entity_id": "Q84"
    },
    {
        "query_id": "97_267",
        "wiki_title": "Tsu, Mie",
        "entity_id": "Q203027"
    },
    {
        "query_id": "97_268",
        "wiki_title": "Beijing",
        "entity_id": "Q956"
    },
    {
        "query_id": "97_269",
        "wiki_title": "Buffalo, South Dakota",
        "entity_id": "Q2149699"
    },
    {
        "query_id": "97_270",
        "wiki_title": "Lilongwe",
        "entity_id": "Q3876"
    },
    {
        "query_id": "97_271",
        "wiki_title": "Dmitriyev (town)",
        "entity_id": "Q72360"
    },
    {
        "query_id": "97_272",
        "wiki_title": "Toronto",
        "entity_id": "Q172"
    },
    {
        "query_id": "97_273",
        "wiki_title": "Madrid",
        "entity_id": "Q2807"
    },
    {
        "query_id": "97_274",
        "wiki_title": "Seattle",
        "entity_id": "Q5083"
    },
    {
        "query_id": "97_275",
        "wiki_title": "Vienna",
        "entity_id": "Q1741"
    },
    {
        "query_id": "97_276",
        "wiki_title": "Salisbury, Maryland",
        "entity_id": "Q755566"
    },
    {
        "query_id": "97_277",
        "wiki_title": "Superior, Wisconsin",
        "entity_id": "Q984577"
    },
    {
        "query_id": "97_278",
        "wiki_title": "Chang'an",
        "entity_id": "Q6501000"
    },
    {
        "query_id": "97_279",
        "wiki_title": "Salem, Oregon",
        "entity_id": "Q43919"
    },
    {
        "query_id": "97_280",
        "wiki_title": "Victoria, British Columbia",
        "entity_id": "Q2132"
    },
    {
        "query_id": "97_281",
        "wiki_title": "Batken",
        "entity_id": "Q478031"
    },
    {
        "query_id": "97_282",
        "wiki_title": "Stanley, Falkland Islands",
        "entity_id": "Q12245"
    },
    {
        "query_id": "97_283",
        "wiki_title": "Dallas",
        "entity_id": "Q16557"
    },
    {
        "query_id": "97_284",
        "wiki_title": "Florence",
        "entity_id": "Q2044"
    },
    {
        "query_id": "97_285",
        "wiki_title": "Alexandria",
        "entity_id": "Q87"
    },
    {
        "query_id": "97_286",
        "wiki_title": "Manila",
        "entity_id": "Q1461"
    },
    {
        "query_id": "97_287",
        "wiki_title": "Ufa",
        "entity_id": "Q911"
    },
    {
        "query_id": "97_288",
        "wiki_title": "City of Brussels",
        "entity_id": "Q239"
    },
    {
        "query_id": "97_289",
        "wiki_title": "Westminster, Maryland",
        "entity_id": "Q755018"
    },
    {
        "query_id": "97_290",
        "wiki_title": "Pomabamba Province",
        "entity_id": "Q1779643"
    },
    {
        "query_id": "97_291",
        "wiki_title": "Laishevo",
        "entity_id": "Q156648"
    },
    {
        "query_id": "97_292",
        "wiki_title": "Milan",
        "entity_id": "Q490"
    },
    {
        "query_id": "97_293",
        "wiki_title": "Turin",
        "entity_id": "Q495"
    },
    {
        "query_id": "97_294",
        "wiki_title": "Hyderabad",
        "entity_id": "Q1361"
    },
    {
        "query_id": "97_295",
        "wiki_title": "Sion, Switzerland",
        "entity_id": "Q68136"
    },
    {
        "query_id": "97_296",
        "wiki_title": "Hugo, Oklahoma",
        "entity_id": "Q1774840"
    },
    {
        "query_id": "97_297",
        "wiki_title": "Ye (Hebei)",
        "entity_id": "Q1274372"
    },
    {
        "query_id": "97_298",
        "wiki_title": "Nowy Targ",
        "entity_id": "Q231593"
    },
    {
        "query_id": "97_299",
        "wiki_title": "Ho, Ghana",
        "entity_id": "Q615006"
    },
    {
        "query_id": "97_300",
        "wiki_title": "City of Brussels",
        "entity_id": "Q239"
    },
    {
        "query_id": "97_301",
        "wiki_title": "Elizabeth, New Jersey",
        "entity_id": "Q138311"
    },
    {
        "query_id": "97_302",
        "wiki_title": "Owando",
        "entity_id": "Q1201732"
    },
    {
        "query_id": "97_303",
        "wiki_title": "Soria",
        "entity_id": "Q12155"
    },
    {
        "query_id": "97_304",
        "wiki_title": "Philip, South Dakota",
        "entity_id": "Q593141"
    },
    {
        "query_id": "97_305",
        "wiki_title": "Albacete",
        "entity_id": "Q15095"
    },
    {
        "query_id": "97_306",
        "wiki_title": "London",
        "entity_id": "Q84"
    },
    {
        "query_id": "97_307",
        "wiki_title": "Halifax, Nova Scotia",
        "entity_id": "Q2141"
    },
    {
        "query_id": "97_308",
        "wiki_title": "Manila",
        "entity_id": "Q1461"
    },
    {
        "query_id": "97_309",
        "wiki_title": "Pô",
        "entity_id": "Q1756613"
    },
    {
        "query_id": "97_310",
        "wiki_title": "Brussels",
        "entity_id": "Q240"
    },
    {
        "query_id": "97_311",
        "wiki_title": "Idi Rayeuk",
        "entity_id": "Q4191528"
    },
    {
        "query_id": "97_312",
        "wiki_title": "Kuala Lumpur",
        "entity_id": "Q1865"
    },
    {
        "query_id": "97_313",
        "wiki_title": "Madrid",
        "entity_id": "Q2807"
    },
    {
        "query_id": "97_314",
        "wiki_title": "Shibin El Kom",
        "entity_id": "Q31350"
    },
    {
        "query_id": "97_315",
        "wiki_title": "Pragjyotishpura",
        "entity_id": "Q7237629"
    },
    {
        "query_id": "97_316",
        "wiki_title": "Johnson City, Texas",
        "entity_id": "Q868881"
    },
    {
        "query_id": "97_317",
        "wiki_title": "Cambridge, Maryland",
        "entity_id": "Q755862"
    },
    {
        "query_id": "97_318",
        "wiki_title": "Orléans",
        "entity_id": "Q6548"
    },
    {
        "query_id": "97_319",
        "wiki_title": "The Bottom",
        "entity_id": "Q475718"
    },
    {
        "query_id": "97_320",
        "wiki_title": "Salem, Sweden",
        "entity_id": "Q1022295"
    },
    {
        "query_id": "97_321",
        "wiki_title": "Rome",
        "entity_id": "Q220"
    },
    {
        "query_id": "97_322",
        "wiki_title": "Paris",
        "entity_id": "Q90"
    },
    {
        "query_id": "97_323",
        "wiki_title": "Madison, South Dakota",
        "entity_id": "Q1020419"
    },
    {
        "query_id": "97_324",
        "wiki_title": "Windsor, New South Wales",
        "entity_id": "Q1026964"
    },
    {
        "query_id": "97_325",
        "wiki_title": "Hanover",
        "entity_id": "Q1715"
    },
    {
        "query_id": "97_326",
        "wiki_title": "Dubai",
        "entity_id": "Q612"
    },
    {
        "query_id": "97_327",
        "wiki_title": "The Hague",
        "entity_id": "Q36600"
    },
    {
        "query_id": "97_328",
        "wiki_title": "Port Macquarie",
        "entity_id": "Q606153"
    },
    {
        "query_id": "97_329",
        "wiki_title": "Newcastle, KwaZulu-Natal",
        "entity_id": "Q1027294"
    },
    {
        "query_id": "97_330",
        "wiki_title": "Prague",
        "entity_id": "Q1085"
    },
    {
        "query_id": "97_331",
        "wiki_title": "Rome",
        "entity_id": "Q220"
    },
    {
        "query_id": "97_332",
        "wiki_title": "Kuala Lumpur",
        "entity_id": "Q1865"
    },
    {
        "query_id": "97_333",
        "wiki_title": "Antalya",
        "entity_id": "Q6487"
    },
    {
        "query_id": "97_334",
        "wiki_title": "Tukums",
        "entity_id": "Q636935"
    },
    {
        "query_id": "97_335",
        "wiki_title": "Cardiff",
        "entity_id": "Q10690"
    },
    {
        "query_id": "97_336",
        "wiki_title": "Durand, Wisconsin",
        "entity_id": "Q1013684"
    },
    {
        "query_id": "97_337",
        "wiki_title": "Victoria, Seychelles",
        "entity_id": "Q3940"
    },
    {
        "query_id": "97_338",
        "wiki_title": "Delhi",
        "entity_id": "Q1353"
    },
    {
        "query_id": "97_339",
        "wiki_title": "Jerusalem",
        "entity_id": "Q1218"
    },
    {
        "query_id": "97_340",
        "wiki_title": "Dieppe",
        "entity_id": "Q183557"
    },
    {
        "query_id": "97_341",
        "wiki_title": "Ica, Peru",
        "entity_id": "Q840712"
    },
    {
        "query_id": "97_342",
        "wiki_title": "Port Washington, Wisconsin",
        "entity_id": "Q1016131"
    },
    {
        "query_id": "97_343",
        "wiki_title": "Madrid",
        "entity_id": "Q2807"
    },
    {
        "query_id": "97_344",
        "wiki_title": "Orange, Texas",
        "entity_id": "Q982388"
    },
    {
        "query_id": "97_345",
        "wiki_title": "Athens, Texas",
        "entity_id": "Q755425"
    },
    {
        "query_id": "97_346",
        "wiki_title": "London",
        "entity_id": "Q84"
    },
    {
        "query_id": "97_347",
        "wiki_title": "Hun, Libya",
        "entity_id": "Q1991249"
    },
    {
        "query_id": "97_348",
        "wiki_title": "Belgorod",
        "entity_id": "Q3323"
    },
    {
        "query_id": "97_349",
        "wiki_title": "Barcelona",
        "entity_id": "Q1492"
    },
    {
        "query_id": "97_350",
        "wiki_title": "Flying Fish Cove",
        "entity_id": "Q30980"
    },
    {
        "query_id": "97_351",
        "wiki_title": "Brussels",
        "entity_id": "Q240"
    },
    {
        "query_id": "97_352",
        "wiki_title": "Vaxholm",
        "entity_id": "Q1001109"
    },
    {
        "query_id": "97_353",
        "wiki_title": "Pittsburgh",
        "entity_id": "Q1342"
    },
    {
        "query_id": "97_354",
        "wiki_title": "Hamilton, Victoria",
        "entity_id": "Q762430"
    },
    {
        "query_id": "97_355",
        "wiki_title": "Lodeynoye Pole",
        "entity_id": "Q15275"
    },
    {
        "query_id": "97_356",
        "wiki_title": "Rome",
        "entity_id": "Q220"
    },
    {
        "query_id": "97_357",
        "wiki_title": "Alexandria, Romania",
        "entity_id": "Q209929"
    },
    {
        "query_id": "97_358",
        "wiki_title": "Anderson, Indiana",
        "entity_id": "Q491461"
    },
    {
        "query_id": "97_359",
        "wiki_title": "Lincoln, Nebraska",
        "entity_id": "Q28260"
    },
    {
        "query_id": "97_360",
        "wiki_title": "Buffalo, Oklahoma",
        "entity_id": "Q742092"
    },
    {
        "query_id": "97_361",
        "wiki_title": "Nizhneangarsk",
        "entity_id": "Q1019997"
    },
    {
        "query_id": "97_362",
        "wiki_title": "Sarai (city)",
        "entity_id": "Q477152"
    }
]