query_id	corpus_id	score
GQ_1	1-0	1
GQ_2	1-0	1
GQ_3	1-0	1
GQ_4	1-0	1
GQ_5	2-0	1
GQ_6	2-0	1
GQ_7	2-0	1
GQ_8	2-0	1
GQ_9	2-0	1
GQ_10	2-0	1
GQ_11	2-0	1
GQ_12	2-0	1
GQ_13	2-0	1
GQ_14	2-0	1
GQ_15	2-0	1
GQ_16	2-0	1
GQ_17	2-0	1
GQ_18	2-0	1
GQ_19	2-0	1
GQ_20	2-0	1
GQ_21	2-0	1
GQ_22	2-0	1
GQ_23	2-0	1
GQ_24	2-0	1
GQ_25	2-0	1
GQ_26	3-0	1
GQ_27	3-0	1
GQ_28	3-0	1
GQ_29	3-0	1
GQ_30	3-0	1
GQ_31	3-0	1
GQ_32	3-0	1
GQ_33	3-0	1
GQ_34	4-0	1
GQ_35	4-0	1
GQ_36	4-0	1
GQ_37	4-0	1
GQ_38	4-0	1
GQ_39	4-0	1
GQ_40	4-0	1
GQ_41	4-0	1
GQ_42	4-0	1
GQ_43	4-0	1
GQ_44	4-0	1
GQ_45	4-0	1
GQ_46	4-0	1
GQ_47	4-0	1
GQ_48	4-0	1
GQ_49	5-0	1
GQ_50	5-0	1
GQ_51	5-0	1
GQ_52	5-0	1
GQ_53	5-0	1
GQ_54	5-0	1
GQ_55	5-0	1
GQ_56	5-0	1
GQ_57	5-0	1
GQ_58	5-0	1
GQ_59	5-0	1
GQ_60	5-0	1
GQ_61	6-0	1
GQ_62	6-0	1
GQ_63	6-0	1
GQ_64	6-0	1
GQ_65	6-0	1
GQ_66	7-0	1
GQ_67	8-0	1
GQ_68	8-0	1
GQ_69	8-0	1
GQ_70	9-0	1
GQ_71	9-0	1
GQ_72	9-0	1
GQ_73	9-0	1
GQ_74	9-0	1
GQ_75	9-0	1
GQ_76	9-0	1
GQ_77	9-0	1
GQ_78	9-0	1
GQ_79	9-0	1
GQ_80	9-0	1
GQ_81	9-0	1
GQ_82	9-0	1
GQ_83	9-0	1
GQ_84	9-0	1
GQ_85	9-0	1
GQ_86	9-0	1
GQ_87	9-0	1
GQ_88	9-0	1
GQ_89	9-0	1
GQ_90	9-0	1
GQ_91	9-0	1
GQ_92	9-0	1
GQ_93	9-0	1
GQ_94	9-0	1
GQ_95	9-0	1
GQ_96	9-0	1
GQ_97	9-0	1
GQ_98	9-1	1
GQ_99	9-1	1
GQ_100	9-1	1
GQ_101	9-1	1
GQ_102	9-1	1
GQ_103	10-0	1
GQ_104	10-0	1
GQ_105	10-0	1
GQ_106	10-0	1
GQ_107	11-0	1
GQ_108	11-0	1
GQ_109	11-0	1
GQ_110	11-0	1
GQ_111	11-0	1
GQ_112	12-0	1
GQ_113	12-0	1
GQ_114	12-0	1
GQ_115	12-0	1
GQ_116	12-0	1
GQ_117	12-0	1
GQ_118	12-0	1
GQ_119	13-0	1
GQ_120	13-0	1
GQ_121	13-0	1
GQ_122	13-0	1
GQ_123	13-0	1
GQ_124	13-0	1
GQ_125	13-0	1
GQ_126	13-0	1
GQ_127	13-0	1
GQ_128	13-0	1
GQ_129	13-0	1
GQ_130	13-0	1
GQ_131	13-0	1
GQ_132	13-0	1
GQ_133	14-0	1
GQ_134	14-0	1
GQ_135	15-0	1
GQ_136	15-0	1
GQ_137	15-0	1
GQ_138	15-0	1
GQ_139	15-0	1
GQ_140	15-0	1
GQ_141	16-0	1
GQ_142	16-0	1
GQ_143	16-0	1
GQ_144	16-0	1
GQ_145	16-0	1
GQ_146	16-0	1
GQ_147	16-0	1
GQ_148	16-0	1
GQ_149	16-0	1
GQ_150	16-0	1
GQ_151	16-0	1
GQ_152	16-0	1
GQ_153	16-0	1
GQ_154	16-0	1
GQ_155	16-0	1
GQ_156	16-0	1
GQ_157	16-0	1
GQ_158	16-0	1
GQ_159	16-0	1
GQ_160	16-0	1
GQ_161	16-0	1
GQ_162	16-1	1
GQ_163	16-1	1
GQ_164	17-0	1
GQ_165	17-0	1
GQ_166	17-0	1
GQ_167	17-0	1
GQ_168	17-0	1
GQ_169	17-0	1
GQ_170	18-0	1
GQ_171	18-0	1
GQ_172	18-0	1
GQ_173	18-0	1
GQ_174	18-0	1
GQ_175	18-0	1
GQ_176	18-0	1
GQ_177	18-0	1
GQ_178	18-0	1
GQ_179	18-0	1
GQ_180	19-0	1
GQ_181	19-0	1
GQ_182	19-0	1
GQ_183	19-0	1
GQ_184	19-0	1
GQ_185	19-0	1
GQ_186	19-0	1
GQ_187	19-0	1
GQ_188	19-0	1
GQ_189	19-0	1
GQ_190	19-0	1
GQ_191	19-0	1
GQ_192	19-0	1
GQ_193	19-0	1
GQ_194	19-0	1
GQ_195	19-0	1
GQ_196	19-0	1
GQ_197	19-0	1
GQ_198	19-0	1
GQ_199	19-1	1
GQ_200	19-1	1
GQ_201	19-1	1
GQ_202	19-1	1
GQ_203	19-1	1
GQ_204	19-1	1
GQ_205	19-1	1
GQ_206	19-1	1
GQ_207	19-1	1
GQ_208	20-0	1
GQ_209	20-0	1
GQ_210	20-0	1
GQ_211	20-0	1
GQ_212	20-0	1
GQ_213	20-0	1
GQ_214	20-0	1
GQ_215	20-0	1
GQ_216	20-0	1
GQ_217	20-0	1
GQ_218	20-0	1
GQ_219	20-0	1
GQ_220	20-0	1
GQ_221	20-0	1
GQ_222	20-0	1
GQ_223	20-0	1
GQ_224	21-0	1
GQ_225	21-0	1
GQ_226	21-0	1
GQ_227	21-0	1
GQ_228	21-0	1
GQ_229	21-0	1
GQ_230	21-0	1
GQ_231	21-0	1
GQ_232	21-0	1
GQ_233	22-0	1
GQ_234	22-0	1
GQ_235	22-0	1
GQ_236	22-0	1
GQ_237	22-0	1
GQ_238	22-0	1
GQ_239	22-0	1
GQ_240	22-0	1
GQ_241	22-0	1
GQ_242	22-0	1
GQ_243	22-0	1
GQ_244	22-0	1
GQ_245	22-0	1
GQ_246	22-0	1
GQ_247	22-0	1
GQ_248	22-0	1
GQ_249	22-0	1
GQ_250	22-0	1
GQ_251	22-0	1
GQ_252	22-0	1
GQ_253	22-0	1
GQ_254	22-0	1
GQ_255	22-0	1
GQ_256	22-0	1
GQ_257	22-1	1
GQ_258	22-1	1
GQ_259	22-1	1
GQ_260	22-1	1
GQ_261	22-1	1
GQ_262	22-1	1
GQ_263	22-1	1
GQ_264	23-0	1
GQ_265	23-0	1
GQ_266	23-0	1
GQ_267	23-0	1
GQ_268	23-0	1
GQ_269	23-0	1
GQ_270	23-0	1
GQ_271	23-0	1
GQ_272	23-0	1
GQ_273	23-0	1
GQ_274	23-0	1
GQ_275	23-0	1
GQ_276	23-0	1
GQ_277	23-0	1
GQ_278	23-0	1
GQ_279	23-0	1
GQ_280	23-0	1
GQ_281	23-0	1
GQ_282	23-0	1
GQ_283	23-0	1
GQ_284	23-0	1
GQ_285	23-0	1
GQ_286	23-0	1
GQ_287	23-0	1
GQ_288	23-1	1
GQ_289	23-1	1
GQ_290	23-1	1
GQ_291	23-1	1
GQ_292	23-1	1
GQ_293	23-1	1
GQ_294	23-1	1
GQ_295	23-1	1
GQ_296	24-0	1
GQ_297	24-0	1
GQ_298	24-0	1
GQ_299	24-0	1
GQ_300	24-0	1
GQ_301	24-0	1
GQ_302	24-0	1
GQ_303	24-0	1
GQ_304	24-0	1
GQ_305	24-0	1
GQ_306	24-0	1
GQ_307	24-0	1
GQ_308	24-0	1
GQ_309	24-0	1
GQ_310	24-0	1
GQ_311	24-0	1
GQ_312	24-0	1
GQ_313	24-0	1
GQ_314	25-0	1
GQ_315	25-0	1
GQ_316	25-0	1
GQ_317	25-0	1
GQ_318	25-0	1
GQ_319	25-0	1
GQ_320	26-0	1
GQ_321	26-0	1
GQ_322	26-0	1
GQ_323	26-0	1
GQ_324	26-0	1
GQ_325	26-0	1
GQ_326	26-0	1
GQ_327	26-0	1
GQ_328	26-0	1
GQ_329	26-0	1
GQ_330	26-0	1
GQ_331	26-0	1
GQ_332	26-0	1
GQ_333	26-0	1
GQ_334	26-0	1
GQ_335	26-0	1
GQ_336	26-0	1
GQ_337	26-0	1
GQ_338	26-0	1
GQ_339	26-0	1
GQ_340	26-0	1
GQ_341	26-0	1
GQ_342	26-0	1
GQ_343	26-0	1
GQ_344	26-1	1
GQ_345	26-1	1
GQ_346	26-1	1
GQ_347	26-1	1
GQ_348	26-1	1
GQ_349	26-1	1
GQ_350	27-0	1
GQ_351	27-0	1
GQ_352	27-0	1
GQ_353	27-0	1
GQ_354	27-0	1
GQ_355	27-0	1
GQ_356	27-0	1
GQ_357	27-0	1
GQ_358	27-0	1
GQ_359	27-0	1
GQ_360	28-0	1
GQ_361	28-0	1
GQ_362	28-0	1
GQ_363	28-0	1
GQ_364	28-0	1
GQ_365	28-0	1
GQ_366	28-0	1
GQ_367	28-0	1
GQ_368	28-0	1
GQ_369	28-0	1
GQ_370	28-0	1
GQ_371	28-0	1
GQ_372	29-0	1
GQ_373	29-0	1
GQ_374	29-0	1
GQ_375	29-0	1
GQ_376	29-0	1
GQ_377	29-0	1
GQ_378	29-0	1
GQ_379	29-0	1
GQ_380	29-0	1
GQ_381	29-0	1
GQ_382	29-0	1
GQ_383	29-0	1
GQ_384	30-0	1
GQ_385	30-0	1
GQ_386	30-0	1
GQ_387	30-0	1
GQ_388	30-0	1
GQ_389	30-0	1
GQ_390	30-0	1
GQ_391	30-0	1
GQ_392	30-0	1
GQ_393	30-0	1
GQ_394	30-0	1
GQ_395	30-0	1
GQ_396	30-0	1
GQ_397	30-0	1
GQ_398	30-0	1
GQ_399	30-0	1
GQ_400	30-0	1
GQ_401	30-0	1
GQ_402	30-0	1
GQ_403	30-1	1
GQ_404	30-1	1
GQ_405	30-1	1
GQ_406	30-1	1
GQ_407	30-1	1
GQ_408	30-1	1
GQ_409	31-0	1
GQ_410	32-0	1
GQ_411	32-0	1
GQ_412	32-0	1
GQ_413	32-0	1
GQ_414	32-0	1
GQ_415	32-0	1
GQ_416	32-0	1
GQ_417	33-0	1
GQ_418	33-0	1
GQ_419	33-0	1
GQ_420	33-0	1
GQ_421	33-0	1
GQ_422	33-0	1
GQ_423	33-0	1
GQ_424	33-0	1
GQ_425	33-0	1
GQ_426	33-0	1
GQ_427	33-0	1
GQ_428	33-0	1
GQ_429	33-0	1
GQ_430	33-0	1
GQ_431	33-0	1
GQ_432	34-0	1
GQ_433	34-0	1
GQ_434	34-0	1
GQ_435	34-0	1
GQ_436	35-0	1
GQ_437	35-0	1
GQ_438	35-0	1
GQ_439	35-0	1
GQ_440	35-0	1
GQ_441	35-0	1
GQ_442	35-0	1
GQ_443	35-0	1
GQ_444	35-0	1
GQ_445	35-0	1
GQ_446	35-0	1
GQ_447	35-0	1
GQ_448	35-0	1
GQ_449	35-0	1
GQ_450	35-0	1
GQ_451	35-0	1
GQ_452	35-0	1
GQ_453	35-0	1
GQ_454	35-0	1
GQ_455	35-0	1
GQ_456	35-0	1
GQ_457	35-0	1
GQ_458	35-0	1
GQ_459	35-0	1
GQ_460	35-0	1
GQ_461	35-0	1
GQ_462	35-1	1
GQ_463	36-0	1
GQ_464	36-0	1
GQ_465	36-0	1
GQ_466	36-0	1
GQ_467	36-0	1
GQ_468	36-0	1
GQ_469	36-0	1
GQ_470	36-0	1
GQ_471	36-0	1
GQ_472	36-0	1
GQ_473	36-0	1
GQ_474	36-0	1
GQ_475	36-0	1
GQ_476	36-0	1
GQ_477	36-0	1
GQ_478	36-0	1
GQ_479	37-0	1
GQ_480	37-0	1
GQ_481	37-0	1
GQ_482	37-0	1
GQ_483	37-0	1
GQ_484	37-0	1
GQ_485	37-0	1
GQ_486	37-0	1
GQ_487	37-0	1
GQ_488	37-0	1
GQ_489	37-0	1
GQ_490	37-0	1
GQ_491	37-0	1
GQ_492	37-0	1
GQ_493	37-0	1
GQ_494	38-0	1
GQ_495	38-0	1
GQ_496	38-0	1
GQ_497	38-0	1
GQ_498	38-0	1
GQ_499	38-0	1
GQ_500	38-0	1
GQ_501	38-0	1
GQ_502	38-0	1
GQ_503	38-0	1
GQ_504	38-0	1
GQ_505	38-0	1
GQ_506	38-0	1
GQ_507	38-0	1
GQ_508	38-0	1
GQ_509	38-0	1
GQ_510	38-0	1
GQ_511	38-0	1
GQ_512	38-0	1
GQ_513	38-0	1
GQ_514	38-1	1
GQ_515	38-1	1
GQ_516	38-1	1
GQ_517	38-1	1
GQ_518	38-1	1
GQ_519	38-1	1
GQ_520	38-1	1
GQ_521	38-1	1
GQ_522	38-1	1
GQ_523	39-0	1
GQ_524	39-0	1
GQ_525	40-0	1
GQ_526	40-0	1
GQ_527	40-0	1
GQ_528	40-0	1
GQ_529	40-0	1
GQ_530	40-0	1
GQ_531	41-0	1
GQ_532	42-0	1
GQ_533	42-0	1
GQ_534	42-0	1
GQ_535	43-0	1
GQ_536	43-0	1
GQ_537	44-0	1
GQ_538	44-0	1
GQ_539	44-0	1
GQ_540	44-0	1
GQ_541	44-0	1
GQ_542	44-0	1
GQ_543	44-0	1
GQ_544	44-0	1
GQ_545	44-0	1
GQ_546	44-0	1
GQ_547	44-0	1
GQ_548	44-0	1
GQ_549	44-0	1
GQ_550	44-0	1
GQ_551	44-0	1
GQ_552	44-0	1
GQ_553	44-0	1
GQ_554	44-0	1
GQ_555	44-0	1
GQ_556	44-0	1
GQ_557	44-0	1
GQ_558	44-1	1
GQ_559	44-1	1
GQ_560	44-1	1
GQ_561	44-1	1
GQ_562	44-1	1
GQ_563	44-1	1
GQ_564	44-1	1
GQ_565	44-1	1
GQ_566	44-1	1
GQ_567	44-1	1
GQ_568	44-1	1
GQ_569	45-0	1
GQ_570	45-0	1
GQ_571	45-0	1
GQ_572	46-0	1
GQ_573	46-0	1
GQ_574	46-0	1
GQ_575	46-0	1
GQ_576	46-0	1
GQ_577	46-0	1
GQ_578	46-0	1
GQ_579	46-0	1
GQ_580	47-0	1
GQ_581	47-0	1
GQ_582	47-0	1
GQ_583	47-0	1
GQ_584	47-0	1
GQ_585	47-0	1
GQ_586	47-0	1
GQ_587	48-0	1
GQ_588	48-0	1
GQ_589	48-0	1
GQ_590	48-0	1
GQ_591	48-0	1
GQ_592	48-0	1
GQ_593	48-0	1
GQ_594	48-0	1
GQ_595	48-0	1
GQ_596	48-0	1
GQ_597	48-0	1
GQ_598	48-0	1
GQ_599	48-0	1
GQ_600	48-0	1
GQ_601	48-0	1
GQ_602	48-0	1
GQ_603	49-0	1
GQ_604	49-0	1
GQ_605	50-0	1
GQ_606	50-0	1
GQ_607	50-0	1
GQ_608	50-0	1
GQ_609	50-0	1
GQ_610	50-0	1
GQ_611	50-0	1
GQ_612	50-0	1
GQ_613	50-0	1
GQ_614	50-0	1
GQ_615	50-0	1
GQ_616	50-0	1
GQ_617	50-0	1
GQ_618	50-0	1
GQ_619	50-0	1
GQ_620	50-0	1
GQ_621	50-0	1
GQ_622	50-0	1
GQ_623	50-0	1
GQ_624	50-0	1
GQ_625	50-0	1
GQ_626	50-0	1
GQ_627	50-1	1
GQ_628	51-0	1
GQ_629	51-0	1
GQ_630	51-0	1
GQ_631	51-0	1
GQ_632	51-0	1
GQ_633	51-0	1
GQ_634	51-0	1
GQ_635	51-0	1
GQ_636	51-0	1
GQ_637	52-0	1
GQ_638	52-0	1
GQ_639	53-0	1
GQ_640	53-0	1
GQ_641	53-0	1
GQ_642	53-0	1
GQ_643	53-0	1
GQ_644	53-0	1
GQ_645	53-0	1
GQ_646	54-0	1
GQ_647	54-0	1
GQ_648	54-0	1
GQ_649	54-0	1
GQ_650	54-0	1
GQ_651	54-0	1
GQ_652	54-0	1
GQ_653	54-0	1
GQ_654	54-0	1
GQ_655	54-0	1
GQ_656	54-0	1
GQ_657	54-0	1
GQ_658	54-0	1
GQ_659	54-0	1
GQ_660	54-0	1
GQ_661	54-0	1
GQ_662	54-0	1
GQ_663	54-0	1
GQ_664	55-0	1
GQ_665	55-0	1
GQ_666	55-0	1
GQ_667	55-0	1
GQ_668	55-0	1
GQ_669	55-0	1
GQ_670	55-0	1
GQ_671	55-0	1
GQ_672	55-0	1
GQ_673	55-0	1
GQ_674	55-0	1
GQ_675	55-0	1
GQ_676	55-0	1
GQ_677	55-0	1
GQ_678	55-0	1
GQ_679	55-0	1
GQ_680	55-0	1
GQ_681	55-1	1
GQ_682	55-1	1
GQ_683	55-1	1
GQ_684	55-1	1
GQ_685	55-1	1
GQ_686	55-1	1
GQ_687	56-0	1
GQ_688	56-0	1
GQ_689	56-0	1
GQ_690	56-0	1
GQ_691	56-0	1
GQ_692	57-0	1
GQ_693	57-0	1
GQ_694	57-0	1
GQ_695	57-0	1
GQ_696	57-0	1
GQ_697	58-0	1
GQ_698	58-0	1
GQ_699	58-0	1
GQ_700	58-0	1
GQ_701	59-0	1
GQ_702	59-0	1
GQ_703	59-0	1
GQ_704	59-0	1
GQ_705	59-0	1
GQ_706	59-0	1
GQ_707	59-0	1
GQ_708	59-0	1
GQ_709	59-0	1
GQ_710	59-0	1
GQ_711	59-0	1
GQ_712	59-0	1
GQ_713	59-0	1
GQ_714	59-0	1
GQ_715	59-0	1
GQ_716	59-0	1
GQ_717	59-0	1
GQ_718	59-0	1
GQ_719	59-0	1
GQ_720	60-0	1
GQ_721	60-0	1
GQ_722	60-0	1
GQ_723	60-0	1
GQ_724	60-0	1
GQ_725	60-0	1
GQ_726	60-0	1
GQ_727	60-0	1
GQ_728	60-0	1
GQ_729	60-0	1
GQ_730	60-0	1
GQ_731	60-0	1
GQ_732	60-0	1
GQ_733	60-0	1
GQ_734	60-0	1
GQ_735	60-0	1
GQ_736	60-0	1
GQ_737	60-0	1
GQ_738	60-0	1
GQ_739	60-0	1
GQ_740	60-0	1
GQ_741	60-0	1
GQ_742	60-0	1
GQ_743	60-1	1
GQ_744	60-1	1
GQ_745	60-1	1
GQ_746	60-1	1
GQ_747	60-1	1
GQ_748	60-1	1
GQ_749	60-1	1
GQ_750	60-1	1
GQ_751	60-1	1
GQ_752	60-1	1
GQ_753	60-1	1
GQ_754	60-1	1
GQ_755	60-1	1
GQ_756	60-1	1
GQ_757	60-1	1
GQ_758	60-1	1
GQ_759	60-1	1
GQ_760	60-1	1
GQ_761	60-1	1
GQ_762	60-1	1
GQ_763	60-1	1
GQ_764	60-1	1
GQ_765	60-1	1
GQ_766	60-1	1
GQ_767	60-1	1
GQ_768	60-2	1
GQ_769	60-2	1
GQ_770	60-2	1
GQ_771	60-2	1
GQ_772	60-2	1
GQ_773	60-2	1
GQ_774	60-2	1
GQ_775	60-2	1
GQ_776	60-2	1
GQ_777	60-2	1
GQ_778	61-0	1
GQ_779	61-0	1
GQ_780	61-0	1
GQ_781	61-0	1
GQ_782	61-0	1
GQ_783	61-0	1
GQ_784	61-0	1
GQ_785	61-0	1
GQ_786	61-0	1
GQ_787	61-0	1
GQ_788	61-0	1
GQ_789	61-0	1
GQ_790	61-0	1
GQ_791	61-0	1
GQ_792	61-0	1
GQ_793	62-0	1
GQ_794	62-0	1
GQ_795	62-0	1
GQ_796	63-0	1
GQ_797	63-0	1
GQ_798	63-0	1
GQ_799	63-0	1
GQ_800	63-0	1
GQ_801	63-0	1
GQ_802	63-0	1
GQ_803	63-0	1
GQ_804	63-0	1
GQ_805	63-0	1
GQ_806	63-0	1
GQ_807	63-0	1
GQ_808	63-0	1
GQ_809	63-0	1
GQ_810	63-0	1
GQ_811	63-0	1
GQ_812	63-0	1
GQ_813	63-0	1
GQ_814	63-0	1
GQ_815	63-0	1
GQ_816	64-0	1
GQ_817	64-0	1
GQ_818	64-0	1
GQ_819	64-0	1
GQ_820	64-0	1
GQ_821	64-0	1
GQ_822	64-0	1
GQ_823	64-0	1
GQ_824	64-0	1
GQ_825	64-0	1
GQ_826	64-0	1
GQ_827	64-0	1
GQ_828	64-0	1
GQ_829	64-0	1
GQ_830	64-0	1
GQ_831	64-0	1
GQ_832	64-0	1
GQ_833	64-0	1
GQ_834	64-0	1
GQ_835	64-0	1
GQ_836	64-0	1
GQ_837	64-1	1
GQ_838	64-1	1
GQ_839	64-1	1
GQ_840	65-0	1
GQ_841	65-0	1
GQ_842	65-0	1
GQ_843	65-0	1
GQ_844	65-0	1
GQ_845	65-0	1
GQ_846	65-0	1
GQ_847	65-0	1
GQ_848	65-0	1
GQ_849	65-0	1
GQ_850	65-0	1
GQ_851	65-0	1
GQ_852	65-0	1
GQ_853	66-0	1
GQ_854	66-0	1
GQ_855	66-0	1
GQ_856	66-0	1
GQ_857	66-0	1
GQ_858	66-0	1
GQ_859	66-0	1
GQ_860	67-0	1
GQ_861	67-0	1
GQ_862	67-0	1
GQ_863	67-0	1
GQ_864	67-0	1
GQ_865	67-0	1
GQ_866	67-0	1
GQ_867	67-0	1
GQ_868	67-0	1
GQ_869	67-0	1
GQ_870	67-0	1
GQ_871	68-0	1
GQ_872	68-0	1
GQ_873	68-0	1
GQ_874	68-0	1
GQ_875	68-0	1
GQ_876	68-0	1
GQ_877	69-0	1
GQ_878	69-0	1
GQ_879	69-0	1
GQ_880	69-0	1
GQ_881	69-0	1
GQ_882	69-0	1
GQ_883	69-0	1
GQ_884	69-0	1
GQ_885	70-0	1
GQ_886	70-0	1
GQ_887	70-0	1
GQ_888	70-0	1
GQ_889	70-0	1
GQ_890	70-0	1
GQ_891	70-0	1
GQ_892	70-0	1
GQ_893	71-0	1
GQ_894	71-0	1
GQ_895	71-0	1
GQ_896	72-0	1
GQ_897	72-0	1
GQ_898	72-0	1
GQ_899	72-0	1
GQ_900	72-0	1
GQ_901	72-0	1
GQ_902	72-0	1
GQ_903	72-0	1
GQ_904	72-0	1
GQ_905	72-0	1
GQ_906	72-0	1
GQ_907	72-0	1
GQ_908	72-0	1
GQ_909	72-0	1
GQ_910	72-0	1
GQ_911	72-0	1
GQ_912	73-0	1
GQ_913	73-0	1
GQ_914	73-0	1
GQ_915	73-0	1
GQ_916	73-0	1
GQ_917	73-0	1
GQ_918	73-0	1
GQ_919	73-0	1
GQ_920	73-0	1
GQ_921	73-0	1
GQ_922	73-0	1
GQ_923	73-0	1
GQ_924	74-0	1
GQ_925	74-0	1
GQ_926	75-0	1
GQ_927	75-0	1
GQ_928	76-0	1
GQ_929	77-0	1
GQ_930	79-0	1
GQ_931	79-0	1
GQ_932	80-0	1
GQ_933	80-0	1
GQ_934	81-0	1
GQ_935	82-0	1
GQ_936	82-0	1
GQ_937	82-0	1
GQ_938	83-0	1
GQ_939	84-0	1
GQ_940	85-0	1
GQ_941	85-0	1
GQ_942	85-0	1
GQ_943	87-0	1
GQ_944	88-0	1
GQ_945	90-0	1
GQ_946	91-0	1
GQ_947	91-0	1
GQ_948	91-0	1
GQ_949	92-0	1
GQ_950	92-0	1
GQ_951	93-0	1
GQ_952	94-0	1
GQ_953	95-0	1
GQ_954	95-0	1
GQ_955	97-0	1
GQ_956	97-0	1
GQ_957	97-0	1
GQ_958	97-0	1
GQ_959	97-0	1
GQ_960	97-0	1
GQ_961	97-0	1
GQ_962	97-0	1
GQ_963	98-0	1
GQ_964	99-0	1
GQ_965	100-0	1
GQ_966	100-0	1
GQ_967	100-0	1
GQ_968	100-0	1
GQ_969	100-0	1
GQ_970	100-0	1
GQ_971	100-0	1
GQ_972	101-0	1
GQ_973	101-0	1
GQ_974	101-0	1
GQ_975	101-0	1
GQ_976	101-0	1
GQ_977	101-0	1
GQ_978	101-0	1
GQ_979	101-0	1
GQ_980	101-0	1
GQ_981	101-0	1
GQ_982	101-0	1
GQ_983	101-0	1
GQ_984	102-0	1
GQ_985	102-0	1
GQ_986	102-0	1
GQ_987	102-0	1
GQ_988	102-0	1
GQ_989	102-0	1
GQ_990	102-0	1
GQ_991	102-0	1
GQ_992	102-0	1
GQ_993	102-0	1
GQ_994	102-0	1
GQ_995	102-0	1
GQ_996	103-0	1
GQ_997	103-0	1
GQ_998	103-0	1
GQ_999	103-0	1
GQ_1000	103-0	1
GQ_1001	103-0	1
GQ_1002	104-0	1
GQ_1003	104-0	1
GQ_1004	104-0	1
GQ_1005	104-0	1
GQ_1006	104-0	1
GQ_1007	104-0	1
GQ_1008	104-0	1
GQ_1009	104-0	1
GQ_1010	105-0	1
GQ_1011	105-0	1
GQ_1012	105-0	1
GQ_1013	105-0	1
GQ_1014	105-0	1
GQ_1015	105-0	1
GQ_1016	105-0	1
GQ_1017	105-0	1
GQ_1018	105-0	1
GQ_1019	105-0	1
GQ_1020	105-0	1
GQ_1021	105-0	1
GQ_1022	105-0	1
GQ_1023	105-0	1
GQ_1024	105-0	1
GQ_1025	105-0	1
GQ_1026	105-0	1
GQ_1027	105-1	1
GQ_1028	105-1	1
GQ_1029	105-1	1
GQ_1030	105-1	1
GQ_1031	105-1	1
GQ_1032	105-1	1
GQ_1033	105-1	1
GQ_1034	106-0	1
GQ_1035	106-0	1
GQ_1036	106-0	1
GQ_1037	106-0	1
GQ_1038	106-0	1
GQ_1039	106-0	1
GQ_1040	106-0	1
GQ_1041	106-0	1
GQ_1042	106-0	1
GQ_1043	106-0	1
GQ_1044	106-0	1
GQ_1045	106-0	1
GQ_1046	106-0	1
GQ_1047	107-0	1
GQ_1048	108-0	1
GQ_1049	108-0	1
GQ_1050	108-0	1
GQ_1051	108-0	1
GQ_1052	108-0	1
GQ_1053	108-0	1
GQ_1054	108-0	1
GQ_1055	108-0	1
GQ_1056	108-0	1
GQ_1057	108-0	1
GQ_1058	108-0	1
GQ_1059	108-0	1
GQ_1060	109-0	1
GQ_1061	109-0	1
GQ_1062	109-0	1
GQ_1063	109-0	1
GQ_1064	110-0	1
GQ_1065	110-0	1
GQ_1066	110-0	1
GQ_1067	110-0	1
GQ_1068	110-0	1
GQ_1069	110-0	1
GQ_1070	110-0	1
GQ_1071	110-0	1
GQ_1072	110-0	1
GQ_1073	110-0	1
GQ_1074	110-0	1
GQ_1075	110-0	1
GQ_1076	110-0	1
GQ_1077	110-0	1
GQ_1078	110-0	1
GQ_1079	110-0	1
GQ_1080	110-0	1
GQ_1081	110-0	1
GQ_1082	110-0	1
GQ_1083	110-0	1
GQ_1084	111-0	1
GQ_1085	111-0	1
GQ_1086	111-0	1
GQ_1087	111-0	1
GQ_1088	111-0	1
GQ_1089	112-0	1
GQ_1090	112-0	1
GQ_1091	112-0	1
GQ_1092	112-0	1
GQ_1093	112-0	1
GQ_1094	112-0	1
GQ_1095	112-0	1
GQ_1096	112-0	1
GQ_1097	112-0	1
GQ_1098	112-0	1
GQ_1099	112-0	1
GQ_1100	112-0	1
GQ_1101	112-0	1
GQ_1102	112-0	1
GQ_1103	112-0	1
GQ_1104	112-0	1
GQ_1105	113-0	1
GQ_1106	113-0	1
GQ_1107	113-0	1
GQ_1108	113-0	1
GQ_1109	113-0	1
GQ_1110	113-0	1
GQ_1111	113-0	1
GQ_1112	113-0	1
GQ_1113	113-0	1
GQ_1114	113-0	1
GQ_1115	113-0	1
GQ_1116	113-0	1
GQ_1117	113-0	1
GQ_1118	113-0	1
GQ_1119	113-0	1
GQ_1120	113-0	1
GQ_1121	114-0	1
GQ_1122	114-0	1
GQ_1123	114-0	1
GQ_1124	114-0	1
GQ_1125	114-0	1
GQ_1126	114-0	1
GQ_1127	114-0	1
GQ_1128	114-0	1
GQ_1129	114-0	1
GQ_1130	114-0	1
GQ_1131	114-0	1
GQ_1132	114-0	1
GQ_1133	114-0	1
GQ_1134	114-0	1
GQ_1135	114-0	1
GQ_1136	114-0	1
GQ_1137	114-0	1
GQ_1138	114-0	1
GQ_1139	114-0	1
GQ_1140	114-0	1
GQ_1141	114-0	1
GQ_1142	114-0	1
GQ_1143	114-1	1
GQ_1144	114-1	1
GQ_1145	114-1	1
GQ_1146	114-1	1
GQ_1147	114-1	1
GQ_1148	114-1	1
GQ_1149	114-1	1
GQ_1150	114-1	1
GQ_1151	114-1	1
GQ_1152	114-1	1
GQ_1153	114-1	1
GQ_1154	114-1	1
GQ_1155	114-1	1
GQ_1156	114-1	1
GQ_1157	114-1	1
GQ_1158	114-1	1
GQ_1159	114-2	1
GQ_1160	114-2	1
GQ_1161	114-2	1
GQ_1162	114-2	1
GQ_1163	114-2	1
GQ_1164	114-2	1
GQ_1165	114-2	1
GQ_1166	115-0	1
GQ_1167	115-0	1
GQ_1168	115-0	1
GQ_1169	115-0	1
GQ_1170	115-0	1
GQ_1171	115-0	1
GQ_1172	115-0	1
GQ_1173	115-0	1
GQ_1174	115-0	1
GQ_1175	115-0	1
GQ_1176	115-0	1
GQ_1177	115-0	1
GQ_1178	115-0	1
GQ_1179	115-0	1
GQ_1180	115-0	1
GQ_1181	115-0	1
GQ_1182	115-0	1
GQ_1183	115-0	1
GQ_1184	115-0	1
GQ_1185	115-0	1
GQ_1186	116-0	1
GQ_1187	116-0	1
GQ_1188	116-0	1
GQ_1189	116-0	1
GQ_1190	116-0	1
GQ_1191	116-0	1
GQ_1192	116-0	1
GQ_1193	116-0	1
GQ_1194	116-0	1
GQ_1195	116-0	1
GQ_1196	116-0	1
GQ_1197	116-0	1
GQ_1198	116-0	1
GQ_1199	116-0	1
GQ_1200	117-0	1
GQ_1201	117-0	1
GQ_1202	117-0	1
GQ_1203	117-0	1
GQ_1204	117-0	1
GQ_1205	118-0	1
GQ_1206	118-0	1
GQ_1207	118-0	1
GQ_1208	118-0	1
GQ_1209	118-0	1
GQ_1210	118-0	1
GQ_1211	118-0	1
GQ_1212	118-0	1
GQ_1213	118-0	1
GQ_1214	118-0	1
GQ_1215	118-0	1
GQ_1216	118-0	1
GQ_1217	118-0	1
GQ_1218	119-0	1
GQ_1219	119-0	1
GQ_1220	119-0	1
GQ_1221	119-0	1
GQ_1222	119-0	1
GQ_1223	119-0	1
GQ_1224	119-0	1
GQ_1225	119-0	1
GQ_1226	119-0	1
GQ_1227	119-0	1
GQ_1228	119-0	1
GQ_1229	119-0	1
GQ_1230	119-0	1
GQ_1231	119-0	1
GQ_1232	119-0	1
GQ_1233	119-0	1
GQ_1234	119-0	1
GQ_1235	120-0	1
GQ_1236	120-0	1
GQ_1237	120-0	1
GQ_1238	120-0	1
GQ_1239	120-0	1
GQ_1240	120-0	1
GQ_1241	120-0	1
GQ_1242	120-0	1
GQ_1243	120-0	1
GQ_1244	120-0	1
GQ_1245	120-0	1
GQ_1246	120-0	1
GQ_1247	120-0	1
GQ_1248	121-0	1
GQ_1249	121-0	1
GQ_1250	121-0	1
GQ_1251	122-0	1
GQ_1252	122-0	1
GQ_1253	122-0	1
GQ_1254	122-0	1
GQ_1255	122-0	1
GQ_1256	122-0	1
GQ_1257	123-0	1
GQ_1258	123-0	1
GQ_1259	123-0	1
GQ_1260	124-0	1
GQ_1261	124-0	1
GQ_1262	124-0	1
GQ_1263	124-0	1
GQ_1264	124-0	1
GQ_1265	125-0	1
GQ_1266	125-0	1
GQ_1267	125-0	1
GQ_1268	125-0	1
GQ_1269	125-0	1
GQ_1270	125-0	1
GQ_1271	125-0	1
GQ_1272	125-0	1
GQ_1273	125-0	1
GQ_1274	125-0	1
GQ_1275	125-0	1
GQ_1276	125-0	1
GQ_1277	125-0	1
GQ_1278	125-0	1
GQ_1279	125-0	1
GQ_1280	125-0	1
GQ_1281	126-0	1
GQ_1282	126-0	1
GQ_1283	126-0	1
GQ_1284	126-0	1
GQ_1285	126-0	1
GQ_1286	126-0	1
GQ_1287	128-0	1
GQ_1288	128-0	1
GQ_1289	128-0	1
GQ_1290	129-0	1
GQ_1291	129-0	1
GQ_1292	129-0	1
GQ_1293	129-0	1
GQ_1294	129-0	1
GQ_1295	129-0	1
GQ_1296	129-0	1
GQ_1297	129-0	1
GQ_1298	129-0	1
GQ_1299	129-0	1
GQ_1300	130-0	1
GQ_1301	130-0	1
GQ_1302	130-0	1
GQ_1303	130-0	1
GQ_1304	130-0	1
GQ_1305	130-0	1
GQ_1306	130-0	1
GQ_1307	131-0	1
GQ_1308	131-0	1
GQ_1309	131-0	1
GQ_1310	131-0	1
GQ_1311	132-0	1
GQ_1312	132-0	1
GQ_1313	132-0	1
GQ_1314	132-0	1
GQ_1315	132-0	1
GQ_1316	132-0	1
GQ_1317	133-0	1
GQ_1318	133-0	1
GQ_1319	133-0	1
GQ_1320	133-0	1
GQ_1321	134-0	1
GQ_1322	134-0	1
GQ_1323	134-0	1
GQ_1324	134-0	1
GQ_1325	134-0	1
GQ_1326	134-0	1
GQ_1327	134-0	1
GQ_1328	134-0	1
GQ_1329	134-0	1
GQ_1330	134-0	1
GQ_1331	134-0	1
GQ_1332	134-0	1
GQ_1333	134-0	1
GQ_1334	134-0	1
GQ_1335	134-0	1
GQ_1336	134-0	1
GQ_1337	134-0	1
GQ_1338	134-0	1
GQ_1339	134-0	1
GQ_1340	134-0	1
GQ_1341	134-0	1
GQ_1342	134-1	1
GQ_1343	135-0	1
GQ_1344	135-0	1
GQ_1345	135-0	1
GQ_1346	135-0	1
GQ_1347	135-0	1
GQ_1348	135-0	1
GQ_1349	135-0	1
GQ_1350	135-0	1
GQ_1351	135-0	1
GQ_1352	135-0	1
GQ_1353	135-0	1
GQ_1354	135-0	1
GQ_1355	135-0	1
GQ_1356	136-0	1
GQ_1357	136-0	1
GQ_1358	136-0	1
GQ_1359	136-0	1
GQ_1360	136-0	1
GQ_1361	137-0	1
GQ_1362	137-0	1
GQ_1363	138-0	1
GQ_1364	138-0	1
GQ_1365	138-0	1
GQ_1366	138-0	1
GQ_1367	138-0	1
GQ_1368	138-0	1
GQ_1369	138-0	1
GQ_1370	138-0	1
GQ_1371	138-0	1
GQ_1372	138-0	1
GQ_1373	138-0	1
GQ_1374	138-0	1
GQ_1375	138-0	1
GQ_1376	138-0	1
GQ_1377	138-0	1
GQ_1378	138-0	1
GQ_1379	139-0	1
GQ_1380	139-0	1
GQ_1381	139-0	1
GQ_1382	139-0	1
GQ_1383	139-0	1
GQ_1384	139-0	1
GQ_1385	139-0	1
GQ_1386	139-0	1
GQ_1387	139-0	1
GQ_1388	140-0	1
GQ_1389	140-0	1
GQ_1390	140-0	1
GQ_1391	140-0	1
GQ_1392	140-0	1
GQ_1393	140-0	1
GQ_1394	140-0	1
GQ_1395	141-0	1
GQ_1396	141-0	1
GQ_1397	141-0	1
GQ_1398	141-0	1
GQ_1399	141-0	1
GQ_1400	141-0	1
GQ_1401	141-0	1
GQ_1402	141-0	1
GQ_1403	141-0	1
GQ_1404	141-0	1
GQ_1405	141-0	1
GQ_1406	141-0	1
GQ_1407	141-0	1
GQ_1408	141-0	1
GQ_1409	141-0	1
GQ_1410	141-0	1
GQ_1411	141-0	1
GQ_1412	141-0	1
GQ_1413	141-0	1
GQ_1414	141-0	1
GQ_1415	142-0	1
GQ_1416	142-0	1
GQ_1417	142-0	1
GQ_1418	142-0	1
GQ_1419	142-0	1
GQ_1420	142-0	1
GQ_1421	142-0	1
GQ_1422	142-0	1
GQ_1423	142-0	1
GQ_1424	142-0	1
GQ_1425	142-0	1
GQ_1426	142-0	1
GQ_1427	142-0	1
GQ_1428	142-0	1
GQ_1429	142-0	1
GQ_1430	142-0	1
GQ_1431	142-0	1
GQ_1432	142-0	1
GQ_1433	142-1	1
GQ_1434	142-1	1
GQ_1435	142-1	1
GQ_1436	142-1	1
GQ_1437	142-1	1
GQ_1438	142-1	1
GQ_1439	143-0	1
GQ_1440	143-0	1
GQ_1441	143-0	1
GQ_1442	143-0	1
GQ_1443	143-0	1
GQ_1444	143-0	1
GQ_1445	143-0	1
GQ_1446	143-0	1
GQ_1447	144-0	1
GQ_1448	144-0	1
GQ_1449	144-0	1
GQ_1450	144-0	1
GQ_1451	144-0	1
GQ_1452	144-0	1
GQ_1453	145-0	1
GQ_1454	145-0	1
GQ_1455	145-0	1
GQ_1456	145-0	1
GQ_1457	145-0	1
GQ_1458	145-0	1
GQ_1459	145-0	1
GQ_1460	145-0	1
GQ_1461	146-0	1
GQ_1462	146-0	1
GQ_1463	146-0	1
GQ_1464	146-0	1
GQ_1465	146-0	1
GQ_1466	146-0	1
GQ_1467	146-0	1
GQ_1468	146-0	1
GQ_1469	146-0	1
GQ_1470	146-0	1
GQ_1471	146-0	1
GQ_1472	146-0	1
GQ_1473	146-0	1
GQ_1474	146-0	1
GQ_1475	146-0	1
GQ_1476	146-0	1
GQ_1477	146-0	1
GQ_1478	146-1	1
GQ_1479	146-1	1
GQ_1480	146-1	1
GQ_1481	146-1	1
GQ_1482	146-1	1
GQ_1483	146-1	1
GQ_1484	146-1	1
GQ_1485	147-0	1
GQ_1486	147-0	1
GQ_1487	147-0	1
GQ_1488	147-0	1
GQ_1489	147-0	1
GQ_1490	147-0	1
GQ_1491	147-0	1
GQ_1492	147-0	1
GQ_1493	147-0	1
GQ_1494	147-0	1
GQ_1495	147-0	1
GQ_1496	147-0	1
GQ_1497	147-0	1
GQ_1498	148-0	1
GQ_1499	149-0	1
GQ_1500	149-0	1
GQ_1501	149-0	1
GQ_1502	149-0	1
GQ_1503	149-0	1
GQ_1504	149-0	1
GQ_1505	149-0	1
GQ_1506	149-0	1
GQ_1507	149-0	1
GQ_1508	149-0	1
GQ_1509	149-0	1
GQ_1510	149-0	1
GQ_1511	150-0	1
GQ_1512	150-0	1
GQ_1513	150-0	1
GQ_1514	150-0	1
GQ_1515	151-0	1
GQ_1516	151-0	1
GQ_1517	151-0	1
GQ_1518	151-0	1
GQ_1519	151-0	1
GQ_1520	151-0	1
GQ_1521	151-0	1
GQ_1522	151-0	1
GQ_1523	151-0	1
GQ_1524	151-0	1
GQ_1525	151-0	1
GQ_1526	151-0	1
GQ_1527	151-0	1
GQ_1528	151-0	1
GQ_1529	151-0	1
GQ_1530	151-0	1
GQ_1531	151-0	1
GQ_1532	151-0	1
GQ_1533	151-0	1
GQ_1534	151-0	1
GQ_1535	151-1	1
GQ_1536	152-0	1
GQ_1537	152-0	1
GQ_1538	152-0	1
GQ_1539	152-0	1
GQ_1540	152-0	1
GQ_1541	152-0	1
GQ_1542	152-0	1
GQ_1543	152-0	1
GQ_1544	152-0	1
GQ_1545	152-0	1
GQ_1546	152-0	1
GQ_1547	152-0	1
GQ_1548	152-0	1
GQ_1549	152-0	1
GQ_1550	153-0	1
GQ_1551	153-0	1
GQ_1552	153-0	1
GQ_1553	153-0	1
GQ_1554	153-0	1
GQ_1555	153-0	1
GQ_1556	153-0	1
GQ_1557	153-0	1
GQ_1558	153-0	1
GQ_1559	153-0	1
GQ_1560	153-0	1
GQ_1561	153-1	1
GQ_1562	153-1	1
GQ_1563	153-1	1
GQ_1564	153-1	1
GQ_1565	154-0	1
GQ_1566	154-0	1
GQ_1567	154-0	1
GQ_1568	154-0	1
GQ_1569	154-0	1
GQ_1570	154-0	1
GQ_1571	154-0	1
GQ_1572	154-0	1
GQ_1573	154-0	1
GQ_1574	154-0	1
GQ_1575	154-0	1
GQ_1576	155-0	1
GQ_1577	155-0	1
GQ_1578	155-0	1
GQ_1579	155-0	1
GQ_1580	155-0	1
GQ_1581	155-0	1
GQ_1582	155-0	1
GQ_1583	155-0	1
GQ_1584	155-0	1
GQ_1585	155-0	1
GQ_1586	155-0	1
GQ_1587	155-0	1
GQ_1588	155-0	1
GQ_1589	155-0	1
GQ_1590	155-0	1
GQ_1591	155-0	1
GQ_1592	155-0	1
GQ_1593	155-0	1
GQ_1594	155-0	1
GQ_1595	155-0	1
GQ_1596	156-0	1
GQ_1597	156-0	1
GQ_1598	156-0	1
GQ_1599	156-0	1
GQ_1600	156-0	1
GQ_1601	156-0	1
GQ_1602	156-0	1
GQ_1603	156-0	1
GQ_1604	156-0	1
GQ_1605	156-0	1
GQ_1606	156-0	1
GQ_1607	156-0	1
GQ_1608	156-0	1
GQ_1609	156-0	1
GQ_1610	156-0	1
GQ_1611	156-0	1
GQ_1612	156-0	1
GQ_1613	156-1	1
GQ_1614	156-1	1
GQ_1615	156-1	1
GQ_1616	156-1	1
GQ_1617	156-1	1
GQ_1618	156-1	1
GQ_1619	157-0	1
GQ_1620	157-0	1
GQ_1621	158-0	1
GQ_1622	158-0	1
GQ_1623	158-0	1
GQ_1624	158-0	1
GQ_1625	159-0	1
GQ_1626	159-0	1
GQ_1627	159-0	1
GQ_1628	159-0	1
GQ_1629	159-0	1
GQ_1630	159-0	1
GQ_1631	159-0	1
GQ_1632	159-0	1
GQ_1633	159-0	1
GQ_1634	160-0	1
GQ_1635	160-0	1
GQ_1636	160-0	1
GQ_1637	160-0	1
GQ_1638	160-0	1
GQ_1639	160-0	1
GQ_1640	160-0	1
GQ_1641	160-0	1
GQ_1642	160-0	1
GQ_1643	160-0	1
GQ_1644	160-0	1
GQ_1645	160-0	1
GQ_1646	160-1	1
GQ_1647	160-1	1
GQ_1648	160-1	1
GQ_1649	160-1	1
GQ_1650	160-1	1
GQ_1651	160-1	1
GQ_1652	160-1	1
GQ_1653	160-1	1
GQ_1654	160-1	1
GQ_1655	160-1	1
GQ_1656	160-1	1
GQ_1657	160-1	1
GQ_1658	161-0	1
GQ_1659	161-0	1
GQ_1660	161-0	1
GQ_1661	161-0	1
GQ_1662	161-0	1
GQ_1663	161-0	1
GQ_1664	161-0	1
GQ_1665	161-0	1
GQ_1666	161-0	1
GQ_1667	161-0	1
GQ_1668	161-0	1
GQ_1669	161-0	1
GQ_1670	161-0	1
GQ_1671	161-0	1
GQ_1672	161-0	1
GQ_1673	161-0	1
GQ_1674	161-0	1
GQ_1675	161-0	1
GQ_1676	161-0	1
GQ_1677	161-1	1
GQ_1678	161-1	1
GQ_1679	161-1	1
GQ_1680	161-1	1
GQ_1681	161-1	1
GQ_1682	161-1	1
GQ_1683	161-1	1
GQ_1684	161-1	1
GQ_1685	161-1	1
GQ_1686	162-0	1
GQ_1687	162-0	1
GQ_1688	164-0	1
GQ_1689	164-0	1
GQ_1690	164-0	1
GQ_1691	164-0	1
GQ_1692	164-0	1
GQ_1693	164-0	1
GQ_1694	164-0	1
GQ_1695	164-0	1
GQ_1696	164-0	1
GQ_1697	164-0	1
GQ_1698	165-0	1
GQ_1699	165-0	1
GQ_1700	165-0	1
GQ_1701	165-0	1
GQ_1702	165-0	1
GQ_1703	165-0	1
GQ_1704	166-0	1
GQ_1705	166-0	1
GQ_1706	166-0	1
GQ_1707	167-0	1
GQ_1708	168-0	1
GQ_1709	168-0	1
GQ_1710	168-0	1
GQ_1711	169-0	1
GQ_1712	170-0	1
GQ_1713	170-0	1
GQ_1714	170-0	1
GQ_1715	170-0	1
GQ_1716	171-0	1
GQ_1717	171-0	1
GQ_1718	171-0	1
GQ_1719	171-0	1
GQ_1720	172-0	1
GQ_1721	172-0	1
GQ_1722	172-0	1
GQ_1723	173-0	1
GQ_1724	173-0	1
GQ_1725	174-0	1
GQ_1726	174-0	1
GQ_1727	174-0	1
GQ_1728	174-0	1
GQ_1729	174-0	1
GQ_1730	174-0	1
GQ_1731	175-0	1
GQ_1732	175-0	1
GQ_1733	175-0	1
GQ_1734	175-0	1
GQ_1735	175-0	1
GQ_1736	175-0	1
GQ_1737	175-0	1
GQ_1738	175-0	1
GQ_1739	175-0	1
GQ_1740	175-0	1
GQ_1741	175-0	1
GQ_1742	175-0	1
GQ_1743	175-0	1
GQ_1744	176-0	1
GQ_1745	176-0	1
GQ_1746	176-0	1
GQ_1747	176-0	1
GQ_1748	176-0	1
GQ_1749	176-0	1
GQ_1750	176-0	1
GQ_1751	177-0	1
GQ_1752	177-0	1
GQ_1753	177-0	1
GQ_1754	177-0	1
GQ_1755	177-0	1
GQ_1756	177-0	1
GQ_1757	177-0	1
GQ_1758	177-0	1
GQ_1759	177-0	1
GQ_1760	177-0	1
GQ_1761	177-0	1
GQ_1762	177-0	1
GQ_1763	177-0	1
GQ_1764	177-0	1
GQ_1765	177-0	1
GQ_1766	177-0	1
GQ_1767	177-0	1
GQ_1768	177-0	1
GQ_1769	178-0	1
GQ_1770	178-0	1
GQ_1771	179-0	1
GQ_1772	179-0	1
GQ_1773	179-0	1
GQ_1774	179-0	1
GQ_1775	180-0	1
GQ_1776	180-0	1
GQ_1777	180-0	1
GQ_1778	180-0	1
GQ_1779	180-0	1
GQ_1780	180-0	1
GQ_1781	180-0	1
GQ_1782	180-0	1
GQ_1783	180-0	1
GQ_1784	180-0	1
GQ_1785	180-0	1
GQ_1786	180-0	1
GQ_1787	180-0	1
GQ_1788	180-0	1
GQ_1789	180-0	1
GQ_1790	180-0	1
GQ_1791	181-0	1
GQ_1792	182-0	1
GQ_1793	183-0	1
GQ_1794	183-0	1
GQ_1795	183-0	1
GQ_1796	183-0	1
GQ_1797	183-0	1
GQ_1798	183-0	1
GQ_1799	184-0	1
GQ_1800	184-0	1
GQ_1801	184-0	1
GQ_1802	184-0	1
GQ_1803	184-0	1
GQ_1804	184-0	1
GQ_1805	184-0	1
GQ_1806	185-0	1
GQ_1807	185-0	1
GQ_1808	185-0	1
GQ_1809	185-0	1
GQ_1810	186-0	1
GQ_1811	187-0	1
GQ_1812	187-0	1
GQ_1813	188-0	1
GQ_1814	188-0	1
GQ_1815	188-0	1
GQ_1816	188-0	1
GQ_1817	188-0	1
GQ_1818	188-0	1
GQ_1819	188-0	1
GQ_1820	188-0	1
GQ_1821	188-0	1
GQ_1822	188-0	1
GQ_1823	188-0	1
GQ_1824	188-0	1
GQ_1825	189-0	1
GQ_1826	189-0	1
GQ_1827	189-0	1
GQ_1828	190-0	1
GQ_1829	190-0	1
GQ_1830	190-0	1
GQ_1831	190-0	1
GQ_1832	190-0	1
GQ_1833	190-0	1
GQ_1834	190-0	1
GQ_1835	190-0	1
GQ_1836	190-0	1
GQ_1837	191-0	1
GQ_1838	191-0	1
GQ_1839	191-0	1
GQ_1840	191-0	1
GQ_1841	191-0	1
GQ_1842	191-0	1
GQ_1843	191-0	1
GQ_1844	191-0	1
GQ_1845	191-0	1
GQ_1846	191-0	1
GQ_1847	191-0	1
GQ_1848	191-0	1
GQ_1849	191-0	1
GQ_1850	191-0	1
GQ_1851	191-0	1
GQ_1852	191-0	1
GQ_1853	191-0	1
GQ_1854	191-0	1
GQ_1855	191-0	1
GQ_1856	191-0	1
GQ_1857	191-0	1
GQ_1858	191-0	1
GQ_1859	191-0	1
GQ_1860	191-0	1
GQ_1861	191-0	1
GQ_1862	191-0	1
GQ_1863	191-0	1
GQ_1864	191-0	1
GQ_1865	191-0	1
GQ_1866	191-0	1
GQ_1867	191-0	1
GQ_1868	191-0	1
GQ_1869	191-0	1
GQ_1870	191-1	1
GQ_1871	191-1	1
GQ_1872	191-1	1
GQ_1873	191-1	1
GQ_1874	192-0	1
GQ_1875	192-0	1
GQ_1876	192-0	1
GQ_1877	192-0	1
GQ_1878	192-0	1
GQ_1879	192-0	1
GQ_1880	192-0	1
GQ_1881	192-0	1
GQ_1882	192-0	1
GQ_1883	192-0	1
GQ_1884	192-0	1
GQ_1885	192-0	1
GQ_1886	192-0	1
GQ_1887	192-0	1
GQ_1888	192-0	1
GQ_1889	192-0	1
GQ_1890	193-0	1
GQ_1891	193-0	1
GQ_1892	193-0	1
GQ_1893	194-0	1
GQ_1894	195-0	1
GQ_1895	195-0	1
GQ_1896	195-0	1
GQ_1897	197-0	1
GQ_1898	197-0	1
GQ_1899	197-0	1
GQ_1900	198-0	1
GQ_1901	198-0	1
GQ_1902	198-0	1
GQ_1903	198-0	1
GQ_1904	198-0	1
GQ_1905	199-0	1
GQ_1906	199-0	1
GQ_1907	199-0	1
GQ_1908	199-0	1
GQ_1909	199-0	1
GQ_1910	199-0	1
GQ_1911	199-0	1
GQ_1912	199-0	1
GQ_1913	199-0	1
GQ_1914	200-0	1
GQ_1915	200-0	1
GQ_1916	201-0	1
GQ_1917	201-0	1
GQ_1918	201-0	1
GQ_1919	201-0	1
GQ_1920	201-0	1
GQ_1921	201-0	1
GQ_1922	201-0	1
GQ_1923	201-0	1
GQ_1924	201-0	1
GQ_1925	201-0	1
GQ_1926	201-0	1
GQ_1927	201-0	1
GQ_1928	201-0	1
GQ_1929	201-0	1
GQ_1930	201-0	1
GQ_1931	201-0	1
GQ_1932	201-0	1
GQ_1933	201-0	1
GQ_1934	201-0	1
GQ_1935	201-1	1
GQ_1936	202-0	1
GQ_1937	202-0	1
GQ_1938	202-0	1
GQ_1939	202-0	1
GQ_1940	203-0	1
GQ_1941	203-0	1
GQ_1942	204-0	1
GQ_1943	204-0	1
GQ_1944	205-0	1
GQ_1945	205-0	1
GQ_1946	205-0	1
GQ_1947	205-0	1
GQ_1948	205-0	1
GQ_1949	205-0	1
GQ_1950	205-0	1
GQ_1951	205-0	1
GQ_1952	205-0	1
GQ_1953	205-0	1
GQ_1954	205-0	1
GQ_1955	205-0	1
GQ_1956	205-0	1
GQ_1957	205-0	1
GQ_1958	205-0	1
GQ_1959	205-0	1
GQ_1960	206-0	1
GQ_1961	206-0	1
GQ_1962	206-0	1
GQ_1963	206-0	1
GQ_1964	206-0	1
GQ_1965	206-0	1
GQ_1966	206-0	1
GQ_1967	206-0	1
GQ_1968	206-0	1
GQ_1969	206-0	1
GQ_1970	206-0	1
GQ_1971	207-0	1
GQ_1972	207-0	1
GQ_1973	207-0	1
GQ_1974	207-0	1
GQ_1975	207-0	1
GQ_1976	207-0	1
GQ_1977	207-0	1
GQ_1978	207-0	1
GQ_1979	207-0	1
GQ_1980	207-0	1
GQ_1981	207-0	1
GQ_1982	207-0	1
GQ_1983	207-0	1
GQ_1984	207-0	1
GQ_1985	207-0	1
GQ_1986	207-0	1
GQ_1987	207-0	1
GQ_1988	207-0	1
GQ_1989	207-0	1
GQ_1990	207-0	1
GQ_1991	208-0	1
GQ_1992	208-0	1
GQ_1993	208-0	1
GQ_1994	208-0	1
GQ_1995	208-0	1
GQ_1996	208-0	1
GQ_1997	208-0	1
GQ_1998	208-0	1
GQ_1999	208-0	1
GQ_2000	208-0	1
GQ_2001	208-0	1
GQ_2002	208-0	1
GQ_2003	208-0	1
GQ_2004	208-0	1
GQ_2005	208-0	1
GQ_2006	208-0	1
GQ_2007	208-0	1
GQ_2008	208-0	1
GQ_2009	208-0	1
GQ_2010	208-0	1
GQ_2011	208-0	1
GQ_2012	208-1	1
GQ_2013	208-1	1
GQ_2014	208-1	1
GQ_2015	208-1	1
GQ_2016	208-1	1
GQ_2017	208-1	1
GQ_2018	208-1	1
GQ_2019	208-1	1
GQ_2020	208-1	1
GQ_2021	208-1	1
GQ_2022	208-1	1
GQ_2023	208-1	1
GQ_2024	209-0	1
GQ_2025	209-0	1
GQ_2026	209-0	1
GQ_2027	209-0	1
GQ_2028	209-0	1
GQ_2029	209-0	1
GQ_2030	209-0	1
GQ_2031	209-0	1
GQ_2032	209-0	1
GQ_2033	209-0	1
GQ_2034	209-0	1
GQ_2035	209-0	1
GQ_2036	209-0	1
GQ_2037	209-0	1
GQ_2038	209-0	1
GQ_2039	209-0	1
GQ_2040	209-0	1
GQ_2041	209-0	1
GQ_2042	209-0	1
GQ_2043	209-0	1
GQ_2044	209-0	1
GQ_2045	209-0	1
GQ_2046	209-0	1
GQ_2047	210-0	1
GQ_2048	210-0	1
GQ_2049	210-0	1
GQ_2050	210-0	1
GQ_2051	210-0	1
GQ_2052	210-0	1
GQ_2053	210-0	1
GQ_2054	210-0	1
GQ_2055	210-0	1
GQ_2056	210-0	1
GQ_2057	210-0	1
GQ_2058	210-0	1
GQ_2059	210-0	1
GQ_2060	210-0	1
GQ_2061	210-0	1
GQ_2062	211-0	1
GQ_2063	211-0	1
GQ_2064	211-0	1
GQ_2065	211-0	1
GQ_2066	211-0	1
GQ_2067	211-0	1
GQ_2068	211-0	1
GQ_2069	211-0	1
GQ_2070	211-0	1
GQ_2071	211-0	1
GQ_2072	211-0	1
GQ_2073	211-0	1
GQ_2074	211-0	1
GQ_2075	211-0	1
GQ_2076	211-0	1
GQ_2077	211-0	1
GQ_2078	211-0	1
GQ_2079	211-0	1
GQ_2080	211-0	1
GQ_2081	211-0	1
GQ_2082	211-0	1
GQ_2083	211-0	1
GQ_2084	211-0	1
GQ_2085	211-0	1
GQ_2086	211-0	1
GQ_2087	211-0	1
GQ_2088	211-1	1
GQ_2089	212-0	1
GQ_2090	212-0	1
GQ_2091	212-0	1
GQ_2092	212-0	1
GQ_2093	212-0	1
GQ_2094	212-0	1
GQ_2095	212-0	1
GQ_2096	212-0	1
GQ_2097	212-0	1
GQ_2098	212-0	1
GQ_2099	212-0	1
GQ_2100	212-0	1
GQ_2101	212-0	1
GQ_2102	212-0	1
GQ_2103	212-0	1
GQ_2104	212-0	1
GQ_2105	213-0	1
GQ_2106	213-0	1
GQ_2107	213-0	1
GQ_2108	213-0	1
GQ_2109	213-0	1
GQ_2110	213-0	1
GQ_2111	213-0	1
GQ_2112	213-0	1
GQ_2113	213-0	1
GQ_2114	213-0	1
GQ_2115	213-0	1
GQ_2116	213-0	1
GQ_2117	213-0	1
GQ_2118	213-0	1
GQ_2119	213-0	1
GQ_2120	214-0	1
GQ_2121	214-0	1
GQ_2122	214-0	1
GQ_2123	214-0	1
GQ_2124	214-0	1
GQ_2125	214-0	1
GQ_2126	214-0	1
GQ_2127	214-0	1
GQ_2128	214-0	1
GQ_2129	214-0	1
GQ_2130	214-0	1
GQ_2131	214-0	1
GQ_2132	214-0	1
GQ_2133	214-0	1
GQ_2134	214-0	1
GQ_2135	214-0	1
GQ_2136	214-0	1
GQ_2137	214-0	1
GQ_2138	214-0	1
GQ_2139	214-0	1
GQ_2140	214-1	1
GQ_2141	214-1	1
GQ_2142	214-1	1
GQ_2143	214-1	1
GQ_2144	214-1	1
GQ_2145	214-1	1
GQ_2146	214-1	1
GQ_2147	214-1	1
GQ_2148	214-1	1
GQ_2149	215-0	1
GQ_2150	215-0	1
GQ_2151	216-0	1
GQ_2152	216-0	1
GQ_2153	216-0	1
GQ_2154	216-0	1
GQ_2155	216-0	1
GQ_2156	216-0	1
GQ_2157	217-0	1
GQ_2158	218-0	1
GQ_2159	218-0	1
GQ_2160	218-0	1
GQ_2161	219-0	1
GQ_2162	219-0	1
GQ_2163	220-0	1
GQ_2164	220-0	1
GQ_2165	220-0	1
GQ_2166	220-0	1
GQ_2167	220-0	1
GQ_2168	220-0	1
GQ_2169	220-0	1
GQ_2170	220-0	1
GQ_2171	220-0	1
GQ_2172	220-0	1
GQ_2173	220-0	1
GQ_2174	220-0	1
GQ_2175	220-0	1
GQ_2176	220-0	1
GQ_2177	220-0	1
GQ_2178	220-0	1
GQ_2179	220-0	1
GQ_2180	220-0	1
GQ_2181	220-0	1
GQ_2182	220-0	1
GQ_2183	220-0	1
GQ_2184	220-1	1
GQ_2185	220-1	1
GQ_2186	220-1	1
GQ_2187	220-1	1
GQ_2188	220-1	1
GQ_2189	220-1	1
GQ_2190	220-1	1
GQ_2191	220-1	1
GQ_2192	220-1	1
GQ_2193	220-1	1
GQ_2194	220-1	1
GQ_2195	221-0	1
GQ_2196	221-0	1
GQ_2197	221-0	1
GQ_2198	221-0	1
GQ_2199	221-0	1
GQ_2200	221-0	1
GQ_2201	221-0	1
GQ_2202	221-0	1
GQ_2203	221-0	1
GQ_2204	221-0	1
GQ_2205	221-0	1
GQ_2206	221-0	1
GQ_2207	221-0	1
GQ_2208	221-0	1
GQ_2209	221-0	1
GQ_2210	221-0	1
GQ_2211	222-0	1
GQ_2212	222-0	1
GQ_2213	222-0	1
GQ_2214	222-0	1
GQ_2215	222-0	1
GQ_2216	222-0	1
GQ_2217	222-0	1
GQ_2218	222-0	1
GQ_2219	222-0	1
GQ_2220	222-0	1
GQ_2221	222-0	1
GQ_2222	222-0	1
GQ_2223	222-0	1
GQ_2224	222-0	1
GQ_2225	222-0	1
GQ_2226	222-0	1
GQ_2227	222-0	1
GQ_2228	222-1	1
GQ_2229	222-1	1
GQ_2230	222-1	1
GQ_2231	222-1	1
GQ_2232	222-1	1
GQ_2233	222-1	1
GQ_2234	222-1	1
GQ_2235	222-1	1
GQ_2236	223-0	1
GQ_2237	223-0	1
GQ_2238	223-0	1
GQ_2239	223-0	1
GQ_2240	224-0	1
GQ_2241	224-0	1
GQ_2242	224-0	1
GQ_2243	224-0	1
GQ_2244	224-0	1
GQ_2245	224-0	1
GQ_2246	224-0	1
GQ_2247	224-0	1
GQ_2248	224-0	1
GQ_2249	224-0	1
GQ_2250	224-0	1
GQ_2251	224-0	1
GQ_2252	224-0	1
GQ_2253	224-0	1
GQ_2254	224-0	1
GQ_2255	224-0	1
GQ_2256	224-0	1
GQ_2257	224-0	1
GQ_2258	224-0	1
GQ_2259	224-0	1
GQ_2260	224-0	1
GQ_2261	224-0	1
GQ_2262	224-0	1
GQ_2263	224-1	1
GQ_2264	224-1	1
GQ_2265	224-1	1
GQ_2266	224-1	1
GQ_2267	224-1	1
GQ_2268	224-1	1
GQ_2269	224-1	1
GQ_2270	224-1	1
GQ_2271	224-1	1
GQ_2272	225-0	1
GQ_2273	225-0	1
GQ_2274	225-0	1
GQ_2275	225-0	1
GQ_2276	226-0	1
GQ_2277	226-0	1
GQ_2278	226-0	1
GQ_2279	226-0	1
GQ_2280	226-0	1
GQ_2281	226-0	1
GQ_2282	226-0	1
GQ_2283	226-0	1
GQ_2284	226-0	1
GQ_2285	226-0	1
GQ_2286	226-0	1
GQ_2287	226-0	1
GQ_2288	226-0	1
GQ_2289	226-0	1
GQ_2290	226-0	1
GQ_2291	226-0	1
GQ_2292	226-0	1
GQ_2293	226-0	1
GQ_2294	226-0	1
GQ_2295	226-0	1
GQ_2296	226-1	1
GQ_2297	226-1	1
GQ_2298	226-1	1
GQ_2299	226-1	1
GQ_2300	226-1	1
GQ_2301	226-1	1
GQ_2302	226-1	1
GQ_2303	226-1	1
GQ_2304	226-1	1
GQ_2305	226-1	1
GQ_2306	226-1	1
GQ_2307	226-1	1
GQ_2308	226-1	1
GQ_2309	226-1	1
GQ_2310	226-1	1
GQ_2311	226-1	1
GQ_2312	226-1	1
GQ_2313	226-1	1
GQ_2314	226-1	1
GQ_2315	226-1	1
GQ_2316	226-1	1
GQ_2317	226-1	1
GQ_2318	226-1	1
GQ_2319	226-1	1
GQ_2320	226-2	1
GQ_2321	226-2	1
GQ_2322	227-0	1
GQ_2323	227-0	1
GQ_2324	227-0	1
GQ_2325	227-0	1
GQ_2326	227-0	1
GQ_2327	227-0	1
GQ_2328	228-0	1
GQ_2329	228-0	1
GQ_2330	228-0	1
GQ_2331	228-0	1
GQ_2332	228-0	1
GQ_2333	228-0	1
GQ_2334	228-0	1
GQ_2335	228-0	1
GQ_2336	228-0	1
GQ_2337	230-0	1
GQ_2338	230-0	1
GQ_2339	230-0	1
GQ_2340	230-0	1
GQ_2341	230-0	1
GQ_2342	230-0	1
GQ_2343	230-0	1
GQ_2344	230-0	1
GQ_2345	230-0	1
GQ_2346	230-0	1
GQ_2347	230-0	1
GQ_2348	230-0	1
GQ_2349	230-0	1
GQ_2350	230-0	1
GQ_2351	230-0	1
GQ_2352	230-0	1
GQ_2353	230-0	1
GQ_2354	230-0	1
GQ_2355	230-0	1
GQ_2356	230-0	1
GQ_2357	230-0	1
GQ_2358	231-0	1
GQ_2359	231-0	1
GQ_2360	232-0	1
GQ_2361	232-0	1
GQ_2362	232-0	1
GQ_2363	232-0	1
GQ_2364	232-0	1
GQ_2365	232-0	1
GQ_2366	232-0	1
GQ_2367	232-0	1
GQ_2368	232-0	1
GQ_2369	232-0	1
GQ_2370	232-0	1
GQ_2371	232-0	1
GQ_2372	232-0	1
GQ_2373	232-0	1
GQ_2374	232-0	1
GQ_2375	233-0	1
GQ_2376	233-0	1
GQ_2377	234-0	1
GQ_2378	234-0	1
GQ_2379	234-0	1
GQ_2380	234-0	1
GQ_2381	234-0	1
GQ_2382	234-0	1
GQ_2383	234-0	1
GQ_2384	234-0	1
GQ_2385	235-0	1
GQ_2386	235-0	1
GQ_2387	235-0	1
GQ_2388	235-0	1
GQ_2389	235-0	1
GQ_2390	236-0	1
GQ_2391	236-0	1
GQ_2392	237-0	1
GQ_2393	237-0	1
GQ_2394	237-0	1
GQ_2395	237-0	1
GQ_2396	237-0	1
GQ_2397	237-0	1
GQ_2398	237-0	1
GQ_2399	237-0	1
GQ_2400	237-0	1
GQ_2401	238-0	1
GQ_2402	238-0	1
GQ_2403	238-0	1
GQ_2404	238-0	1
GQ_2405	238-0	1
GQ_2406	238-0	1
GQ_2407	238-0	1
GQ_2408	238-0	1
GQ_2409	238-0	1
GQ_2410	238-0	1
GQ_2411	238-0	1
GQ_2412	238-0	1
GQ_2413	238-0	1
GQ_2414	238-0	1
GQ_2415	238-0	1
GQ_2416	238-0	1
GQ_2417	238-0	1
GQ_2418	239-0	1
GQ_2419	239-0	1
GQ_2420	239-0	1
GQ_2421	239-0	1
GQ_2422	239-0	1
GQ_2423	239-0	1
GQ_2424	239-0	1
GQ_2425	239-0	1
GQ_2426	239-0	1
GQ_2427	239-0	1
GQ_2428	239-0	1
GQ_2429	239-0	1
GQ_2430	239-0	1
GQ_2431	239-0	1
GQ_2432	239-0	1
GQ_2433	239-0	1
GQ_2434	239-0	1
GQ_2435	239-0	1
GQ_2436	239-0	1
GQ_2437	239-0	1
GQ_2438	239-0	1
GQ_2439	239-0	1
GQ_2440	239-0	1
GQ_2441	239-0	1
GQ_2442	239-0	1
GQ_2443	239-0	1
GQ_2444	239-1	1
GQ_2445	239-1	1
GQ_2446	240-0	1
GQ_2447	240-0	1
GQ_2448	240-0	1
GQ_2449	240-0	1
GQ_2450	240-0	1
GQ_2451	240-0	1
GQ_2452	240-0	1
GQ_2453	240-0	1
GQ_2454	240-0	1
GQ_2455	241-0	1
GQ_2456	241-0	1
GQ_2457	241-0	1
GQ_2458	241-0	1
GQ_2459	241-0	1
GQ_2460	241-0	1
GQ_2461	241-0	1
GQ_2462	241-0	1
GQ_2463	241-0	1
GQ_2464	241-0	1
GQ_2465	241-0	1
GQ_2466	241-0	1
GQ_2467	241-0	1
GQ_2468	241-0	1
GQ_2469	241-0	1
GQ_2470	241-0	1
GQ_2471	241-0	1
GQ_2472	241-0	1
GQ_2473	241-0	1
GQ_2474	241-0	1
GQ_2475	241-1	1
GQ_2476	241-1	1
GQ_2477	241-1	1
GQ_2478	241-1	1
GQ_2479	241-1	1
GQ_2480	241-1	1
GQ_2481	241-1	1
GQ_2482	241-1	1
GQ_2483	241-1	1
GQ_2484	241-1	1
GQ_2485	241-1	1
GQ_2486	241-1	1
GQ_2487	241-1	1
GQ_2488	241-1	1
GQ_2489	241-1	1
GQ_2490	241-1	1
GQ_2491	241-1	1
GQ_2492	241-1	1
GQ_2493	241-1	1
GQ_2494	241-1	1
GQ_2495	241-1	1
GQ_2496	241-1	1
GQ_2497	241-1	1
GQ_2498	241-1	1
GQ_2499	241-1	1
GQ_2500	241-1	1
GQ_2501	241-1	1
GQ_2502	242-0	1
GQ_2503	242-0	1
GQ_2504	242-0	1
GQ_2505	242-0	1
GQ_2506	242-0	1
GQ_2507	242-0	1
GQ_2508	242-0	1
GQ_2509	242-0	1
GQ_2510	242-0	1
GQ_2511	242-0	1
GQ_2512	242-0	1
GQ_2513	243-0	1
GQ_2514	243-0	1
GQ_2515	243-0	1
GQ_2516	243-0	1
GQ_2517	243-0	1
GQ_2518	243-0	1
GQ_2519	243-0	1
GQ_2520	243-0	1
GQ_2521	243-0	1
GQ_2522	243-0	1
GQ_2523	243-0	1
GQ_2524	243-0	1
GQ_2525	243-0	1
GQ_2526	243-0	1
GQ_2527	243-0	1
GQ_2528	243-0	1
GQ_2529	243-0	1
GQ_2530	243-0	1
GQ_2531	243-0	1
GQ_2532	243-0	1
GQ_2533	243-0	1
GQ_2534	243-0	1
GQ_2535	243-0	1
GQ_2536	243-0	1
GQ_2537	243-0	1
GQ_2538	243-0	1
GQ_2539	243-1	1
GQ_2540	243-1	1
GQ_2541	243-1	1
GQ_2542	243-1	1
GQ_2543	243-1	1
GQ_2544	243-1	1
GQ_2545	243-1	1
GQ_2546	243-1	1
GQ_2547	244-0	1
GQ_2548	244-0	1
GQ_2549	244-0	1
GQ_2550	244-0	1
GQ_2551	244-0	1
GQ_2552	244-0	1
GQ_2553	245-0	1
GQ_2554	245-0	1
GQ_2555	245-0	1
GQ_2556	245-0	1
GQ_2557	245-0	1
GQ_2558	245-0	1
GQ_2559	245-0	1
GQ_2560	245-0	1
GQ_2561	245-0	1
GQ_2562	245-0	1
GQ_2563	245-0	1
GQ_2564	245-0	1
GQ_2565	245-0	1
GQ_2566	246-0	1
GQ_2567	246-0	1
GQ_2568	246-0	1
GQ_2569	246-0	1
GQ_2570	246-0	1
GQ_2571	246-0	1
GQ_2572	246-0	1
GQ_2573	246-0	1
GQ_2574	246-0	1
GQ_2575	246-0	1
GQ_2576	246-0	1
GQ_2577	246-0	1
GQ_2578	246-0	1
GQ_2579	246-0	1
GQ_2580	246-0	1
GQ_2581	246-0	1
GQ_2582	247-0	1
GQ_2583	247-0	1
GQ_2584	247-0	1
GQ_2585	247-0	1
GQ_2586	247-0	1
GQ_2587	247-0	1
GQ_2588	247-0	1
GQ_2589	247-0	1
GQ_2590	247-0	1
GQ_2591	247-0	1
GQ_2592	247-0	1
GQ_2593	247-0	1
GQ_2594	247-0	1
GQ_2595	247-0	1
GQ_2596	247-0	1
GQ_2597	247-0	1
GQ_2598	247-0	1
GQ_2599	247-0	1
GQ_2600	247-0	1
GQ_2601	247-0	1
GQ_2602	247-0	1
GQ_2603	247-0	1
GQ_2604	247-0	1
GQ_2605	247-0	1
GQ_2606	247-0	1
GQ_2607	247-0	1
GQ_2608	247-0	1
GQ_2609	247-0	1
GQ_2610	247-1	1
GQ_2611	247-1	1
GQ_2612	247-1	1
GQ_2613	247-1	1
GQ_2614	247-1	1
GQ_2615	247-1	1
GQ_2616	247-1	1
GQ_2617	247-1	1
GQ_2618	248-0	1
GQ_2619	248-0	1
GQ_2620	248-0	1
GQ_2621	248-0	1
GQ_2622	248-0	1
GQ_2623	248-0	1
GQ_2624	248-0	1
GQ_2625	248-0	1
GQ_2626	248-0	1
GQ_2627	248-0	1
GQ_2628	248-0	1
GQ_2629	248-0	1
GQ_2630	248-0	1
GQ_2631	248-0	1
GQ_2632	248-0	1
GQ_2633	248-0	1
GQ_2634	248-0	1
GQ_2635	248-0	1
GQ_2636	248-0	1
GQ_2637	249-0	1
GQ_2638	249-0	1
GQ_2639	249-0	1
GQ_2640	249-0	1
GQ_2641	249-0	1
GQ_2642	249-0	1
GQ_2643	249-0	1
GQ_2644	249-0	1
GQ_2645	249-0	1
GQ_2646	249-0	1
GQ_2647	249-0	1
GQ_2648	249-0	1
GQ_2649	249-0	1
GQ_2650	250-0	1
GQ_2651	250-0	1
GQ_2652	250-0	1
GQ_2653	250-0	1
GQ_2654	250-0	1
GQ_2655	250-0	1
GQ_2656	250-0	1
GQ_2657	250-0	1
GQ_2658	250-0	1
GQ_2659	250-0	1
GQ_2660	250-0	1
GQ_2661	250-0	1
GQ_2662	251-0	1
GQ_2663	251-0	1
GQ_2664	251-0	1
GQ_2665	252-0	1
GQ_2666	252-0	1
GQ_2667	252-0	1
GQ_2668	252-0	1
GQ_2669	252-0	1
GQ_2670	252-0	1
GQ_2671	252-0	1
GQ_2672	252-0	1
GQ_2673	252-0	1
GQ_2674	252-0	1
GQ_2675	252-0	1
GQ_2676	253-0	1
GQ_2677	253-0	1
GQ_2678	253-0	1
GQ_2679	253-0	1
GQ_2680	253-0	1
GQ_2681	253-0	1
GQ_2682	253-0	1
GQ_2683	253-0	1
GQ_2684	254-0	1
GQ_2685	254-0	1
GQ_2686	254-0	1
GQ_2687	254-0	1
GQ_2688	254-0	1
GQ_2689	254-0	1
GQ_2690	254-0	1
GQ_2691	254-0	1
GQ_2692	254-0	1
GQ_2693	254-0	1
GQ_2694	254-0	1
GQ_2695	254-0	1
GQ_2696	254-0	1
GQ_2697	254-0	1
GQ_2698	255-0	1
GQ_2699	255-0	1
GQ_2700	255-0	1
GQ_2701	255-0	1
GQ_2702	255-0	1
GQ_2703	255-0	1
GQ_2704	255-0	1
GQ_2705	255-0	1
GQ_2706	255-0	1
GQ_2707	255-0	1
GQ_2708	255-0	1
GQ_2709	255-0	1
GQ_2710	256-0	1
GQ_2711	256-0	1
GQ_2712	256-0	1
GQ_2713	256-0	1
GQ_2714	257-0	1
GQ_2715	257-0	1
GQ_2716	257-0	1
GQ_2717	258-0	1
GQ_2718	258-0	1
GQ_2719	259-0	1
GQ_2720	259-0	1
GQ_2721	259-0	1
GQ_2722	259-0	1
GQ_2723	259-0	1
GQ_2724	259-0	1
GQ_2725	259-0	1
GQ_2726	259-0	1
GQ_2727	259-0	1
GQ_2728	259-0	1
GQ_2729	259-0	1
GQ_2730	259-0	1
GQ_2731	259-0	1
GQ_2732	259-0	1
GQ_2733	259-0	1
GQ_2734	259-0	1
GQ_2735	259-0	1
GQ_2736	259-0	1
GQ_2737	259-0	1
GQ_2738	259-0	1
GQ_2739	259-0	1
GQ_2740	259-0	1
GQ_2741	259-0	1
GQ_2742	259-0	1
GQ_2743	259-0	1
GQ_2744	259-1	1
GQ_2745	259-1	1
GQ_2746	259-1	1
GQ_2747	259-1	1
GQ_2748	260-0	1
GQ_2749	260-0	1
GQ_2750	260-0	1
GQ_2751	261-0	1
GQ_2752	261-0	1
GQ_2753	261-0	1
GQ_2754	261-0	1
GQ_2755	261-0	1
GQ_2756	261-0	1
GQ_2757	261-0	1
GQ_2758	261-0	1
GQ_2759	261-0	1
GQ_2760	261-0	1
GQ_2761	261-0	1
GQ_2762	262-0	1
GQ_2763	262-0	1
GQ_2764	262-0	1
GQ_2765	262-0	1
GQ_2766	262-0	1
GQ_2767	262-0	1
GQ_2768	262-0	1
GQ_2769	262-0	1
GQ_2770	262-0	1
GQ_2771	262-0	1
GQ_2772	262-0	1
GQ_2773	262-0	1
GQ_2774	262-0	1
GQ_2775	263-0	1
GQ_2776	263-0	1
GQ_2777	263-0	1
GQ_2778	263-0	1
GQ_2779	263-0	1
GQ_2780	263-0	1
GQ_2781	263-0	1
GQ_2782	263-0	1
GQ_2783	263-0	1
GQ_2784	263-0	1
GQ_2785	263-0	1
GQ_2786	263-0	1
GQ_2787	263-0	1
GQ_2788	263-0	1
GQ_2789	263-0	1
GQ_2790	263-0	1
GQ_2791	263-0	1
GQ_2792	263-0	1
GQ_2793	263-0	1
GQ_2794	264-0	1
GQ_2795	264-0	1
GQ_2796	264-0	1
GQ_2797	264-0	1
GQ_2798	264-0	1
GQ_2799	264-0	1
GQ_2800	264-0	1
GQ_2801	264-0	1
GQ_2802	264-0	1
GQ_2803	264-0	1
GQ_2804	265-0	1
GQ_2805	265-0	1
GQ_2806	265-0	1
GQ_2807	265-0	1
GQ_2808	266-0	1
GQ_2809	266-0	1
GQ_2810	266-0	1
GQ_2811	266-0	1
GQ_2812	266-0	1
GQ_2813	266-0	1
GQ_2814	266-0	1
GQ_2815	266-0	1
GQ_2816	266-0	1
GQ_2817	267-0	1
GQ_2818	267-0	1
GQ_2819	267-0	1
GQ_2820	267-0	1
GQ_2821	268-0	1
GQ_2822	268-0	1
GQ_2823	268-0	1
GQ_2824	268-0	1
GQ_2825	268-0	1
GQ_2826	268-0	1
GQ_2827	268-0	1
GQ_2828	268-0	1
GQ_2829	268-0	1
GQ_2830	268-0	1
GQ_2831	268-0	1
GQ_2832	268-0	1
GQ_2833	268-0	1
GQ_2834	268-0	1
GQ_2835	268-0	1
GQ_2836	268-0	1
GQ_2837	268-0	1
GQ_2838	268-0	1
GQ_2839	268-0	1
GQ_2840	268-0	1
GQ_2841	269-0	1
GQ_2842	269-0	1
GQ_2843	269-0	1
GQ_2844	269-0	1
GQ_2845	269-0	1
GQ_2846	269-0	1
GQ_2847	269-0	1
GQ_2848	269-0	1
GQ_2849	269-0	1
GQ_2850	269-0	1
GQ_2851	269-0	1
GQ_2852	269-0	1
GQ_2853	269-0	1
GQ_2854	269-0	1
GQ_2855	270-0	1
GQ_2856	270-0	1
GQ_2857	270-0	1
GQ_2858	271-0	1
GQ_2859	271-0	1
GQ_2860	271-0	1
GQ_2861	271-0	1
GQ_2862	272-0	1
GQ_2863	272-0	1
GQ_2864	272-0	1
GQ_2865	272-0	1
GQ_2866	272-0	1
GQ_2867	272-0	1
GQ_2868	272-0	1
GQ_2869	272-0	1
GQ_2870	272-0	1
GQ_2871	272-0	1
GQ_2872	273-0	1
GQ_2873	273-0	1
GQ_2874	273-0	1
GQ_2875	273-0	1
GQ_2876	273-0	1
GQ_2877	273-0	1
GQ_2878	273-0	1
GQ_2879	273-0	1
GQ_2880	273-0	1
GQ_2881	273-0	1
GQ_2882	273-0	1
GQ_2883	273-0	1
GQ_2884	273-0	1
GQ_2885	274-0	1
GQ_2886	274-0	1
GQ_2887	274-0	1
GQ_2888	274-0	1
GQ_2889	274-0	1
GQ_2890	274-0	1
GQ_2891	274-0	1
GQ_2892	274-0	1
GQ_2893	275-0	1
GQ_2894	275-0	1
GQ_2895	275-0	1
GQ_2896	275-0	1
GQ_2897	275-0	1
GQ_2898	275-0	1
GQ_2899	275-0	1
GQ_2900	275-0	1
GQ_2901	275-0	1
GQ_2902	275-0	1
GQ_2903	275-0	1
GQ_2904	275-0	1
GQ_2905	275-0	1
GQ_2906	275-0	1
GQ_2907	275-0	1
GQ_2908	275-0	1
GQ_2909	275-0	1
GQ_2910	276-0	1
GQ_2911	276-0	1
GQ_2912	276-0	1
GQ_2913	276-0	1
GQ_2914	276-0	1
GQ_2915	277-0	1
GQ_2916	277-0	1
GQ_2917	277-0	1
GQ_2918	277-0	1
GQ_2919	277-0	1
GQ_2920	277-0	1
GQ_2921	277-0	1
GQ_2922	277-0	1
GQ_2923	277-0	1
GQ_2924	277-0	1
GQ_2925	277-0	1
GQ_2926	277-0	1
GQ_2927	277-0	1
GQ_2928	278-0	1
GQ_2929	278-0	1
GQ_2930	279-0	1
GQ_2931	279-0	1
GQ_2932	279-0	1
GQ_2933	279-0	1
GQ_2934	280-0	1
GQ_2935	280-0	1
GQ_2936	280-0	1
GQ_2937	281-0	1
GQ_2938	281-0	1
GQ_2939	282-0	1
GQ_2940	282-0	1
GQ_2941	282-0	1
GQ_2942	282-0	1
GQ_2943	282-0	1
GQ_2944	282-0	1
GQ_2945	282-0	1
GQ_2946	282-0	1
GQ_2947	283-0	1
GQ_2948	283-0	1
GQ_2949	283-0	1
GQ_2950	283-0	1
GQ_2951	283-0	1
GQ_2952	283-0	1
GQ_2953	283-0	1
GQ_2954	283-0	1
GQ_2955	283-0	1
GQ_2956	283-0	1
GQ_2957	283-0	1
GQ_2958	283-0	1
GQ_2959	283-0	1
GQ_2960	283-0	1
GQ_2961	283-0	1
GQ_2962	283-0	1
GQ_2963	283-0	1
GQ_2964	283-0	1
GQ_2965	283-0	1
GQ_2966	283-0	1
GQ_2967	283-0	1
GQ_2968	283-0	1
GQ_2969	283-0	1
GQ_2970	284-0	1
GQ_2971	284-0	1
GQ_2972	284-0	1
GQ_2973	284-0	1
GQ_2974	284-0	1
GQ_2975	284-0	1
GQ_2976	284-0	1
GQ_2977	284-0	1
GQ_2978	284-0	1
GQ_2979	284-0	1
GQ_2980	284-0	1
GQ_2981	284-0	1
GQ_2982	284-0	1
GQ_2983	285-0	1
GQ_2984	285-0	1
GQ_2985	285-0	1
GQ_2986	285-0	1
GQ_2987	285-0	1
GQ_2988	285-0	1
GQ_2989	285-0	1
GQ_2990	285-0	1
GQ_2991	285-0	1
GQ_2992	285-0	1
GQ_2993	285-0	1
GQ_2994	285-0	1
GQ_2995	285-0	1
GQ_2996	285-0	1
GQ_2997	285-0	1
GQ_2998	285-0	1
GQ_2999	285-0	1
GQ_3000	285-0	1
GQ_3001	285-0	1
GQ_3002	285-0	1
GQ_3003	285-0	1
GQ_3004	285-0	1
GQ_3005	285-0	1
GQ_3006	285-0	1
GQ_3007	286-0	1
GQ_3008	286-0	1
GQ_3009	286-0	1
GQ_3010	286-0	1
GQ_3011	286-0	1
GQ_3012	286-0	1
GQ_3013	286-0	1
GQ_3014	286-0	1
GQ_3015	286-0	1
GQ_3016	286-0	1
GQ_3017	286-0	1
GQ_3018	286-0	1
GQ_3019	286-0	1
GQ_3020	286-0	1
GQ_3021	286-0	1
GQ_3022	286-0	1
GQ_3023	286-0	1
GQ_3024	286-0	1
GQ_3025	287-0	1
GQ_3026	287-0	1
GQ_3027	287-0	1
GQ_3028	287-0	1
GQ_3029	287-0	1
GQ_3030	287-0	1
GQ_3031	287-0	1
GQ_3032	287-0	1
GQ_3033	287-0	1
GQ_3034	287-0	1
GQ_3035	287-0	1
GQ_3036	287-0	1
GQ_3037	287-0	1
GQ_3038	287-0	1
GQ_3039	287-0	1
GQ_3040	287-0	1
GQ_3041	287-0	1
GQ_3042	288-0	1
GQ_3043	288-0	1
GQ_3044	289-0	1
GQ_3045	289-0	1
GQ_3046	290-0	1
GQ_3047	290-0	1
GQ_3048	290-0	1
GQ_3049	290-0	1
GQ_3050	290-0	1
GQ_3051	291-0	1
GQ_3052	291-0	1
GQ_3053	291-0	1
GQ_3054	292-0	1
GQ_3055	293-0	1
GQ_3056	293-0	1
GQ_3057	293-0	1
GQ_3058	294-0	1
GQ_3059	294-0	1
GQ_3060	294-0	1
GQ_3061	294-0	1
GQ_3062	294-0	1
GQ_3063	294-0	1
GQ_3064	294-0	1
GQ_3065	294-0	1
GQ_3066	294-0	1
GQ_3067	294-0	1
GQ_3068	294-0	1
GQ_3069	294-0	1
GQ_3070	294-0	1
GQ_3071	294-0	1
GQ_3072	295-0	1
GQ_3073	295-0	1
GQ_3074	295-0	1
GQ_3075	295-0	1
GQ_3076	295-0	1
GQ_3077	295-0	1
GQ_3078	295-0	1
GQ_3079	296-0	1
GQ_3080	296-0	1
GQ_3081	296-0	1
GQ_3082	296-0	1
GQ_3083	296-0	1
GQ_3084	296-0	1
GQ_3085	297-0	1
GQ_3086	297-0	1
GQ_3087	297-0	1
GQ_3088	297-0	1
GQ_3089	298-0	1
GQ_3090	298-0	1
GQ_3091	298-0	1
GQ_3092	298-0	1
GQ_3093	298-0	1
GQ_3094	298-0	1
GQ_3095	298-0	1
GQ_3096	298-0	1
GQ_3097	298-0	1
GQ_3098	298-0	1
GQ_3099	298-0	1
GQ_3100	299-0	1
GQ_3101	299-0	1
GQ_3102	299-0	1
GQ_3103	299-0	1
GQ_3104	299-0	1
GQ_3105	299-0	1
GQ_3106	299-0	1
GQ_3107	299-0	1
GQ_3108	299-0	1
GQ_3109	299-0	1
GQ_3110	299-0	1
GQ_3111	299-0	1
GQ_3112	300-0	1
GQ_3113	300-0	1
GQ_3114	300-0	1
GQ_3115	300-0	1
GQ_3116	300-0	1
GQ_3117	300-0	1
GQ_3118	300-0	1
GQ_3119	300-0	1
GQ_3120	300-0	1
GQ_3121	300-0	1
GQ_3122	300-0	1
GQ_3123	300-0	1
GQ_3124	300-0	1
GQ_3125	300-0	1
GQ_3126	300-0	1
GQ_3127	300-0	1
GQ_3128	300-0	1
GQ_3129	300-0	1
GQ_3130	300-0	1
GQ_3131	301-0	1
GQ_3132	301-0	1
GQ_3133	302-0	1
GQ_3134	302-0	1
GQ_3135	302-0	1
GQ_3136	302-0	1
GQ_3137	302-0	1
GQ_3138	302-0	1
GQ_3139	302-0	1
GQ_3140	302-0	1
GQ_3141	302-0	1
GQ_3142	302-0	1
GQ_3143	302-0	1
GQ_3144	302-0	1
GQ_3145	302-0	1
GQ_3146	302-0	1
GQ_3147	303-0	1
GQ_3148	303-0	1
GQ_3149	303-0	1
GQ_3150	303-0	1
GQ_3151	303-0	1
GQ_3152	303-0	1
GQ_3153	304-0	1
GQ_3154	305-0	1
GQ_3155	305-0	1
GQ_3156	306-0	1
GQ_3157	307-0	1
GQ_3158	307-0	1
GQ_3159	307-0	1
GQ_3160	307-0	1
GQ_3161	307-0	1
GQ_3162	307-0	1
GQ_3163	307-0	1
GQ_3164	307-0	1
GQ_3165	307-0	1
GQ_3166	307-0	1
GQ_3167	308-0	1
GQ_3168	308-0	1
GQ_3169	308-0	1
GQ_3170	308-0	1
GQ_3171	308-0	1
GQ_3172	308-0	1
GQ_3173	308-0	1
GQ_3174	308-0	1
GQ_3175	308-0	1
GQ_3176	308-0	1
GQ_3177	309-0	1
GQ_3178	309-0	1
GQ_3179	309-0	1
GQ_3180	309-0	1
GQ_3181	309-0	1
GQ_3182	309-0	1
GQ_3183	309-0	1
GQ_3184	309-0	1
GQ_3185	309-0	1
GQ_3186	310-0	1
GQ_3187	310-0	1
GQ_3188	310-0	1
GQ_3189	310-0	1
GQ_3190	310-0	1
GQ_3191	310-0	1
GQ_3192	310-0	1
GQ_3193	310-0	1
GQ_3194	310-0	1
GQ_3195	310-0	1
GQ_3196	310-0	1
GQ_3197	310-0	1
GQ_3198	310-0	1
GQ_3199	310-0	1
GQ_3200	310-0	1
GQ_3201	310-0	1
GQ_3202	310-0	1
GQ_3203	311-0	1
GQ_3204	311-0	1
GQ_3205	311-0	1
GQ_3206	311-0	1
GQ_3207	311-0	1
GQ_3208	311-0	1
GQ_3209	311-0	1
GQ_3210	311-0	1
GQ_3211	311-0	1
GQ_3212	311-0	1
GQ_3213	311-0	1
GQ_3214	312-0	1
GQ_3215	312-0	1
GQ_3216	314-0	1
GQ_3217	314-0	1
GQ_3218	314-0	1
GQ_3219	315-0	1
GQ_3220	315-0	1
GQ_3221	315-0	1
GQ_3222	315-0	1
GQ_3223	315-0	1
GQ_3224	315-0	1
GQ_3225	315-0	1
GQ_3226	315-0	1
GQ_3227	315-0	1
GQ_3228	315-0	1
GQ_3229	315-0	1
GQ_3230	315-0	1
GQ_3231	315-0	1
GQ_3232	315-0	1
GQ_3233	315-0	1
GQ_3234	315-0	1
GQ_3235	316-0	1
GQ_3236	316-0	1
GQ_3237	316-0	1
GQ_3238	316-0	1
GQ_3239	316-0	1
GQ_3240	317-0	1
GQ_3241	317-0	1
GQ_3242	317-0	1
GQ_3243	317-0	1
GQ_3244	317-0	1
GQ_3245	317-0	1
GQ_3246	317-0	1
GQ_3247	317-0	1
GQ_3248	317-0	1
GQ_3249	317-0	1
GQ_3250	317-0	1
GQ_3251	317-0	1
GQ_3252	317-0	1
GQ_3253	317-0	1
GQ_3254	317-0	1
GQ_3255	317-0	1
GQ_3256	317-0	1
GQ_3257	317-0	1
GQ_3258	317-0	1
GQ_3259	317-0	1
GQ_3260	317-0	1
GQ_3261	317-0	1
GQ_3262	318-0	1
GQ_3263	318-0	1
GQ_3264	318-0	1
GQ_3265	318-0	1
GQ_3266	318-0	1
GQ_3267	318-0	1
GQ_3268	318-0	1
GQ_3269	318-0	1
GQ_3270	318-0	1
GQ_3271	318-0	1
GQ_3272	318-0	1
GQ_3273	318-0	1
GQ_3274	318-0	1
GQ_3275	318-0	1
GQ_3276	318-0	1
GQ_3277	318-0	1
GQ_3278	318-0	1
GQ_3279	319-0	1
GQ_3280	319-0	1
GQ_3281	319-0	1
GQ_3282	319-0	1
GQ_3283	319-0	1
GQ_3284	319-0	1
GQ_3285	319-0	1
GQ_3286	319-0	1
GQ_3287	319-0	1
GQ_3288	319-0	1
GQ_3289	319-0	1
GQ_3290	319-0	1
GQ_3291	319-0	1
GQ_3292	319-0	1
GQ_3293	320-0	1
GQ_3294	320-0	1
GQ_3295	320-0	1
GQ_3296	320-0	1
GQ_3297	320-0	1
GQ_3298	320-0	1
GQ_3299	320-0	1
GQ_3300	320-0	1
GQ_3301	320-0	1
GQ_3302	320-0	1
GQ_3303	320-0	1
GQ_3304	320-0	1
GQ_3305	320-0	1
GQ_3306	321-0	1
GQ_3307	321-0	1
GQ_3308	321-0	1
GQ_3309	321-0	1
GQ_3310	321-0	1
GQ_3311	321-0	1
GQ_3312	321-0	1
GQ_3313	321-0	1
GQ_3314	321-0	1
GQ_3315	321-0	1
GQ_3316	321-0	1
GQ_3317	321-0	1
GQ_3318	321-0	1
GQ_3319	321-0	1
GQ_3320	322-0	1
GQ_3321	322-0	1
GQ_3322	322-0	1
GQ_3323	322-0	1
GQ_3324	322-0	1
GQ_3325	322-0	1
GQ_3326	322-0	1
GQ_3327	322-0	1
GQ_3328	322-0	1
GQ_3329	322-0	1
GQ_3330	322-0	1
GQ_3331	322-0	1
GQ_3332	322-0	1
GQ_3333	322-0	1
GQ_3334	322-0	1
GQ_3335	323-0	1
GQ_3336	323-0	1
GQ_3337	323-0	1
GQ_3338	323-0	1
GQ_3339	323-0	1
GQ_3340	323-0	1
GQ_3341	323-0	1
GQ_3342	323-0	1
GQ_3343	323-0	1
GQ_3344	323-0	1
GQ_3345	323-0	1
GQ_3346	323-0	1
GQ_3347	323-0	1
GQ_3348	323-0	1
GQ_3349	323-0	1
GQ_3350	323-0	1
GQ_3351	323-0	1
GQ_3352	323-0	1
GQ_3353	323-0	1
GQ_3354	323-1	1
GQ_3355	323-1	1
GQ_3356	323-1	1
GQ_3357	323-1	1
GQ_3358	323-1	1
GQ_3359	324-0	1
GQ_3360	324-0	1
GQ_3361	324-0	1
GQ_3362	324-0	1
GQ_3363	324-0	1
GQ_3364	324-0	1
GQ_3365	324-0	1
GQ_3366	324-0	1
GQ_3367	324-0	1
GQ_3368	324-0	1
GQ_3369	324-0	1
GQ_3370	324-0	1
GQ_3371	324-0	1
GQ_3372	324-0	1
GQ_3373	325-0	1
GQ_3374	325-0	1
GQ_3375	325-0	1
GQ_3376	325-0	1
GQ_3377	325-0	1
GQ_3378	325-0	1
GQ_3379	325-0	1
GQ_3380	325-0	1
GQ_3381	325-0	1
GQ_3382	325-0	1
GQ_3383	325-0	1
GQ_3384	325-0	1
GQ_3385	325-0	1
GQ_3386	325-0	1
GQ_3387	325-0	1
GQ_3388	325-0	1
GQ_3389	325-0	1
GQ_3390	325-0	1
GQ_3391	325-0	1
GQ_3392	325-1	1
GQ_3393	325-1	1
GQ_3394	326-0	1
GQ_3395	326-0	1
GQ_3396	326-0	1
GQ_3397	326-0	1
GQ_3398	326-0	1
GQ_3399	326-0	1
GQ_3400	326-0	1
GQ_3401	326-0	1
GQ_3402	326-0	1
GQ_3403	326-0	1
GQ_3404	326-0	1
GQ_3405	326-0	1
GQ_3406	326-0	1
GQ_3407	326-0	1
GQ_3408	326-0	1
GQ_3409	327-0	1
GQ_3410	328-0	1
GQ_3411	329-0	1
GQ_3412	329-0	1
GQ_3413	329-0	1
GQ_3414	330-0	1
GQ_3415	330-0	1
GQ_3416	330-0	1
GQ_3417	330-0	1
GQ_3418	330-0	1
GQ_3419	331-0	1
GQ_3420	331-0	1
GQ_3421	331-0	1
GQ_3422	331-0	1
GQ_3423	331-0	1
GQ_3424	331-0	1
GQ_3425	331-0	1
GQ_3426	332-0	1
GQ_3427	332-0	1
GQ_3428	332-0	1
GQ_3429	332-0	1
GQ_3430	332-0	1
GQ_3431	332-0	1
GQ_3432	332-0	1
GQ_3433	332-0	1
GQ_3434	332-0	1
GQ_3435	332-0	1
GQ_3436	332-0	1
GQ_3437	332-0	1
GQ_3438	332-0	1
GQ_3439	332-0	1
GQ_3440	332-0	1
GQ_3441	332-0	1
GQ_3442	332-0	1
GQ_3443	332-0	1
GQ_3444	332-0	1
GQ_3445	332-0	1
GQ_3446	333-0	1
GQ_3447	333-0	1
GQ_3448	333-0	1
GQ_3449	333-0	1
GQ_3450	333-0	1
GQ_3451	333-0	1
GQ_3452	333-0	1
GQ_3453	333-0	1
GQ_3454	333-0	1
GQ_3455	333-0	1
GQ_3456	333-0	1
GQ_3457	333-0	1
GQ_3458	333-0	1
GQ_3459	333-0	1
GQ_3460	333-0	1
GQ_3461	333-0	1
GQ_3462	334-0	1
GQ_3463	334-0	1
GQ_3464	334-0	1
GQ_3465	334-0	1
GQ_3466	334-0	1
GQ_3467	334-0	1
GQ_3468	334-0	1
GQ_3469	334-0	1
GQ_3470	334-0	1
GQ_3471	334-0	1
GQ_3472	334-0	1
GQ_3473	334-0	1
GQ_3474	334-0	1
GQ_3475	334-0	1
GQ_3476	335-0	1
GQ_3477	335-0	1
GQ_3478	335-0	1
GQ_3479	335-0	1
GQ_3480	335-0	1
GQ_3481	335-0	1
GQ_3482	335-0	1
GQ_3483	335-0	1
GQ_3484	336-0	1
GQ_3485	336-0	1
GQ_3486	336-0	1
GQ_3487	337-0	1
GQ_3488	337-0	1
GQ_3489	337-0	1
GQ_3490	337-0	1
GQ_3491	337-0	1
GQ_3492	337-0	1
GQ_3493	337-0	1
GQ_3494	337-0	1
GQ_3495	337-0	1
GQ_3496	337-0	1
GQ_3497	337-0	1
GQ_3498	337-0	1
GQ_3499	337-0	1
GQ_3500	337-0	1
GQ_3501	337-0	1
GQ_3502	337-0	1
GQ_3503	337-0	1
GQ_3504	337-0	1
GQ_3505	337-0	1
GQ_3506	337-0	1
GQ_3507	338-0	1
GQ_3508	338-0	1
GQ_3509	338-0	1
GQ_3510	338-0	1
GQ_3511	338-0	1
GQ_3512	338-0	1
GQ_3513	338-0	1
GQ_3514	338-0	1
GQ_3515	339-0	1
GQ_3516	339-0	1
GQ_3517	339-0	1
GQ_3518	339-0	1
GQ_3519	339-0	1
GQ_3520	339-0	1
GQ_3521	339-0	1
GQ_3522	339-0	1
GQ_3523	339-0	1
GQ_3524	339-0	1
GQ_3525	339-0	1
GQ_3526	339-0	1
GQ_3527	339-0	1
GQ_3528	339-0	1
GQ_3529	339-0	1
GQ_3530	339-0	1
GQ_3531	339-0	1
GQ_3532	339-0	1
GQ_3533	339-0	1
GQ_3534	339-0	1
GQ_3535	339-0	1
GQ_3536	340-0	1
GQ_3537	340-0	1
GQ_3538	340-0	1
GQ_3539	340-0	1
GQ_3540	340-0	1
GQ_3541	340-0	1
GQ_3542	340-0	1
GQ_3543	340-0	1
GQ_3544	340-0	1
GQ_3545	340-0	1
GQ_3546	340-0	1
GQ_3547	340-0	1
GQ_3548	340-0	1
GQ_3549	340-0	1
GQ_3550	340-0	1
GQ_3551	340-0	1
GQ_3552	340-0	1
GQ_3553	340-0	1
GQ_3554	340-0	1
GQ_3555	340-0	1
GQ_3556	340-0	1
GQ_3557	341-0	1
GQ_3558	341-0	1
GQ_3559	341-0	1
GQ_3560	341-0	1
GQ_3561	341-0	1
GQ_3562	341-0	1
GQ_3563	341-0	1
GQ_3564	341-0	1
GQ_3565	341-0	1
GQ_3566	341-0	1
GQ_3567	341-0	1
GQ_3568	341-0	1
GQ_3569	341-0	1
GQ_3570	341-0	1
GQ_3571	341-0	1
GQ_3572	341-0	1
GQ_3573	341-0	1
GQ_3574	341-0	1
GQ_3575	341-0	1
GQ_3576	341-0	1
GQ_3577	341-0	1
GQ_3578	341-0	1
GQ_3579	341-0	1
GQ_3580	341-0	1
GQ_3581	341-0	1
GQ_3582	341-0	1
GQ_3583	341-0	1
GQ_3584	341-0	1
GQ_3585	342-0	1
GQ_3586	342-0	1
GQ_3587	342-0	1
GQ_3588	342-0	1
GQ_3589	342-0	1
GQ_3590	342-0	1
GQ_3591	342-0	1
GQ_3592	342-0	1
GQ_3593	342-0	1
GQ_3594	342-0	1
GQ_3595	342-0	1
GQ_3596	342-0	1
GQ_3597	342-0	1
GQ_3598	342-0	1
GQ_3599	342-0	1
GQ_3600	342-0	1
GQ_3601	342-0	1
GQ_3602	343-0	1
GQ_3603	343-0	1
GQ_3604	343-0	1
GQ_3605	343-0	1
GQ_3606	343-0	1
GQ_3607	343-0	1
GQ_3608	343-0	1
GQ_3609	343-0	1
GQ_3610	343-0	1
GQ_3611	343-0	1
GQ_3612	343-0	1
GQ_3613	343-0	1
GQ_3614	344-0	1
GQ_3615	344-0	1
GQ_3616	344-0	1
GQ_3617	344-0	1
GQ_3618	344-0	1
GQ_3619	345-0	1
GQ_3620	345-0	1
GQ_3621	345-0	1
GQ_3622	345-0	1
GQ_3623	345-0	1
GQ_3624	345-0	1
GQ_3625	345-0	1
GQ_3626	345-0	1
GQ_3627	345-0	1
GQ_3628	345-0	1
GQ_3629	345-0	1
GQ_3630	345-0	1
GQ_3631	345-0	1
GQ_3632	346-0	1
GQ_3633	346-0	1
GQ_3634	346-0	1
GQ_3635	346-0	1
GQ_3636	346-0	1
GQ_3637	346-0	1
GQ_3638	346-0	1
GQ_3639	346-0	1
GQ_3640	346-0	1
GQ_3641	346-0	1
GQ_3642	346-0	1
GQ_3643	346-0	1
GQ_3644	346-0	1
GQ_3645	346-0	1
GQ_3646	346-0	1
GQ_3647	346-0	1
GQ_3648	347-0	1
GQ_3649	347-0	1
GQ_3650	347-0	1
GQ_3651	347-0	1
GQ_3652	347-0	1
GQ_3653	347-0	1
GQ_3654	347-0	1
GQ_3655	347-0	1
GQ_3656	348-0	1
GQ_3657	348-0	1
GQ_3658	348-0	1
GQ_3659	348-0	1
GQ_3660	348-0	1
GQ_3661	348-0	1
GQ_3662	348-0	1
GQ_3663	349-0	1
GQ_3664	349-0	1
GQ_3665	349-0	1
GQ_3666	349-0	1
GQ_3667	349-0	1
GQ_3668	350-0	1
GQ_3669	350-0	1
GQ_3670	350-0	1
GQ_3671	350-0	1
GQ_3672	350-0	1
GQ_3673	350-0	1
GQ_3674	350-0	1
GQ_3675	350-0	1
GQ_3676	350-0	1
GQ_3677	350-0	1
GQ_3678	350-0	1
GQ_3679	350-0	1
GQ_3680	350-0	1
GQ_3681	350-0	1
GQ_3682	350-0	1
GQ_3683	350-0	1
GQ_3684	350-0	1
GQ_3685	350-0	1
GQ_3686	350-0	1
GQ_3687	350-0	1
GQ_3688	350-0	1
GQ_3689	350-0	1
GQ_3690	350-1	1
GQ_3691	350-1	1
GQ_3692	350-1	1
GQ_3693	351-0	1
GQ_3694	351-0	1
GQ_3695	351-0	1
GQ_3696	351-0	1
GQ_3697	351-0	1
GQ_3698	351-0	1
GQ_3699	351-0	1
GQ_3700	351-0	1
GQ_3701	351-0	1
GQ_3702	352-0	1
GQ_3703	352-0	1
GQ_3704	352-0	1
GQ_3705	352-0	1
GQ_3706	352-0	1
GQ_3707	352-0	1
GQ_3708	352-0	1
GQ_3709	352-0	1
GQ_3710	352-0	1
GQ_3711	352-0	1
GQ_3712	353-0	1
GQ_3713	353-0	1
GQ_3714	353-0	1
GQ_3715	353-0	1
GQ_3716	353-0	1
GQ_3717	353-0	1
GQ_3718	353-0	1
GQ_3719	353-0	1
GQ_3720	353-0	1
GQ_3721	353-0	1
GQ_3722	353-0	1
GQ_3723	353-0	1
GQ_3724	353-0	1
GQ_3725	353-0	1
GQ_3726	353-0	1
GQ_3727	353-0	1
GQ_3728	353-0	1
GQ_3729	353-0	1
GQ_3730	353-1	1
GQ_3731	353-1	1
GQ_3732	353-1	1
GQ_3733	353-1	1
GQ_3734	353-1	1
GQ_3735	353-1	1
GQ_3736	353-1	1
GQ_3737	353-1	1
GQ_3738	353-1	1
GQ_3739	353-1	1
GQ_3740	353-1	1
GQ_3741	353-1	1
GQ_3742	353-1	1
GQ_3743	353-1	1
GQ_3744	354-0	1
GQ_3745	354-0	1
GQ_3746	354-0	1
GQ_3747	354-0	1
GQ_3748	354-0	1
GQ_3749	354-0	1
GQ_3750	354-0	1
GQ_3751	354-0	1
GQ_3752	354-0	1
GQ_3753	354-0	1
GQ_3754	354-0	1
GQ_3755	354-0	1
GQ_3756	354-0	1
GQ_3757	354-0	1
GQ_3758	354-0	1
GQ_3759	354-0	1
GQ_3760	354-0	1
GQ_3761	354-0	1
GQ_3762	354-0	1
GQ_3763	354-0	1
GQ_3764	354-1	1
GQ_3765	354-1	1
GQ_3766	354-1	1
GQ_3767	354-1	1
GQ_3768	354-1	1
GQ_3769	354-1	1
GQ_3770	354-1	1
GQ_3771	354-1	1
GQ_3772	354-1	1
GQ_3773	354-1	1
GQ_3774	354-1	1
GQ_3775	354-1	1
GQ_3776	354-1	1
GQ_3777	354-1	1
GQ_3778	354-1	1
GQ_3779	354-1	1
GQ_3780	354-1	1
GQ_3781	354-1	1
GQ_3782	354-1	1
GQ_3783	354-1	1
GQ_3784	354-1	1
GQ_3785	354-2	1
GQ_3786	354-2	1
GQ_3787	354-2	1
GQ_3788	354-2	1
GQ_3789	354-2	1
GQ_3790	354-2	1
GQ_3791	354-2	1
GQ_3792	354-2	1
GQ_3793	354-2	1
GQ_3794	355-0	1
GQ_3795	355-0	1
GQ_3796	355-0	1
GQ_3797	355-0	1
GQ_3798	355-0	1
GQ_3799	355-0	1
GQ_3800	355-0	1
GQ_3801	355-0	1
GQ_3802	356-0	1
GQ_3803	356-0	1
GQ_3804	356-0	1
GQ_3805	356-0	1
GQ_3806	356-0	1
GQ_3807	356-0	1
GQ_3808	356-0	1
GQ_3809	356-0	1
GQ_3810	356-0	1
GQ_3811	356-0	1
GQ_3812	356-0	1
GQ_3813	356-0	1
GQ_3814	356-0	1
GQ_3815	356-0	1
GQ_3816	356-0	1
GQ_3817	356-0	1
GQ_3818	356-0	1
GQ_3819	356-0	1
GQ_3820	356-0	1
GQ_3821	356-0	1
GQ_3822	356-0	1
GQ_3823	356-0	1
GQ_3824	356-0	1
GQ_3825	356-0	1
GQ_3826	356-0	1
GQ_3827	356-1	1
GQ_3828	357-0	1
GQ_3829	357-0	1
GQ_3830	357-0	1
GQ_3831	357-0	1
GQ_3832	357-0	1
GQ_3833	357-0	1
GQ_3834	357-0	1
GQ_3835	357-0	1
GQ_3836	357-0	1
GQ_3837	357-0	1
GQ_3838	357-0	1
GQ_3839	357-0	1
GQ_3840	357-0	1
GQ_3841	357-0	1
GQ_3842	357-0	1
GQ_3843	357-0	1
GQ_3844	357-0	1
GQ_3845	357-0	1
GQ_3846	357-0	1
GQ_3847	357-0	1
GQ_3848	357-0	1
GQ_3849	357-0	1
GQ_3850	357-0	1
GQ_3851	357-0	1
GQ_3852	357-0	1
GQ_3853	357-0	1
GQ_3854	357-0	1
GQ_3855	357-0	1
GQ_3856	358-0	1
GQ_3857	358-0	1
GQ_3858	358-0	1
GQ_3859	358-0	1
GQ_3860	358-0	1
GQ_3861	358-0	1
GQ_3862	358-0	1
GQ_3863	358-0	1
GQ_3864	359-0	1
GQ_3865	359-0	1
GQ_3866	359-0	1
GQ_3867	359-0	1
GQ_3868	359-0	1
GQ_3869	359-0	1
GQ_3870	359-0	1
GQ_3871	359-0	1
GQ_3872	360-0	1
GQ_3873	360-0	1
GQ_3874	360-0	1
GQ_3875	360-0	1
GQ_3876	360-0	1
GQ_3877	360-0	1
GQ_3878	360-0	1
GQ_3879	361-0	1
GQ_3880	361-0	1
GQ_3881	361-0	1
GQ_3882	361-0	1
GQ_3883	361-0	1
GQ_3884	362-0	1
GQ_3885	362-0	1
GQ_3886	362-0	1
GQ_3887	362-0	1
GQ_3888	362-0	1
GQ_3889	362-0	1
GQ_3890	362-0	1
GQ_3891	362-0	1
GQ_3892	362-0	1
GQ_3893	362-0	1
GQ_3894	363-0	1
GQ_3895	363-0	1
GQ_3896	363-0	1
GQ_3897	363-0	1
GQ_3898	363-0	1
GQ_3899	363-0	1
GQ_3900	363-0	1
GQ_3901	363-0	1
GQ_3902	363-0	1
GQ_3903	363-0	1
GQ_3904	363-0	1
GQ_3905	363-0	1
GQ_3906	363-0	1
GQ_3907	364-0	1
GQ_3908	364-0	1
GQ_3909	364-0	1
GQ_3910	364-0	1
GQ_3911	364-0	1
GQ_3912	365-0	1
GQ_3913	365-0	1
GQ_3914	365-0	1
GQ_3915	365-0	1
GQ_3916	366-0	1
GQ_3917	366-0	1
GQ_3918	366-0	1
GQ_3919	366-0	1
GQ_3920	366-0	1
GQ_3921	366-0	1
GQ_3922	367-0	1
GQ_3923	367-0	1
GQ_3924	367-0	1
GQ_3925	367-0	1
GQ_3926	367-0	1
GQ_3927	367-0	1
GQ_3928	367-0	1
GQ_3929	367-0	1
GQ_3930	368-0	1
GQ_3931	368-0	1
GQ_3932	368-0	1
GQ_3933	368-0	1
GQ_3934	368-0	1
GQ_3935	368-0	1
GQ_3936	368-0	1
GQ_3937	368-0	1
GQ_3938	368-0	1
GQ_3939	368-0	1
GQ_3940	368-0	1
GQ_3941	368-0	1
GQ_3942	368-0	1
GQ_3943	368-0	1
GQ_3944	368-0	1
GQ_3945	369-0	1
GQ_3946	369-0	1
GQ_3947	369-0	1
GQ_3948	369-0	1
GQ_3949	369-0	1
GQ_3950	369-0	1
GQ_3951	369-0	1
GQ_3952	369-0	1
GQ_3953	369-0	1
GQ_3954	369-0	1
GQ_3955	369-0	1
GQ_3956	369-0	1
GQ_3957	369-0	1
GQ_3958	369-0	1
GQ_3959	369-0	1
GQ_3960	369-0	1
GQ_3961	369-0	1
GQ_3962	369-0	1
GQ_3963	369-0	1
GQ_3964	369-0	1
GQ_3965	369-1	1
GQ_3966	369-1	1
GQ_3967	369-1	1
GQ_3968	369-1	1
GQ_3969	370-0	1
GQ_3970	370-0	1
GQ_3971	371-0	1
GQ_3972	372-0	1
GQ_3973	372-0	1
GQ_3974	372-0	1
GQ_3975	372-0	1
GQ_3976	372-0	1
GQ_3977	372-0	1
GQ_3978	372-0	1
GQ_3979	372-0	1
GQ_3980	372-0	1
GQ_3981	372-0	1
GQ_3982	373-0	1
GQ_3983	373-0	1
GQ_3984	373-0	1
GQ_3985	373-0	1
GQ_3986	373-0	1
GQ_3987	373-0	1
GQ_3988	374-0	1
GQ_3989	374-0	1
GQ_3990	374-0	1
GQ_3991	374-0	1
GQ_3992	374-0	1
GQ_3993	374-0	1
GQ_3994	374-0	1
GQ_3995	375-0	1
GQ_3996	375-0	1
GQ_3997	375-0	1
GQ_3998	375-0	1
GQ_3999	376-0	1
GQ_4000	377-0	1
GQ_4001	377-0	1
GQ_4002	377-0	1
GQ_4003	377-0	1
GQ_4004	377-0	1
GQ_4005	377-0	1
GQ_4006	377-0	1
GQ_4007	377-0	1
GQ_4008	377-0	1
GQ_4009	378-0	1
GQ_4010	378-0	1
GQ_4011	378-0	1
GQ_4012	378-0	1
GQ_4013	378-0	1
GQ_4014	378-0	1
GQ_4015	379-0	1
GQ_4016	379-0	1
GQ_4017	380-0	1
GQ_4018	380-0	1
GQ_4019	380-0	1
GQ_4020	380-0	1
GQ_4021	380-0	1
GQ_4022	380-0	1
GQ_4023	380-0	1
GQ_4024	381-0	1
GQ_4025	381-0	1
GQ_4026	381-0	1
GQ_4027	381-0	1
GQ_4028	381-0	1
GQ_4029	381-0	1
GQ_4030	381-0	1
GQ_4031	381-0	1
GQ_4032	381-0	1
GQ_4033	381-0	1
GQ_4034	382-0	1
GQ_4035	383-0	1
GQ_4036	383-0	1
GQ_4037	383-0	1
GQ_4038	383-0	1
GQ_4039	383-0	1
GQ_4040	383-0	1
GQ_4041	383-0	1
GQ_4042	383-0	1
GQ_4043	383-0	1
GQ_4044	383-0	1
GQ_4045	384-0	1
GQ_4046	385-0	1
GQ_4047	385-0	1
GQ_4048	385-0	1
GQ_4049	385-0	1
GQ_4050	385-0	1
GQ_4051	385-0	1
GQ_4052	385-0	1
GQ_4053	385-0	1
GQ_4054	385-0	1
GQ_4055	385-0	1
GQ_4056	386-0	1
GQ_4057	386-0	1
GQ_4058	386-0	1
GQ_4059	386-0	1
GQ_4060	387-0	1
GQ_4061	387-0	1
GQ_4062	387-0	1
GQ_4063	387-0	1
GQ_4064	387-0	1
GQ_4065	387-0	1
GQ_4066	387-0	1
GQ_4067	387-0	1
GQ_4068	387-0	1
GQ_4069	387-0	1
GQ_4070	387-0	1
GQ_4071	387-0	1
GQ_4072	387-0	1
GQ_4073	387-0	1
GQ_4074	387-0	1
GQ_4075	387-0	1
GQ_4076	387-0	1
GQ_4077	387-0	1
GQ_4078	387-0	1
GQ_4079	387-0	1
GQ_4080	388-0	1
GQ_4081	388-0	1
GQ_4082	388-0	1
GQ_4083	389-0	1
GQ_4084	389-0	1
GQ_4085	389-0	1
GQ_4086	389-0	1
GQ_4087	389-0	1
GQ_4088	389-0	1
GQ_4089	390-0	1
GQ_4090	390-0	1
GQ_4091	390-0	1
GQ_4092	390-0	1
GQ_4093	390-0	1
GQ_4094	390-0	1
GQ_4095	390-0	1
GQ_4096	390-0	1
GQ_4097	390-0	1
GQ_4098	390-0	1
GQ_4099	390-0	1
GQ_4100	390-0	1
GQ_4101	390-0	1
GQ_4102	390-0	1
GQ_4103	390-0	1
GQ_4104	390-0	1
GQ_4105	390-0	1
GQ_4106	390-0	1
GQ_4107	390-0	1
GQ_4108	390-0	1
GQ_4109	390-0	1
GQ_4110	390-0	1
GQ_4111	390-0	1
GQ_4112	390-0	1
GQ_4113	390-1	1
GQ_4114	390-1	1
GQ_4115	390-1	1
GQ_4116	390-1	1
GQ_4117	390-1	1
GQ_4118	390-1	1
GQ_4119	390-1	1
GQ_4120	390-1	1
GQ_4121	390-1	1
GQ_4122	390-1	1
GQ_4123	390-1	1
GQ_4124	390-1	1
GQ_4125	390-1	1
GQ_4126	391-0	1
GQ_4127	391-0	1
GQ_4128	391-0	1
GQ_4129	391-0	1
GQ_4130	391-0	1
GQ_4131	391-0	1
GQ_4132	391-0	1
GQ_4133	391-0	1
GQ_4134	391-0	1
GQ_4135	391-0	1
GQ_4136	391-0	1
GQ_4137	391-0	1
GQ_4138	391-0	1
GQ_4139	392-0	1
GQ_4140	392-0	1
GQ_4141	392-0	1
GQ_4142	392-0	1
GQ_4143	392-0	1
GQ_4144	392-0	1
GQ_4145	392-0	1
GQ_4146	393-0	1
GQ_4147	393-0	1
GQ_4148	393-0	1
GQ_4149	393-0	1
GQ_4150	393-0	1
GQ_4151	394-0	1
GQ_4152	394-0	1
GQ_4153	394-0	1
GQ_4154	394-0	1
GQ_4155	394-0	1
GQ_4156	395-0	1
GQ_4157	395-0	1
GQ_4158	395-0	1
GQ_4159	395-0	1
GQ_4160	396-0	1
GQ_4161	396-0	1
GQ_4162	396-0	1
GQ_4163	396-0	1
GQ_4164	396-0	1
GQ_4165	396-0	1
GQ_4166	396-0	1
GQ_4167	396-0	1
GQ_4168	396-0	1
GQ_4169	396-0	1
GQ_4170	396-0	1
GQ_4171	396-0	1
GQ_4172	396-0	1
GQ_4173	396-0	1
GQ_4174	396-0	1
GQ_4175	396-0	1
GQ_4176	396-0	1
GQ_4177	396-1	1
GQ_4178	396-1	1
GQ_4179	396-1	1
GQ_4180	396-1	1
GQ_4181	396-1	1
GQ_4182	396-1	1
GQ_4183	397-0	1
GQ_4184	397-0	1
GQ_4185	397-0	1
GQ_4186	397-0	1
GQ_4187	397-0	1
GQ_4188	397-0	1
GQ_4189	397-0	1
GQ_4190	398-0	1
GQ_4191	398-0	1
GQ_4192	398-0	1
GQ_4193	399-0	1
GQ_4194	399-0	1
GQ_4195	399-0	1
GQ_4196	399-0	1
GQ_4197	399-0	1
GQ_4198	399-0	1
GQ_4199	400-0	1
GQ_4200	401-0	1
GQ_4201	401-0	1
GQ_4202	402-0	1
GQ_4203	402-0	1
GQ_4204	403-0	1
GQ_4205	403-0	1
GQ_4206	403-0	1
GQ_4207	403-0	1
GQ_4208	403-0	1
GQ_4209	403-0	1
GQ_4210	403-0	1
GQ_4211	403-0	1
GQ_4212	403-0	1
GQ_4213	403-0	1
GQ_4214	403-0	1
GQ_4215	404-0	1
GQ_4216	404-0	1
GQ_4217	404-0	1
GQ_4218	404-0	1
GQ_4219	405-0	1
GQ_4220	405-0	1
GQ_4221	405-0	1
GQ_4222	406-0	1
GQ_4223	407-0	1
GQ_4224	407-0	1
GQ_4225	407-0	1
GQ_4226	407-0	1
GQ_4227	407-0	1
GQ_4228	407-0	1
GQ_4229	407-0	1
GQ_4230	407-0	1
GQ_4231	407-0	1
GQ_4232	407-0	1
GQ_4233	407-0	1
GQ_4234	407-0	1
GQ_4235	407-0	1
GQ_4236	408-0	1
GQ_4237	408-0	1
GQ_4238	408-0	1
GQ_4239	408-0	1
GQ_4240	408-0	1
GQ_4241	408-0	1
GQ_4242	408-0	1
GQ_4243	408-0	1
GQ_4244	408-0	1
GQ_4245	408-0	1
GQ_4246	408-0	1
GQ_4247	408-0	1
GQ_4248	408-0	1
GQ_4249	408-0	1
GQ_4250	408-0	1
GQ_4251	408-0	1
GQ_4252	408-0	1
GQ_4253	408-0	1
GQ_4254	408-0	1
GQ_4255	408-1	1
GQ_4256	408-1	1
GQ_4257	408-1	1
GQ_4258	408-1	1
GQ_4259	408-1	1
GQ_4260	409-0	1
GQ_4261	409-0	1
GQ_4262	409-0	1
GQ_4263	409-0	1
GQ_4264	409-0	1
GQ_4265	409-0	1
GQ_4266	409-0	1
GQ_4267	409-0	1
GQ_4268	409-0	1
GQ_4269	409-0	1
GQ_4270	409-0	1
GQ_4271	409-0	1
GQ_4272	409-0	1
GQ_4273	410-0	1
GQ_4274	410-0	1
GQ_4275	410-0	1
GQ_4276	410-0	1
GQ_4277	410-0	1
GQ_4278	410-0	1
GQ_4279	410-0	1
GQ_4280	410-0	1
GQ_4281	411-0	1
GQ_4282	411-0	1
GQ_4283	411-0	1
GQ_4284	411-0	1
GQ_4285	411-0	1
GQ_4286	411-0	1
GQ_4287	411-0	1
GQ_4288	411-0	1
GQ_4289	411-0	1
GQ_4290	412-0	1
GQ_4291	413-0	1
GQ_4292	413-0	1
GQ_4293	414-0	1
GQ_4294	414-0	1
GQ_4295	414-0	1
GQ_4296	414-0	1
GQ_4297	414-0	1
GQ_4298	414-0	1
GQ_4299	415-0	1
GQ_4300	415-0	1
GQ_4301	415-0	1
GQ_4302	416-0	1
GQ_4303	417-0	1
GQ_4304	417-0	1
GQ_4305	418-0	1
GQ_4306	418-0	1
GQ_4307	418-0	1
GQ_4308	419-0	1
GQ_4309	419-0	1
GQ_4310	419-0	1
GQ_4311	419-0	1
GQ_4312	419-0	1
GQ_4313	419-0	1
GQ_4314	420-0	1
GQ_4315	421-0	1
GQ_4316	422-0	1
GQ_4317	422-0	1
GQ_4318	422-0	1
GQ_4319	422-0	1
GQ_4320	422-0	1
GQ_4321	422-0	1
GQ_4322	422-0	1
GQ_4323	422-0	1
GQ_4324	422-0	1
GQ_4325	422-0	1
GQ_4326	422-0	1
GQ_4327	422-0	1
GQ_4328	422-0	1
GQ_4329	422-0	1
GQ_4330	422-0	1
GQ_4331	422-0	1
GQ_4332	422-0	1
GQ_4333	422-0	1
GQ_4334	422-0	1
GQ_4335	422-0	1
GQ_4336	422-0	1
GQ_4337	422-0	1
GQ_4338	422-1	1
GQ_4339	422-1	1
GQ_4340	422-1	1
GQ_4341	423-0	1
GQ_4342	423-0	1
GQ_4343	423-0	1
GQ_4344	423-0	1
GQ_4345	423-0	1
GQ_4346	423-0	1
GQ_4347	423-0	1
GQ_4348	423-0	1
GQ_4349	423-0	1
GQ_4350	423-0	1
GQ_4351	423-0	1
GQ_4352	423-0	1
GQ_4353	423-0	1
GQ_4354	423-0	1
GQ_4355	423-0	1
GQ_4356	423-0	1
GQ_4357	423-0	1
GQ_4358	423-1	1
GQ_4359	423-1	1
GQ_4360	424-0	1
GQ_4361	424-0	1
GQ_4362	424-0	1
GQ_4363	424-0	1
GQ_4364	424-0	1
GQ_4365	424-0	1
GQ_4366	424-0	1
GQ_4367	424-0	1
GQ_4368	424-0	1
GQ_4369	424-0	1
GQ_4370	424-0	1
GQ_4371	424-0	1
GQ_4372	424-0	1
GQ_4373	424-0	1
GQ_4374	424-0	1
GQ_4375	424-0	1
GQ_4376	424-0	1
GQ_4377	424-0	1
GQ_4378	424-0	1
GQ_4379	424-0	1
GQ_4380	424-1	1
GQ_4381	424-1	1
GQ_4382	424-1	1
GQ_4383	424-1	1
GQ_4384	424-1	1
GQ_4385	424-1	1
GQ_4386	424-1	1
GQ_4387	424-1	1
GQ_4388	424-1	1
GQ_4389	424-1	1
GQ_4390	424-1	1
GQ_4391	424-1	1
GQ_4392	424-1	1
GQ_4393	424-1	1
GQ_4394	424-1	1
GQ_4395	424-1	1
GQ_4396	424-1	1
GQ_4397	424-1	1
GQ_4398	424-2	1
GQ_4399	424-2	1
GQ_4400	424-2	1
GQ_4401	424-2	1
GQ_4402	424-2	1
GQ_4403	424-2	1
GQ_4404	424-2	1
GQ_4405	424-2	1
GQ_4406	424-2	1
GQ_4407	424-2	1
GQ_4408	424-2	1
GQ_4409	424-2	1
GQ_4410	424-2	1
GQ_4411	424-2	1
GQ_4412	424-2	1
GQ_4413	424-2	1
GQ_4414	424-2	1
GQ_4415	424-2	1
GQ_4416	425-0	1
GQ_4417	425-0	1
GQ_4418	425-0	1
GQ_4419	425-0	1
GQ_4420	425-0	1
GQ_4421	425-0	1
GQ_4422	425-0	1
GQ_4423	425-0	1
GQ_4424	425-0	1
GQ_4425	425-0	1
GQ_4426	425-0	1
GQ_4427	425-0	1
GQ_4428	425-0	1
GQ_4429	425-0	1
GQ_4430	425-0	1
GQ_4431	425-0	1
GQ_4432	425-0	1
GQ_4433	425-0	1
GQ_4434	425-0	1
GQ_4435	425-1	1
GQ_4436	425-1	1
GQ_4437	426-0	1
GQ_4438	426-0	1
GQ_4439	426-0	1
GQ_4440	426-0	1
GQ_4441	426-0	1
GQ_4442	426-0	1
GQ_4443	426-0	1
GQ_4444	426-0	1
GQ_4445	426-0	1
GQ_4446	426-0	1
GQ_4447	426-0	1
GQ_4448	426-0	1
GQ_4449	426-0	1
GQ_4450	426-0	1
GQ_4451	426-0	1
GQ_4452	427-0	1
GQ_4453	427-0	1
GQ_4454	427-0	1
GQ_4455	427-0	1
GQ_4456	427-0	1
GQ_4457	427-0	1
GQ_4458	427-0	1
GQ_4459	427-0	1
GQ_4460	427-0	1
GQ_4461	427-0	1
GQ_4462	427-0	1
GQ_4463	427-0	1
GQ_4464	427-0	1
GQ_4465	427-0	1
GQ_4466	427-0	1
GQ_4467	427-0	1
GQ_4468	427-0	1
GQ_4469	427-0	1
GQ_4470	427-0	1
GQ_4471	427-0	1
GQ_4472	427-0	1
GQ_4473	427-1	1
GQ_4474	427-1	1
GQ_4475	427-1	1
GQ_4476	427-1	1
GQ_4477	427-1	1
GQ_4478	427-1	1
GQ_4479	427-1	1
GQ_4480	427-1	1
GQ_4481	427-1	1
GQ_4482	427-1	1
GQ_4483	427-1	1
GQ_4484	427-1	1
GQ_4485	427-1	1
GQ_4486	427-1	1
GQ_4487	427-1	1
GQ_4488	427-1	1
GQ_4489	427-1	1
GQ_4490	427-1	1
GQ_4491	427-2	1
GQ_4492	427-2	1
GQ_4493	427-2	1
GQ_4494	427-2	1
GQ_4495	427-2	1
GQ_4496	427-2	1
GQ_4497	427-2	1
GQ_4498	427-2	1
GQ_4499	427-2	1
GQ_4500	427-2	1
GQ_4501	427-2	1
GQ_4502	427-2	1
GQ_4503	427-2	1
GQ_4504	427-2	1
GQ_4505	427-2	1
GQ_4506	427-2	1
GQ_4507	427-2	1
GQ_4508	427-2	1
GQ_4509	427-2	1
GQ_4510	427-3	1
GQ_4511	427-3	1
GQ_4512	427-3	1
GQ_4513	427-3	1
GQ_4514	427-3	1
GQ_4515	427-3	1
GQ_4516	427-3	1
GQ_4517	427-3	1
GQ_4518	427-3	1
GQ_4519	427-3	1
GQ_4520	427-3	1
GQ_4521	428-0	1
GQ_4522	428-0	1
GQ_4523	428-0	1
GQ_4524	428-0	1
GQ_4525	428-0	1
GQ_4526	428-0	1
GQ_4527	428-0	1
GQ_4528	428-0	1
GQ_4529	428-0	1
GQ_4530	428-0	1
GQ_4531	428-0	1
GQ_4532	428-0	1
GQ_4533	428-0	1
GQ_4534	428-0	1
GQ_4535	428-0	1
GQ_4536	428-0	1
GQ_4537	428-0	1
GQ_4538	428-0	1
GQ_4539	428-0	1
GQ_4540	428-0	1
GQ_4541	428-0	1
GQ_4542	428-0	1
GQ_4543	429-0	1
GQ_4544	429-0	1
GQ_4545	429-0	1
GQ_4546	429-0	1
GQ_4547	429-0	1
GQ_4548	429-0	1
GQ_4549	429-0	1
GQ_4550	429-0	1
GQ_4551	429-0	1
GQ_4552	429-0	1
GQ_4553	429-0	1
GQ_4554	429-0	1
GQ_4555	429-0	1
GQ_4556	429-0	1
GQ_4557	429-0	1
GQ_4558	429-0	1
GQ_4559	430-0	1
GQ_4560	430-0	1
GQ_4561	430-0	1
GQ_4562	430-0	1
GQ_4563	430-0	1
GQ_4564	430-0	1
GQ_4565	430-0	1
GQ_4566	430-0	1
GQ_4567	430-0	1
GQ_4568	430-0	1
GQ_4569	430-0	1
GQ_4570	430-0	1
GQ_4571	430-0	1
GQ_4572	430-0	1
GQ_4573	430-0	1
GQ_4574	430-0	1
GQ_4575	430-0	1
GQ_4576	430-0	1
GQ_4577	430-0	1
GQ_4578	430-0	1
GQ_4579	430-0	1
GQ_4580	430-0	1
GQ_4581	430-0	1
GQ_4582	430-0	1
GQ_4583	430-0	1
GQ_4584	430-1	1
GQ_4585	430-1	1
GQ_4586	430-1	1
GQ_4587	430-1	1
GQ_4588	430-1	1
GQ_4589	430-1	1
GQ_4590	430-1	1
GQ_4591	430-1	1
GQ_4592	430-1	1
GQ_4593	430-1	1
GQ_4594	430-1	1
GQ_4595	430-1	1
GQ_4596	430-1	1
GQ_4597	430-1	1
GQ_4598	430-1	1
GQ_4599	430-1	1
GQ_4600	430-1	1
GQ_4601	430-1	1
GQ_4602	430-1	1
GQ_4603	430-1	1
GQ_4604	430-1	1
GQ_4605	430-1	1
GQ_4606	430-1	1
GQ_4607	430-1	1
GQ_4608	430-2	1
GQ_4609	430-2	1
GQ_4610	430-2	1
GQ_4611	430-2	1
GQ_4612	430-2	1
GQ_4613	430-2	1
GQ_4614	430-2	1
GQ_4615	430-2	1
GQ_4616	430-2	1
GQ_4617	430-2	1
GQ_4618	430-2	1
GQ_4619	430-2	1
GQ_4620	430-2	1
GQ_4621	430-2	1
GQ_4622	430-2	1
GQ_4623	430-2	1
GQ_4624	430-2	1
GQ_4625	431-0	1
GQ_4626	431-0	1
GQ_4627	431-0	1
GQ_4628	431-0	1
GQ_4629	431-0	1
GQ_4630	431-0	1
GQ_4631	431-0	1
GQ_4632	431-0	1
GQ_4633	431-0	1
GQ_4634	431-0	1
GQ_4635	431-0	1
GQ_4636	431-0	1
GQ_4637	431-0	1
GQ_4638	431-0	1
GQ_4639	431-0	1
GQ_4640	431-0	1
GQ_4641	431-0	1
GQ_4642	431-0	1
GQ_4643	431-0	1
GQ_4644	431-0	1
GQ_4645	431-0	1
GQ_4646	431-0	1
GQ_4647	431-1	1
GQ_4648	431-1	1
GQ_4649	431-1	1
GQ_4650	431-1	1
GQ_4651	432-0	1
GQ_4652	432-0	1
GQ_4653	432-0	1
GQ_4654	432-0	1
GQ_4655	432-0	1
GQ_4656	432-0	1
GQ_4657	432-0	1
GQ_4658	432-0	1
GQ_4659	432-0	1
GQ_4660	432-0	1
GQ_4661	432-0	1
GQ_4662	432-0	1
GQ_4663	432-0	1
GQ_4664	432-0	1
GQ_4665	433-0	1
GQ_4666	433-0	1
GQ_4667	433-0	1
GQ_4668	433-0	1
GQ_4669	433-0	1
GQ_4670	433-0	1
GQ_4671	433-0	1
GQ_4672	433-0	1
GQ_4673	433-0	1
GQ_4674	433-0	1
GQ_4675	433-0	1
GQ_4676	433-0	1
GQ_4677	433-0	1
GQ_4678	433-0	1
GQ_4679	433-0	1
GQ_4680	433-0	1
GQ_4681	433-0	1
GQ_4682	433-0	1
GQ_4683	433-0	1
GQ_4684	433-0	1
GQ_4685	433-1	1
GQ_4686	433-1	1
GQ_4687	433-1	1
GQ_4688	433-1	1
GQ_4689	433-1	1
GQ_4690	433-1	1
GQ_4691	433-1	1
GQ_4692	433-1	1
GQ_4693	433-1	1
GQ_4694	433-1	1
GQ_4695	433-1	1
GQ_4696	433-1	1
GQ_4697	433-1	1
GQ_4698	433-1	1
GQ_4699	433-1	1
GQ_4700	433-1	1
GQ_4701	434-0	1
GQ_4702	434-0	1
GQ_4703	434-0	1
GQ_4704	434-0	1
GQ_4705	435-0	1
GQ_4706	435-0	1
GQ_4707	435-0	1
GQ_4708	435-0	1
GQ_4709	435-0	1
GQ_4710	436-0	1
GQ_4711	436-0	1
GQ_4712	436-0	1
GQ_4713	436-0	1
GQ_4714	436-0	1
GQ_4715	436-0	1
GQ_4716	436-0	1
GQ_4717	437-0	1
GQ_4718	437-0	1
GQ_4719	437-0	1
GQ_4720	437-0	1
GQ_4721	437-0	1
GQ_4722	437-0	1
GQ_4723	437-0	1
GQ_4724	437-0	1
GQ_4725	437-0	1
GQ_4726	437-0	1
GQ_4727	437-0	1
GQ_4728	437-0	1
GQ_4729	437-0	1
GQ_4730	437-0	1
GQ_4731	437-0	1
GQ_4732	437-0	1
GQ_4733	437-0	1
GQ_4734	437-0	1
GQ_4735	437-0	1
GQ_4736	437-0	1
GQ_4737	437-1	1
GQ_4738	438-0	1
GQ_4739	438-0	1
GQ_4740	438-0	1
GQ_4741	438-0	1
GQ_4742	438-0	1
GQ_4743	438-0	1
GQ_4744	438-0	1
GQ_4745	438-0	1
GQ_4746	438-0	1
GQ_4747	438-0	1
GQ_4748	438-0	1
GQ_4749	438-0	1
GQ_4750	438-0	1
GQ_4751	438-0	1
GQ_4752	438-0	1
GQ_4753	438-0	1
GQ_4754	438-0	1
GQ_4755	438-0	1
GQ_4756	438-0	1
GQ_4757	438-0	1
GQ_4758	438-0	1
GQ_4759	438-1	1
GQ_4760	438-1	1
GQ_4761	438-1	1
GQ_4762	438-1	1
GQ_4763	438-1	1
GQ_4764	438-1	1
GQ_4765	439-0	1
GQ_4766	439-0	1
GQ_4767	439-0	1
GQ_4768	439-0	1
GQ_4769	439-0	1
GQ_4770	439-0	1
GQ_4771	439-0	1
GQ_4772	439-0	1
GQ_4773	439-0	1
GQ_4774	439-0	1
GQ_4775	440-0	1
GQ_4776	440-0	1
GQ_4777	440-0	1
GQ_4778	440-0	1
GQ_4779	440-0	1
GQ_4780	440-0	1
GQ_4781	440-0	1
GQ_4782	441-0	1
GQ_4783	441-0	1
GQ_4784	441-0	1
GQ_4785	441-0	1
GQ_4786	441-0	1
GQ_4787	441-0	1
GQ_4788	441-0	1
GQ_4789	441-0	1
GQ_4790	441-0	1
GQ_4791	441-0	1
GQ_4792	441-0	1
GQ_4793	441-0	1
GQ_4794	441-0	1
GQ_4795	441-0	1
GQ_4796	441-0	1
GQ_4797	441-0	1
GQ_4798	441-0	1
GQ_4799	441-0	1
GQ_4800	442-0	1
GQ_4801	442-0	1
GQ_4802	442-0	1
GQ_4803	442-0	1
GQ_4804	442-0	1
GQ_4805	442-0	1
GQ_4806	442-0	1
GQ_4807	442-0	1
GQ_4808	442-0	1
GQ_4809	442-0	1
GQ_4810	442-0	1
GQ_4811	442-0	1
GQ_4812	442-0	1
GQ_4813	442-0	1
GQ_4814	442-0	1
GQ_4815	442-0	1
GQ_4816	442-0	1
GQ_4817	442-0	1
GQ_4818	442-0	1
GQ_4819	442-0	1
GQ_4820	443-0	1
GQ_4821	443-0	1
GQ_4822	443-0	1
GQ_4823	443-0	1
GQ_4824	443-0	1
GQ_4825	443-0	1
GQ_4826	443-0	1
GQ_4827	443-0	1
GQ_4828	443-0	1
GQ_4829	443-0	1
GQ_4830	443-0	1
GQ_4831	443-0	1
GQ_4832	443-0	1
GQ_4833	443-0	1
GQ_4834	443-0	1
GQ_4835	443-0	1
GQ_4836	443-0	1
GQ_4837	443-0	1
GQ_4838	443-0	1
GQ_4839	443-0	1
GQ_4840	443-0	1
GQ_4841	443-0	1
GQ_4842	443-0	1
GQ_4843	443-0	1
GQ_4844	443-0	1
GQ_4845	444-0	1
GQ_4846	444-0	1
GQ_4847	444-0	1
GQ_4848	444-0	1
GQ_4849	444-0	1
GQ_4850	444-0	1
GQ_4851	444-0	1
GQ_4852	444-0	1
GQ_4853	444-0	1
GQ_4854	444-0	1
GQ_4855	444-0	1
GQ_4856	444-0	1
GQ_4857	444-0	1
GQ_4858	444-0	1
GQ_4859	444-0	1
GQ_4860	444-0	1
GQ_4861	444-0	1
GQ_4862	444-0	1
GQ_4863	444-0	1
GQ_4864	444-0	1
GQ_4865	444-0	1
GQ_4866	444-0	1
GQ_4867	445-0	1
GQ_4868	445-0	1
GQ_4869	445-0	1
GQ_4870	445-0	1
GQ_4871	445-0	1
GQ_4872	445-0	1
GQ_4873	445-0	1
GQ_4874	445-0	1
GQ_4875	445-0	1
GQ_4876	445-0	1
GQ_4877	445-0	1
GQ_4878	445-0	1
GQ_4879	445-0	1
GQ_4880	445-0	1
GQ_4881	445-0	1
GQ_4882	445-0	1
GQ_4883	445-0	1
GQ_4884	445-0	1
GQ_4885	445-0	1
GQ_4886	445-0	1
GQ_4887	446-0	1
GQ_4888	446-0	1
GQ_4889	446-0	1
GQ_4890	446-0	1
GQ_4891	446-0	1
GQ_4892	446-0	1
GQ_4893	446-0	1
GQ_4894	446-0	1
GQ_4895	446-0	1
GQ_4896	446-0	1
GQ_4897	446-0	1
GQ_4898	446-0	1
GQ_4899	446-0	1
GQ_4900	446-0	1
GQ_4901	446-0	1
GQ_4902	446-0	1
GQ_4903	447-0	1
GQ_4904	447-0	1
GQ_4905	447-0	1
GQ_4906	447-0	1
GQ_4907	447-0	1
GQ_4908	447-0	1
GQ_4909	447-0	1
GQ_4910	447-0	1
GQ_4911	447-0	1
GQ_4912	447-0	1
GQ_4913	447-0	1
GQ_4914	447-0	1
GQ_4915	447-0	1
GQ_4916	447-0	1
GQ_4917	447-0	1
GQ_4918	448-0	1
GQ_4919	448-0	1
GQ_4920	448-0	1
GQ_4921	448-0	1
GQ_4922	448-0	1
GQ_4923	448-0	1
GQ_4924	448-0	1
GQ_4925	448-0	1
GQ_4926	448-0	1
GQ_4927	448-0	1
GQ_4928	448-0	1
GQ_4929	448-0	1
GQ_4930	448-0	1
GQ_4931	448-0	1
GQ_4932	448-0	1
GQ_4933	448-0	1
GQ_4934	448-0	1
GQ_4935	448-0	1
GQ_4936	448-0	1
GQ_4937	449-0	1
GQ_4938	449-0	1
GQ_4939	450-0	1
GQ_4940	451-0	1
GQ_4941	451-0	1
GQ_4942	451-0	1
GQ_4943	451-0	1
GQ_4944	451-0	1
GQ_4945	451-0	1
GQ_4946	451-0	1
GQ_4947	451-0	1
GQ_4948	451-0	1
GQ_4949	451-0	1
GQ_4950	451-0	1
GQ_4951	451-0	1
GQ_4952	451-0	1
GQ_4953	451-0	1
GQ_4954	451-0	1
GQ_4955	451-0	1
GQ_4956	451-0	1
GQ_4957	451-0	1
GQ_4958	451-0	1
GQ_4959	452-0	1
GQ_4960	452-0	1
GQ_4961	452-0	1
GQ_4962	452-0	1
GQ_4963	452-0	1
GQ_4964	453-0	1
GQ_4965	453-0	1
GQ_4966	453-0	1
GQ_4967	453-0	1
GQ_4968	453-0	1
GQ_4969	453-0	1
GQ_4970	454-0	1
GQ_4971	454-0	1
GQ_4972	454-0	1
GQ_4973	454-0	1
GQ_4974	455-0	1
GQ_4975	455-0	1
GQ_4976	455-0	1
GQ_4977	455-0	1
GQ_4978	455-0	1
GQ_4979	455-0	1
GQ_4980	455-0	1
GQ_4981	456-0	1
GQ_4982	456-0	1
GQ_4983	456-0	1
GQ_4984	456-0	1
GQ_4985	456-0	1
GQ_4986	456-0	1
GQ_4987	456-0	1
GQ_4988	456-0	1
GQ_4989	456-0	1
GQ_4990	456-0	1
GQ_4991	456-0	1
GQ_4992	457-0	1
GQ_4993	457-0	1
GQ_4994	457-0	1
GQ_4995	457-0	1
GQ_4996	457-0	1
GQ_4997	458-0	1
GQ_4998	458-0	1
GQ_4999	458-0	1
GQ_5000	459-0	1
GQ_5001	459-0	1
GQ_5002	459-0	1
GQ_5003	459-0	1
GQ_5004	460-0	1
GQ_5005	460-0	1
GQ_5006	461-0	1
GQ_5007	461-0	1
GQ_5008	462-0	1
GQ_5009	462-0	1
GQ_5010	462-0	1
GQ_5011	462-0	1
GQ_5012	462-0	1
GQ_5013	463-0	1
GQ_5014	463-0	1
GQ_5015	463-0	1
GQ_5016	463-0	1
GQ_5017	463-0	1
GQ_5018	463-0	1
GQ_5019	464-0	1
GQ_5020	465-0	1
GQ_5021	466-0	1
GQ_5022	466-0	1
GQ_5023	466-0	1
GQ_5024	466-0	1
GQ_5025	466-0	1
GQ_5026	467-0	1
GQ_5027	467-0	1
GQ_5028	467-0	1
GQ_5029	468-0	1
GQ_5030	468-0	1
GQ_5031	468-0	1
GQ_5032	468-0	1
GQ_5033	468-0	1
GQ_5034	468-0	1
GQ_5035	468-0	1
GQ_5036	468-0	1
GQ_5037	468-0	1
GQ_5038	469-0	1
GQ_5039	469-0	1
GQ_5040	469-0	1
GQ_5041	469-0	1
GQ_5042	469-0	1
GQ_5043	469-0	1
GQ_5044	469-0	1
GQ_5045	469-0	1
GQ_5046	470-0	1
GQ_5047	470-0	1
GQ_5048	470-0	1
GQ_5049	471-0	1
GQ_5050	471-0	1
GQ_5051	471-0	1
GQ_5052	471-0	1
GQ_5053	471-0	1
GQ_5054	471-0	1
GQ_5055	471-0	1
GQ_5056	471-0	1
GQ_5057	471-0	1
GQ_5058	471-0	1
GQ_5059	471-0	1
GQ_5060	471-0	1
GQ_5061	471-0	1
GQ_5062	471-0	1
GQ_5063	472-0	1
GQ_5064	472-0	1
GQ_5065	472-0	1
GQ_5066	472-0	1
GQ_5067	473-0	1
GQ_5068	473-0	1
GQ_5069	473-0	1
GQ_5070	474-0	1
GQ_5071	474-0	1
GQ_5072	474-0	1
GQ_5073	474-0	1
GQ_5074	474-0	1
GQ_5075	474-0	1
GQ_5076	474-0	1
GQ_5077	475-0	1
GQ_5078	475-0	1
GQ_5079	475-0	1
GQ_5080	475-0	1
GQ_5081	475-0	1
GQ_5082	475-0	1
GQ_5083	475-0	1
GQ_5084	475-0	1
GQ_5085	475-0	1
GQ_5086	475-0	1
GQ_5087	475-0	1
GQ_5088	475-0	1
GQ_5089	475-0	1
GQ_5090	475-0	1
GQ_5091	475-0	1
GQ_5092	476-0	1
GQ_5093	476-0	1
GQ_5094	476-0	1
GQ_5095	476-0	1
GQ_5096	476-0	1
GQ_5097	476-0	1
GQ_5098	476-0	1
GQ_5099	476-0	1
GQ_5100	476-0	1
GQ_5101	476-0	1
GQ_5102	476-0	1
GQ_5103	476-0	1
GQ_5104	476-0	1
GQ_5105	476-0	1
GQ_5106	476-0	1
GQ_5107	476-0	1
GQ_5108	476-0	1
GQ_5109	476-0	1
GQ_5110	476-0	1
GQ_5111	476-0	1
GQ_5112	476-0	1
GQ_5113	476-0	1
GQ_5114	476-0	1
GQ_5115	476-0	1
GQ_5116	476-0	1
GQ_5117	476-0	1
GQ_5118	476-1	1
GQ_5119	476-1	1
GQ_5120	476-1	1
GQ_5121	476-1	1
GQ_5122	476-1	1
GQ_5123	476-1	1
GQ_5124	476-1	1
GQ_5125	476-1	1
GQ_5126	476-1	1
GQ_5127	477-0	1
GQ_5128	477-0	1
GQ_5129	478-0	1
GQ_5130	479-0	1
GQ_5131	479-0	1
GQ_5132	479-0	1
GQ_5133	479-0	1
GQ_5134	479-0	1
GQ_5135	479-0	1
GQ_5136	479-0	1
GQ_5137	479-0	1
GQ_5138	479-0	1
GQ_5139	479-0	1
GQ_5140	479-0	1
GQ_5141	479-0	1
GQ_5142	479-0	1
GQ_5143	479-0	1
GQ_5144	479-0	1
GQ_5145	479-0	1
GQ_5146	479-0	1
GQ_5147	479-0	1
GQ_5148	479-0	1
GQ_5149	479-0	1
GQ_5150	479-0	1
GQ_5151	479-0	1
GQ_5152	480-0	1
GQ_5153	480-0	1
GQ_5154	480-0	1
GQ_5155	480-0	1
GQ_5156	480-0	1
GQ_5157	480-0	1
GQ_5158	480-0	1
GQ_5159	480-0	1
GQ_5160	480-0	1
GQ_5161	480-0	1
GQ_5162	480-0	1
GQ_5163	480-0	1
GQ_5164	480-0	1
GQ_5165	480-0	1
GQ_5166	480-0	1
GQ_5167	480-0	1
GQ_5168	480-0	1
GQ_5169	480-0	1
GQ_5170	481-0	1
GQ_5171	481-0	1
GQ_5172	481-0	1
GQ_5173	481-0	1
GQ_5174	481-0	1
GQ_5175	481-0	1
GQ_5176	481-0	1
GQ_5177	481-0	1
GQ_5178	481-0	1
GQ_5179	481-0	1
GQ_5180	481-0	1
GQ_5181	481-0	1
GQ_5182	481-0	1
GQ_5183	481-0	1
GQ_5184	481-0	1
GQ_5185	481-0	1
GQ_5186	481-0	1
GQ_5187	481-0	1
GQ_5188	481-0	1
GQ_5189	481-0	1
GQ_5190	481-0	1
GQ_5191	481-0	1
GQ_5192	481-0	1
GQ_5193	481-0	1
GQ_5194	481-1	1
GQ_5195	481-1	1
GQ_5196	481-1	1
GQ_5197	481-1	1
GQ_5198	481-1	1
GQ_5199	482-0	1
GQ_5200	482-0	1
GQ_5201	482-0	1
GQ_5202	482-0	1
GQ_5203	482-0	1
GQ_5204	482-0	1
GQ_5205	482-0	1
GQ_5206	482-0	1
GQ_5207	482-0	1
GQ_5208	482-0	1
GQ_5209	482-0	1
GQ_5210	482-0	1
GQ_5211	482-0	1
GQ_5212	482-0	1
GQ_5213	482-0	1
GQ_5214	482-0	1
GQ_5215	482-0	1
GQ_5216	482-0	1
GQ_5217	482-0	1
GQ_5218	482-0	1
GQ_5219	482-0	1
GQ_5220	483-0	1
GQ_5221	483-0	1
GQ_5222	483-0	1
GQ_5223	483-0	1
GQ_5224	483-0	1
GQ_5225	483-0	1
GQ_5226	483-0	1
GQ_5227	483-0	1
GQ_5228	483-0	1
GQ_5229	483-0	1
GQ_5230	483-0	1
GQ_5231	483-0	1
GQ_5232	483-0	1
GQ_5233	483-0	1
GQ_5234	483-0	1
GQ_5235	483-0	1
GQ_5236	483-0	1
GQ_5237	483-0	1
GQ_5238	484-0	1
GQ_5239	484-0	1
GQ_5240	484-0	1
GQ_5241	484-0	1
GQ_5242	484-0	1
GQ_5243	484-0	1
GQ_5244	484-0	1
GQ_5245	484-0	1
GQ_5246	485-0	1
GQ_5247	485-0	1
GQ_5248	486-0	1
GQ_5249	486-0	1
GQ_5250	486-0	1
GQ_5251	486-0	1
GQ_5252	486-0	1
GQ_5253	486-0	1
GQ_5254	486-0	1
GQ_5255	486-0	1
GQ_5256	486-0	1
GQ_5257	486-0	1
GQ_5258	486-0	1
GQ_5259	486-0	1
GQ_5260	486-0	1
GQ_5261	486-0	1
GQ_5262	486-0	1
GQ_5263	487-0	1
GQ_5264	487-0	1
GQ_5265	487-0	1
GQ_5266	487-0	1
GQ_5267	487-0	1
GQ_5268	487-0	1
GQ_5269	487-0	1
GQ_5270	487-0	1
GQ_5271	488-0	1
GQ_5272	488-0	1
GQ_5273	488-0	1
GQ_5274	489-0	1
GQ_5275	489-0	1
GQ_5276	490-0	1
GQ_5277	490-0	1
GQ_5278	490-0	1
GQ_5279	490-0	1
GQ_5280	490-0	1
GQ_5281	490-0	1
GQ_5282	490-0	1
GQ_5283	490-0	1
GQ_5284	490-0	1
GQ_5285	491-0	1
GQ_5286	491-0	1
GQ_5287	491-0	1
GQ_5288	491-0	1
GQ_5289	491-0	1
GQ_5290	491-0	1
GQ_5291	491-0	1
GQ_5292	491-0	1
GQ_5293	491-0	1
GQ_5294	491-0	1
GQ_5295	491-0	1
GQ_5296	491-0	1
GQ_5297	491-0	1
GQ_5298	491-0	1
GQ_5299	491-0	1
GQ_5300	491-0	1
GQ_5301	491-0	1
GQ_5302	492-0	1
GQ_5303	492-0	1
GQ_5304	492-0	1
GQ_5305	492-0	1
GQ_5306	492-0	1
GQ_5307	492-0	1
GQ_5308	492-0	1
GQ_5309	492-0	1
GQ_5310	492-0	1
GQ_5311	492-0	1
GQ_5312	492-0	1
GQ_5313	492-0	1
GQ_5314	492-0	1
GQ_5315	492-0	1
GQ_5316	492-0	1
GQ_5317	492-0	1
GQ_5318	492-0	1
GQ_5319	492-0	1
GQ_5320	493-0	1
GQ_5321	493-0	1
GQ_5322	493-0	1
GQ_5323	493-0	1
GQ_5324	493-0	1
GQ_5325	494-0	1
GQ_5326	494-0	1
GQ_5327	494-0	1
GQ_5328	494-0	1
GQ_5329	494-0	1
GQ_5330	494-0	1
GQ_5331	494-0	1
GQ_5332	494-0	1
GQ_5333	494-0	1
GQ_5334	494-0	1
GQ_5335	494-0	1
GQ_5336	494-0	1
GQ_5337	494-0	1
GQ_5338	494-0	1
GQ_5339	494-0	1
GQ_5340	494-0	1
GQ_5341	494-0	1
GQ_5342	494-0	1
GQ_5343	494-0	1
GQ_5344	494-0	1
GQ_5345	494-0	1
GQ_5346	494-1	1
GQ_5347	495-0	1
GQ_5348	495-0	1
GQ_5349	495-0	1
GQ_5350	495-0	1
GQ_5351	495-0	1
GQ_5352	495-0	1
GQ_5353	495-0	1
GQ_5354	495-0	1
GQ_5355	495-0	1
GQ_5356	495-0	1
GQ_5357	496-0	1
GQ_5358	496-0	1
GQ_5359	496-0	1
GQ_5360	496-0	1
GQ_5361	496-0	1
GQ_5362	497-0	1
GQ_5363	497-0	1
GQ_5364	497-0	1
GQ_5365	497-0	1
GQ_5366	497-0	1
GQ_5367	497-0	1
GQ_5368	497-0	1
GQ_5369	497-0	1
GQ_5370	497-0	1
GQ_5371	497-0	1
GQ_5372	497-0	1
GQ_5373	497-0	1
GQ_5374	497-0	1
GQ_5375	497-0	1
GQ_5376	497-0	1
GQ_5377	497-0	1
GQ_5378	497-0	1
GQ_5379	497-0	1
GQ_5380	497-0	1
GQ_5381	497-0	1
GQ_5382	497-0	1
GQ_5383	497-0	1
GQ_5384	497-0	1
GQ_5385	497-0	1
GQ_5386	497-0	1
GQ_5387	497-0	1
GQ_5388	497-1	1
GQ_5389	497-1	1
GQ_5390	497-1	1
GQ_5391	497-1	1
GQ_5392	497-1	1
GQ_5393	497-1	1
GQ_5394	497-1	1
GQ_5395	497-1	1
GQ_5396	497-1	1
GQ_5397	497-1	1
GQ_5398	497-1	1
GQ_5399	497-1	1
GQ_5400	497-1	1
GQ_5401	497-1	1
GQ_5402	497-1	1
GQ_5403	497-1	1
GQ_5404	497-1	1
GQ_5405	497-1	1
GQ_5406	497-1	1
GQ_5407	497-1	1
GQ_5408	497-1	1
GQ_5409	497-1	1
GQ_5410	497-1	1
GQ_5411	497-1	1
GQ_5412	498-0	1
GQ_5413	498-0	1
GQ_5414	498-0	1
GQ_5415	499-0	1
GQ_5416	499-0	1
GQ_5417	499-0	1
GQ_5418	500-0	1
GQ_5419	500-0	1
GQ_5420	500-0	1
GQ_5421	500-0	1
GQ_5422	501-0	1
GQ_5423	501-0	1
GQ_5424	501-0	1
GQ_5425	501-0	1
GQ_5426	501-0	1
GQ_5427	502-0	1
GQ_5428	502-0	1
GQ_5429	502-0	1
GQ_5430	502-0	1
GQ_5431	502-0	1
GQ_5432	502-0	1
GQ_5433	502-0	1
GQ_5434	503-0	1
GQ_5435	503-0	1
GQ_5436	503-0	1
GQ_5437	504-0	1
GQ_5438	505-0	1
GQ_5439	505-0	1
GQ_5440	506-0	1
GQ_5441	506-0	1
GQ_5442	507-0	1
GQ_5443	507-0	1
GQ_5444	508-0	1
GQ_5445	508-0	1
GQ_5446	508-0	1
GQ_5447	508-0	1
GQ_5448	509-0	1
GQ_5449	509-0	1
GQ_5450	509-0	1
GQ_5451	510-0	1
GQ_5452	510-0	1
GQ_5453	510-0	1
GQ_5454	510-0	1
GQ_5455	510-0	1
GQ_5456	511-0	1
GQ_5457	511-0	1
GQ_5458	511-0	1
GQ_5459	511-0	1
GQ_5460	512-0	1
GQ_5461	512-0	1
GQ_5462	512-0	1
GQ_5463	512-0	1
GQ_5464	512-0	1
GQ_5465	512-0	1
GQ_5466	512-0	1
GQ_5467	512-0	1
GQ_5468	512-0	1
GQ_5469	512-0	1
GQ_5470	512-0	1
GQ_5471	512-0	1
GQ_5472	512-0	1
GQ_5473	512-0	1
GQ_5474	512-0	1
GQ_5475	512-0	1
GQ_5476	512-0	1
GQ_5477	512-0	1
GQ_5478	512-0	1
GQ_5479	513-0	1
GQ_5480	513-0	1
GQ_5481	513-0	1
GQ_5482	513-0	1
GQ_5483	513-0	1
GQ_5484	514-0	1
GQ_5485	514-0	1
GQ_5486	514-0	1
GQ_5487	514-0	1
GQ_5488	514-0	1
GQ_5489	514-0	1
GQ_5490	514-0	1
GQ_5491	514-0	1
GQ_5492	514-0	1
GQ_5493	515-0	1
GQ_5494	515-0	1
GQ_5495	515-0	1
GQ_5496	515-0	1
GQ_5497	515-0	1
GQ_5498	515-0	1
GQ_5499	515-0	1
GQ_5500	515-0	1
GQ_5501	515-0	1
GQ_5502	515-0	1
GQ_5503	515-0	1
GQ_5504	515-0	1
GQ_5505	516-0	1
GQ_5506	516-0	1
GQ_5507	516-0	1
GQ_5508	516-0	1
GQ_5509	516-0	1
GQ_5510	516-0	1
GQ_5511	516-0	1
GQ_5512	516-0	1
GQ_5513	516-0	1
GQ_5514	516-0	1
GQ_5515	516-0	1
GQ_5516	516-0	1
GQ_5517	516-0	1
GQ_5518	516-0	1
GQ_5519	517-0	1
GQ_5520	517-0	1
GQ_5521	517-0	1
GQ_5522	517-0	1
GQ_5523	517-0	1
GQ_5524	517-0	1
GQ_5525	517-0	1
GQ_5526	517-0	1
GQ_5527	517-0	1
GQ_5528	517-0	1
GQ_5529	517-0	1
GQ_5530	517-0	1
GQ_5531	517-0	1
GQ_5532	517-0	1
GQ_5533	517-0	1
GQ_5534	517-0	1
GQ_5535	518-0	1
GQ_5536	518-0	1
GQ_5537	518-0	1
GQ_5538	518-0	1
GQ_5539	518-0	1
GQ_5540	518-0	1
GQ_5541	518-0	1
GQ_5542	518-0	1
GQ_5543	518-0	1
GQ_5544	518-0	1
GQ_5545	518-0	1
GQ_5546	518-0	1
GQ_5547	518-0	1
GQ_5548	518-0	1
GQ_5549	518-0	1
GQ_5550	518-1	1
GQ_5551	518-1	1
GQ_5552	519-0	1
GQ_5553	519-0	1
GQ_5554	519-0	1
GQ_5555	519-0	1
GQ_5556	519-0	1
GQ_5557	519-0	1
GQ_5558	519-0	1
GQ_5559	520-0	1
GQ_5560	520-0	1
GQ_5561	520-0	1
GQ_5562	520-0	1
GQ_5563	520-0	1
GQ_5564	520-0	1
GQ_5565	520-0	1
GQ_5566	520-0	1
GQ_5567	520-0	1
GQ_5568	520-0	1
GQ_5569	520-0	1
GQ_5570	520-0	1
GQ_5571	520-0	1
GQ_5572	520-0	1
GQ_5573	520-0	1
GQ_5574	520-0	1
GQ_5575	520-0	1
GQ_5576	520-0	1
GQ_5577	520-0	1
GQ_5578	521-0	1
GQ_5579	521-0	1
GQ_5580	521-0	1
GQ_5581	521-0	1
GQ_5582	521-0	1
GQ_5583	521-0	1
GQ_5584	521-0	1
GQ_5585	521-0	1
GQ_5586	521-0	1
GQ_5587	521-0	1
GQ_5588	521-0	1
GQ_5589	521-0	1
GQ_5590	521-0	1
GQ_5591	521-0	1
GQ_5592	521-0	1
GQ_5593	522-0	1
GQ_5594	522-0	1
GQ_5595	522-0	1
GQ_5596	522-0	1
GQ_5597	522-0	1
GQ_5598	522-0	1
GQ_5599	522-0	1
GQ_5600	523-0	1
GQ_5601	523-0	1
GQ_5602	523-0	1
GQ_5603	523-0	1
GQ_5604	523-0	1
GQ_5605	523-0	1
GQ_5606	524-0	1
GQ_5607	524-0	1
GQ_5608	524-0	1
GQ_5609	524-0	1
GQ_5610	524-0	1
GQ_5611	524-0	1
GQ_5612	524-0	1
GQ_5613	524-0	1
GQ_5614	525-0	1
GQ_5615	525-0	1
GQ_5616	525-0	1
GQ_5617	525-0	1
GQ_5618	525-0	1
GQ_5619	525-0	1
GQ_5620	525-0	1
GQ_5621	525-0	1
GQ_5622	525-0	1
GQ_5623	525-0	1
GQ_5624	525-0	1
GQ_5625	525-0	1
GQ_5626	525-0	1
GQ_5627	526-0	1
GQ_5628	526-0	1
GQ_5629	526-0	1
GQ_5630	526-0	1
GQ_5631	526-0	1
GQ_5632	526-0	1
GQ_5633	526-0	1
GQ_5634	526-0	1
GQ_5635	526-0	1
GQ_5636	526-0	1
GQ_5637	526-0	1
GQ_5638	526-0	1
GQ_5639	526-0	1
GQ_5640	526-0	1
GQ_5641	526-0	1
GQ_5642	526-0	1
GQ_5643	526-0	1
GQ_5644	526-0	1
GQ_5645	526-1	1
GQ_5646	526-1	1
GQ_5647	527-0	1
GQ_5648	527-0	1
GQ_5649	527-0	1
GQ_5650	527-0	1
GQ_5651	527-0	1
GQ_5652	527-0	1
GQ_5653	527-0	1
GQ_5654	527-0	1
GQ_5655	527-0	1
GQ_5656	527-0	1
GQ_5657	527-0	1
GQ_5658	527-0	1
GQ_5659	527-0	1
GQ_5660	527-0	1
GQ_5661	527-0	1
GQ_5662	527-1	1
GQ_5663	527-1	1
GQ_5664	527-1	1
GQ_5665	527-1	1
GQ_5666	528-0	1
GQ_5667	529-0	1
GQ_5668	529-0	1
GQ_5669	529-0	1
GQ_5670	529-0	1
GQ_5671	529-0	1
GQ_5672	529-0	1
GQ_5673	530-0	1
GQ_5674	531-0	1
GQ_5675	531-0	1
GQ_5676	531-0	1
GQ_5677	531-0	1
GQ_5678	531-0	1
GQ_5679	531-0	1
GQ_5680	531-0	1
GQ_5681	532-0	1
GQ_5682	532-0	1
GQ_5683	532-0	1
GQ_5684	532-0	1
GQ_5685	533-0	1
GQ_5686	533-0	1
GQ_5687	533-0	1
GQ_5688	533-0	1
GQ_5689	533-0	1
GQ_5690	533-0	1
GQ_5691	533-0	1
GQ_5692	533-0	1
GQ_5693	533-0	1
GQ_5694	533-0	1
GQ_5695	533-0	1
GQ_5696	533-0	1
GQ_5697	533-0	1
GQ_5698	533-0	1
GQ_5699	533-0	1
GQ_5700	533-0	1
GQ_5701	533-0	1
GQ_5702	533-0	1
GQ_5703	534-0	1
GQ_5704	534-0	1
GQ_5705	534-0	1
GQ_5706	534-0	1
GQ_5707	534-0	1
GQ_5708	534-0	1
GQ_5709	534-0	1
GQ_5710	534-0	1
GQ_5711	535-0	1
GQ_5712	535-0	1
GQ_5713	536-0	1
GQ_5714	536-0	1
GQ_5715	536-0	1
GQ_5716	536-0	1
GQ_5717	536-0	1
GQ_5718	536-0	1
GQ_5719	536-0	1
GQ_5720	537-0	1
GQ_5721	537-0	1
GQ_5722	537-0	1
GQ_5723	537-0	1
GQ_5724	537-0	1
GQ_5725	537-0	1
GQ_5726	537-0	1
GQ_5727	537-0	1
GQ_5728	537-0	1
GQ_5729	537-0	1
GQ_5730	537-0	1
GQ_5731	537-0	1
GQ_5732	537-0	1
GQ_5733	537-0	1
GQ_5734	537-0	1
GQ_5735	537-0	1
GQ_5736	537-0	1
GQ_5737	538-0	1
GQ_5738	538-0	1
GQ_5739	539-0	1
GQ_5740	539-0	1
GQ_5741	539-0	1
GQ_5742	540-0	1
GQ_5743	540-0	1
GQ_5744	540-0	1
